customer_id,age_group,city,preferred_cuisine,dietary_preference,signup_date
1,35-44,Tel Aviv,Vegan,gluten_free,2025-09-12
2,55+,Eilat,Greek,halal,2024-10-14
3,45-54,Netanya,Steakhouse,kosher,2025-08-30
4,55+,Rehovot,Vegan,halal,2023-12-07
5,45-54,Rehovot,Steakhouse,gluten_free,2024-04-12
6,25-34,Ramat Gan,Pizza,kosher,2023-06-20
7,45-54,Netanya,Asian,vegetarian,2025-06-30
8,25-34,Netanya,Steakhouse,halal,2024-02-14
9,18-24,Tel Aviv,Japanese,vegan,2025-08-28
10,25-34,Rishon LeZion,Seafood,none,2023-09-02
11,55+,Jerusalem,Mexican,kosher,2024-11-01
12,25-34,Netanya,Israeli,halal,2023-02-15
13,55+,Tel Aviv,Vegan,vegan,2025-07-18
14,18-24,Haifa,Pizza,low_carb,2024-11-02
15,18-24,Ramat Gan,Cafe,vegan,2024-03-25
16,25-34,Ashdod,Vegan,halal,2024-07-10
17,45-54,Jerusalem,Steakhouse,vegetarian,2024-12-26
18,35-44,Eilat,Greek,kosher,2024-04-28
19,45-54,Petah Tikva,Thai,vegetarian,2023-09-29
20,25-34,Ashdod,Greek,vegetarian,2024-12-13
21,35-44,Kfar Saba,Sushi,none,2023-06-09
22,55+,Givatayim,Indian,gluten_free,2025-07-04
23,45-54,Tel Aviv,Steakhouse,halal,2025-09-07
24,18-24,Beer Sheva,Cafe,gluten_free,2024-03-02
25,18-24,Beer Sheva,Italian,vegan,2024-03-06
26,45-54,Tel Aviv,Steakhouse,vegetarian,2025-04-05
27,18-24,Eilat,Greek,none,2024-08-07
28,18-24,Holon,Mexican,halal,2024-04-04
29,55+,Kfar Saba,Mediterranean,low_carb,2025-03-26
30,45-54,Givatayim,Mexican,low_carb,2025-01-26
31,25-34,Givatayim,Burger,none,2025-04-19
32,18-24,Tel Aviv,Asian,low_carb,2024-04-10
33,45-54,Holon,Steakhouse,halal,2025-09-07
34,45-54,Herzliya,Mexican,vegetarian,2024-08-05
35,55+,Beer Sheva,Israeli,vegan,2023-12-29
36,35-44,Tel Aviv,Steakhouse,vegan,2024-02-21
37,45-54,Petah Tikva,Seafood,none,2025-08-20
38,18-24,Rishon LeZion,Mexican,kosher,2023-06-15
39,55+,Netanya,Seafood,vegan,2025-06-11
40,35-44,Rehovot,Italian,vegetarian,2024-04-06
41,55+,Kfar Saba,Steakhouse,low_carb,2023-04-02
42,25-34,Tel Aviv,Cafe,vegan,2024-07-15
43,35-44,Ashdod,Cafe,gluten_free,2024-12-17
44,35-44,Netanya,Mediterranean,none,2025-09-10
45,18-24,Kfar Saba,Italian,halal,2023-10-18
46,55+,Netanya,Asian,vegan,2023-02-18
47,45-54,Ramat Gan,Japanese,kosher,2023-02-26
48,35-44,Haifa,Vegan,none,2024-08-21
49,25-34,Haifa,Burger,gluten_free,2024-11-11
50,25-34,Petah Tikva,Vegan,vegetarian,2023-10-15
51,25-34,Jerusalem,Thai,vegetarian,2024-06-09
52,25-34,Eilat,Pizza,low_carb,2025-03-12
53,18-24,Haifa,Mediterranean,kosher,2023-02-28
54,55+,Tel Aviv,Italian,halal,2025-02-10
55,25-34,Ashdod,Steakhouse,vegan,2024-05-07
56,45-54,Haifa,Japanese,none,2024-08-16
57,25-34,Haifa,Vegan,vegan,2023-03-22
58,55+,Tel Aviv,Indian,low_carb,2023-01-08
59,35-44,Netanya,Sushi,kosher,2024-10-26
60,18-24,Herzliya,Steakhouse,low_carb,2023-08-12
61,35-44,Rishon LeZion,Greek,vegetarian,2023-03-02
62,55+,Beer Sheva,Indian,none,2023-09-28
63,35-44,Kfar Saba,Italian,vegetarian,2023-10-16
64,35-44,Jerusalem,Mexican,low_carb,2024-04-18
65,18-24,Netanya,Steakhouse,none,2023-03-10
66,35-44,Netanya,Indian,low_carb,2024-04-10
67,25-34,Tel Aviv,Asian,vegan,2024-08-30
68,45-54,Netanya,Mediterranean,low_carb,2024-06-21
69,45-54,Jerusalem,Greek,vegan,2025-07-09
70,18-24,Holon,Israeli,vegan,2025-09-05
71,55+,Eilat,Japanese,gluten_free,2023-03-29
72,55+,Ramat Gan,Seafood,low_carb,2023-04-24
73,45-54,Ashdod,Japanese,vegetarian,2024-04-22
74,55+,Netanya,Mexican,none,2024-01-11
75,25-34,Kfar Saba,Israeli,kosher,2023-03-11
76,55+,Tel Aviv,Thai,gluten_free,2023-02-12
77,25-34,Herzliya,Mediterranean,none,2024-05-25
78,25-34,Haifa,Sushi,gluten_free,2025-09-07
79,45-54,Kfar Saba,Seafood,low_carb,2025-09-09
80,25-34,Petah Tikva,Japanese,vegan,2024-02-28
81,35-44,Ashdod,Israeli,halal,2023-06-25
82,45-54,Eilat,Vegan,low_carb,2023-10-13
83,35-44,Jerusalem,Indian,vegan,2023-11-01
84,25-34,Netanya,Asian,gluten_free,2025-08-23
85,55+,Rehovot,Thai,vegan,2025-09-17
86,25-34,Holon,Asian,vegetarian,2024-07-25
87,55+,Netanya,Cafe,halal,2023-12-09
88,45-54,Eilat,Indian,vegan,2023-11-29
89,25-34,Herzliya,Japanese,vegan,2024-05-27
90,35-44,Jerusalem,Pizza,halal,2025-08-29
91,18-24,Herzliya,Greek,vegan,2025-04-19
92,25-34,Netanya,Vegan,low_carb,2024-10-15
93,55+,Rishon LeZion,Vegan,kosher,2025-03-12
94,25-34,Rehovot,Indian,low_carb,2024-10-15
95,35-44,Kfar Saba,Pizza,none,2024-03-28
96,45-54,Tel Aviv,Cafe,none,2024-12-05
97,18-24,Ramat Gan,Vegan,kosher,2024-12-21
98,18-24,Netanya,Italian,low_carb,2023-09-07
99,18-24,Ashdod,Cafe,vegetarian,2024-09-22
100,25-34,Rehovot,Japanese,vegan,2024-04-17
101,35-44,Ashdod,Pizza,halal,2023-01-31
102,35-44,Ramat Gan,Mexican,halal,2023-07-03
103,18-24,Holon,Sushi,halal,2025-06-16
104,25-34,Tel Aviv,Thai,halal,2023-07-03
105,55+,Kfar Saba,Steakhouse,kosher,2024-03-17
106,55+,Kfar Saba,Thai,none,2024-09-22
107,45-54,Eilat,Indian,gluten_free,2025-07-31
108,25-34,Eilat,Thai,halal,2025-03-12
109,55+,Haifa,Israeli,low_carb,2023-05-17
110,55+,Haifa,Israeli,kosher,2024-06-13
111,55+,Ashdod,Vegan,none,2025-09-09
112,35-44,Petah Tikva,Burger,none,2024-05-02
113,25-34,Givatayim,Greek,vegetarian,2023-10-20
114,35-44,Eilat,Pizza,none,2023-11-19
115,55+,Herzliya,Steakhouse,none,2024-06-20
116,35-44,Ashdod,Sushi,low_carb,2023-05-27
117,18-24,Holon,Asian,vegan,2023-02-09
118,45-54,Eilat,Steakhouse,halal,2025-05-14
119,35-44,Ramat Gan,Greek,vegetarian,2023-08-08
120,45-54,Tel Aviv,Vegan,halal,2023-10-03
121,25-34,Petah Tikva,Cafe,kosher,2025-03-25
122,55+,Rishon LeZion,Indian,low_carb,2025-02-24
123,45-54,Herzliya,Pizza,vegan,2023-01-24
124,45-54,Netanya,Burger,gluten_free,2025-05-22
125,55+,Herzliya,Indian,gluten_free,2025-07-23
126,35-44,Beer Sheva,Steakhouse,none,2025-04-27
127,35-44,Rishon LeZion,Indian,low_carb,2023-01-30
128,25-34,Rishon LeZion,Israeli,vegan,2025-03-29
129,18-24,Givatayim,Indian,kosher,2023-04-23
130,45-54,Holon,Thai,gluten_free,2025-05-11
131,25-34,Jerusalem,Indian,halal,2025-03-26
132,25-34,Herzliya,Mexican,kosher,2023-03-19
133,45-54,Jerusalem,Israeli,halal,2024-09-04
134,55+,Netanya,Thai,kosher,2025-04-21
135,35-44,Eilat,Burger,vegetarian,2024-07-14
136,25-34,Eilat,Cafe,vegetarian,2023-01-04
137,18-24,Holon,Mexican,none,2023-01-23
138,55+,Petah Tikva,Israeli,none,2023-10-14
139,45-54,Holon,Steakhouse,low_carb,2024-04-16
140,25-34,Haifa,Thai,kosher,2023-01-17
141,18-24,Kfar Saba,Thai,halal,2025-02-16
142,45-54,Netanya,Vegan,vegan,2024-10-01
143,35-44,Haifa,Pizza,low_carb,2025-01-10
144,25-34,Ramat Gan,Pizza,vegetarian,2025-05-24
145,35-44,Netanya,Mediterranean,vegetarian,2024-07-03
146,35-44,Holon,Italian,low_carb,2024-03-08
147,45-54,Herzliya,Pizza,vegetarian,2023-02-08
148,45-54,Herzliya,Greek,gluten_free,2024-08-17
149,25-34,Netanya,Sushi,vegan,2025-01-08
150,25-34,Eilat,Indian,kosher,2025-06-29
151,25-34,Ramat Gan,Seafood,gluten_free,2023-04-03
152,25-34,Jerusalem,Burger,low_carb,2024-12-15
153,18-24,Ramat Gan,Italian,gluten_free,2025-03-12
154,18-24,Beer Sheva,Seafood,kosher,2024-06-27
155,35-44,Kfar Saba,Asian,none,2024-12-11
156,55+,Netanya,Pizza,none,2024-08-20
157,35-44,Kfar Saba,Vegan,kosher,2023-08-01
158,45-54,Herzliya,Seafood,vegan,2023-05-03
159,35-44,Rehovot,Asian,halal,2023-06-14
160,25-34,Givatayim,Cafe,low_carb,2025-03-06
161,45-54,Eilat,Israeli,kosher,2024-09-10
162,18-24,Eilat,Thai,vegetarian,2024-04-28
163,45-54,Eilat,Vegan,halal,2023-12-21
164,55+,Kfar Saba,Italian,low_carb,2025-02-01
165,55+,Rehovot,Greek,vegetarian,2025-03-31
166,45-54,Ramat Gan,Vegan,vegan,2025-03-28
167,35-44,Kfar Saba,Steakhouse,low_carb,2023-09-30
168,25-34,Eilat,Vegan,low_carb,2025-04-23
169,45-54,Rishon LeZion,Burger,low_carb,2023-10-23
170,35-44,Holon,Sushi,halal,2023-06-16
171,55+,Netanya,Seafood,vegan,2025-07-09
172,25-34,Kfar Saba,Indian,kosher,2024-12-08
173,55+,Petah Tikva,Mediterranean,vegetarian,2024-11-30
174,45-54,Herzliya,Asian,halal,2023-05-29
175,18-24,Holon,Sushi,none,2025-09-13
176,55+,Herzliya,Israeli,vegetarian,2025-09-21
177,45-54,Holon,Steakhouse,low_carb,2023-07-27
178,25-34,Eilat,Sushi,gluten_free,2025-07-09
179,18-24,Haifa,Cafe,low_carb,2023-07-13
180,45-54,Haifa,Thai,low_carb,2024-05-30
181,18-24,Givatayim,Italian,low_carb,2024-06-02
182,35-44,Rehovot,Pizza,halal,2024-08-13
183,25-34,Rishon LeZion,Vegan,low_carb,2024-03-25
184,55+,Beer Sheva,Cafe,vegetarian,2025-01-20
185,35-44,Eilat,Japanese,none,2024-05-17
186,35-44,Jerusalem,Vegan,vegan,2023-01-13
187,35-44,Jerusalem,Asian,vegetarian,2025-04-21
188,25-34,Ramat Gan,Italian,vegetarian,2024-06-11
189,55+,Ashdod,Mexican,vegan,2024-12-08
190,18-24,Haifa,Vegan,gluten_free,2024-04-17
191,35-44,Beer Sheva,Asian,kosher,2024-05-13
192,35-44,Tel Aviv,Seafood,vegan,2024-11-10
193,55+,Rishon LeZion,Steakhouse,kosher,2024-06-18
194,25-34,Ashdod,Asian,low_carb,2024-11-09
195,35-44,Eilat,Vegan,vegan,2024-06-21
196,25-34,Herzliya,Seafood,kosher,2024-02-19
197,45-54,Givatayim,Indian,halal,2024-01-08
198,35-44,Netanya,Asian,kosher,2025-01-24
199,25-34,Eilat,Japanese,vegan,2023-03-04
200,18-24,Ashdod,Israeli,gluten_free,2025-09-07
201,45-54,Rehovot,Japanese,none,2024-08-19
202,25-34,Ashdod,Steakhouse,gluten_free,2024-07-08
203,18-24,Kfar Saba,Burger,low_carb,2023-12-23
204,18-24,Givatayim,Mexican,gluten_free,2023-07-22
205,35-44,Rehovot,Mexican,vegetarian,2023-07-15
206,35-44,Ramat Gan,Burger,halal,2024-08-04
207,25-34,Tel Aviv,Pizza,vegetarian,2023-05-03
208,55+,Ramat Gan,Thai,vegan,2025-05-29
209,55+,Rishon LeZion,Steakhouse,vegetarian,2024-02-05
210,35-44,Petah Tikva,Pizza,kosher,2024-02-10
211,35-44,Herzliya,Japanese,gluten_free,2023-03-12
212,55+,Ashdod,Italian,halal,2024-11-02
213,18-24,Beer Sheva,Mexican,low_carb,2023-11-19
214,25-34,Kfar Saba,Seafood,halal,2024-08-23
215,45-54,Jerusalem,Burger,vegan,2023-04-02
216,55+,Rehovot,Cafe,none,2024-04-04
217,45-54,Kfar Saba,Steakhouse,halal,2025-04-29
218,35-44,Petah Tikva,Cafe,low_carb,2025-08-05
219,25-34,Kfar Saba,Greek,vegan,2023-11-23
220,55+,Tel Aviv,Thai,vegan,2024-12-28
221,55+,Rishon LeZion,Sushi,none,2025-04-29
222,55+,Ashdod,Greek,none,2025-06-22
223,35-44,Herzliya,Israeli,low_carb,2023-08-30
224,18-24,Rehovot,Seafood,kosher,2024-10-02
225,35-44,Ashdod,Cafe,none,2023-11-26
226,18-24,Haifa,Greek,halal,2025-04-04
227,35-44,Givatayim,Mexican,kosher,2023-07-20
228,55+,Beer Sheva,Burger,gluten_free,2024-08-17
229,25-34,Kfar Saba,Asian,vegan,2023-09-28
230,35-44,Beer Sheva,Steakhouse,kosher,2024-01-11
231,35-44,Ramat Gan,Israeli,none,2025-09-13
232,25-34,Herzliya,Italian,low_carb,2023-06-11
233,18-24,Haifa,Vegan,vegetarian,2023-07-31
234,45-54,Ramat Gan,Thai,vegetarian,2024-11-13
235,18-24,Herzliya,Thai,low_carb,2024-12-24
236,25-34,Rehovot,Mediterranean,low_carb,2024-01-22
237,35-44,Haifa,Mediterranean,halal,2024-07-30
238,18-24,Ashdod,Pizza,gluten_free,2024-07-10
239,55+,Rehovot,Steakhouse,vegan,2023-03-05
240,25-34,Rehovot,Seafood,none,2024-01-25
241,45-54,Netanya,Indian,kosher,2025-07-06
242,45-54,Haifa,Mediterranean,halal,2024-01-15
243,25-34,Beer Sheva,Greek,vegetarian,2023-01-24
244,55+,Herzliya,Asian,vegan,2024-05-15
245,55+,Eilat,Seafood,low_carb,2025-03-31
246,55+,Petah Tikva,Greek,low_carb,2025-01-29
247,45-54,Ashdod,Vegan,halal,2023-05-29
248,45-54,Jerusalem,Mexican,kosher,2023-11-21
249,18-24,Tel Aviv,Israeli,low_carb,2024-10-01
250,18-24,Tel Aviv,Japanese,kosher,2023-03-22
251,45-54,Petah Tikva,Steakhouse,low_carb,2024-01-13
252,25-34,Netanya,Burger,kosher,2024-12-13
253,25-34,Netanya,Italian,halal,2024-09-02
254,35-44,Ramat Gan,Indian,none,2024-05-26
255,55+,Netanya,Steakhouse,vegetarian,2024-09-21
256,18-24,Petah Tikva,Sushi,gluten_free,2023-05-17
257,35-44,Herzliya,Pizza,none,2025-07-06
258,35-44,Netanya,Pizza,vegetarian,2024-04-14
259,35-44,Rishon LeZion,Italian,none,2023-02-25
260,55+,Petah Tikva,Seafood,vegetarian,2024-01-03
261,18-24,Jerusalem,Cafe,halal,2023-01-08
262,45-54,Ashdod,Indian,vegan,2024-10-04
263,18-24,Ashdod,Vegan,kosher,2025-05-29
264,55+,Netanya,Thai,low_carb,2023-07-30
265,45-54,Netanya,Cafe,none,2023-10-28
266,25-34,Herzliya,Italian,none,2025-09-04
267,18-24,Ashdod,Seafood,low_carb,2024-11-02
268,35-44,Netanya,Indian,halal,2024-01-08
269,35-44,Eilat,Italian,halal,2023-04-25
270,55+,Givatayim,Cafe,vegetarian,2025-07-15
271,35-44,Jerusalem,Indian,gluten_free,2024-01-01
272,55+,Kfar Saba,Thai,vegan,2023-03-18
273,25-34,Rehovot,Steakhouse,vegan,2024-08-22
274,25-34,Rehovot,Asian,vegetarian,2025-01-17
275,18-24,Netanya,Mexican,none,2024-01-28
276,45-54,Tel Aviv,Japanese,halal,2023-06-22
277,18-24,Jerusalem,Burger,halal,2024-12-05
278,45-54,Petah Tikva,Greek,low_carb,2024-07-14
279,55+,Ramat Gan,Burger,kosher,2023-01-17
280,35-44,Rishon LeZion,Italian,kosher,2023-10-12
281,35-44,Haifa,Thai,vegan,2023-02-02
282,18-24,Herzliya,Italian,low_carb,2025-07-10
283,25-34,Petah Tikva,Asian,vegan,2025-08-14
284,25-34,Jerusalem,Asian,kosher,2024-11-09
285,18-24,Eilat,Italian,low_carb,2023-08-09
286,25-34,Eilat,Burger,vegan,2024-03-25
287,35-44,Petah Tikva,Vegan,vegetarian,2024-05-16
288,45-54,Beer Sheva,Sushi,halal,2023-03-17
289,35-44,Netanya,Steakhouse,none,2024-09-22
290,25-34,Netanya,Seafood,kosher,2023-10-03
291,35-44,Holon,Steakhouse,low_carb,2023-01-03
292,45-54,Netanya,Vegan,low_carb,2024-12-03
293,35-44,Holon,Mediterranean,halal,2023-06-19
294,55+,Petah Tikva,Sushi,low_carb,2024-04-06
295,25-34,Ashdod,Israeli,vegan,2025-04-06
296,55+,Petah Tikva,Mexican,kosher,2023-04-19
297,25-34,Haifa,Mediterranean,vegetarian,2023-10-31
298,45-54,Rishon LeZion,Mediterranean,vegetarian,2023-03-09
299,55+,Jerusalem,Greek,gluten_free,2023-02-06
300,25-34,Holon,Burger,low_carb,2023-10-06
301,35-44,Kfar Saba,Indian,vegan,2023-06-14
302,25-34,Rehovot,Greek,low_carb,2025-08-18
303,35-44,Kfar Saba,Seafood,gluten_free,2023-02-24
304,45-54,Givatayim,Indian,vegan,2023-05-15
305,45-54,Ashdod,Burger,none,2024-01-11
306,45-54,Netanya,Indian,vegan,2025-07-15
307,45-54,Jerusalem,Pizza,low_carb,2024-04-30
308,45-54,Givatayim,Pizza,kosher,2023-07-12
309,35-44,Givatayim,Seafood,low_carb,2023-11-30
310,18-24,Netanya,Pizza,low_carb,2023-03-25
311,55+,Holon,Sushi,halal,2023-07-12
312,18-24,Rishon LeZion,Israeli,none,2024-11-29
313,55+,Ramat Gan,Asian,vegan,2024-02-11
314,35-44,Ashdod,Seafood,low_carb,2023-04-04
315,45-54,Givatayim,Greek,halal,2024-11-06
316,18-24,Givatayim,Japanese,gluten_free,2023-08-29
317,55+,Eilat,Greek,halal,2023-06-03
318,55+,Rishon LeZion,Israeli,none,2025-01-27
319,25-34,Ramat Gan,Indian,kosher,2025-05-15
320,55+,Haifa,Sushi,low_carb,2024-01-28
321,35-44,Rishon LeZion,Cafe,low_carb,2023-04-11
322,55+,Ashdod,Israeli,vegan,2024-12-19
323,45-54,Herzliya,Mexican,vegan,2023-12-07
324,55+,Kfar Saba,Seafood,vegetarian,2025-09-21
325,25-34,Rishon LeZion,Cafe,low_carb,2024-12-27
326,35-44,Rehovot,Sushi,vegetarian,2023-09-06
327,35-44,Haifa,Pizza,kosher,2023-07-09
328,35-44,Rehovot,Steakhouse,none,2024-11-26
329,45-54,Rishon LeZion,Italian,vegetarian,2023-05-05
330,18-24,Herzliya,Seafood,vegetarian,2023-11-15
331,45-54,Eilat,Vegan,vegetarian,2024-07-22
332,35-44,Kfar Saba,Mexican,gluten_free,2025-02-26
333,18-24,Jerusalem,Japanese,none,2025-07-30
334,35-44,Tel Aviv,Asian,halal,2024-06-26
335,45-54,Rishon LeZion,Pizza,vegetarian,2024-04-02
336,18-24,Ashdod,Steakhouse,vegetarian,2024-03-11
337,35-44,Ashdod,Sushi,low_carb,2025-09-08
338,35-44,Netanya,Asian,halal,2023-09-26
339,25-34,Haifa,Israeli,low_carb,2023-02-16
340,25-34,Herzliya,Burger,vegan,2023-03-12
341,18-24,Netanya,Japanese,halal,2024-04-10
342,25-34,Rehovot,Sushi,vegan,2023-09-13
343,18-24,Rehovot,Indian,low_carb,2024-05-23
344,25-34,Petah Tikva,Thai,vegetarian,2023-10-10
345,25-34,Tel Aviv,Asian,halal,2023-06-21
346,18-24,Ashdod,Indian,vegan,2023-09-17
347,35-44,Holon,Asian,low_carb,2024-03-23
348,25-34,Holon,Sushi,kosher,2025-01-27
349,35-44,Haifa,Pizza,kosher,2024-02-26
350,18-24,Petah Tikva,Israeli,vegetarian,2024-07-30
351,45-54,Herzliya,Seafood,vegan,2025-02-28
352,18-24,Beer Sheva,Indian,kosher,2025-02-23
353,45-54,Beer Sheva,Mexican,kosher,2023-07-24
354,18-24,Petah Tikva,Japanese,none,2023-10-15
355,55+,Kfar Saba,Israeli,kosher,2024-12-25
356,18-24,Netanya,Steakhouse,kosher,2024-04-15
357,35-44,Netanya,Mexican,halal,2024-09-11
358,35-44,Petah Tikva,Israeli,low_carb,2023-01-06
359,45-54,Jerusalem,Sushi,gluten_free,2023-10-08
360,18-24,Haifa,Cafe,kosher,2024-08-13
361,35-44,Kfar Saba,Italian,halal,2025-07-29
362,45-54,Givatayim,Sushi,gluten_free,2024-12-27
363,18-24,Tel Aviv,Indian,gluten_free,2024-06-30
364,25-34,Kfar Saba,Cafe,gluten_free,2024-09-04
365,18-24,Holon,Greek,vegetarian,2024-10-01
366,25-34,Netanya,Vegan,gluten_free,2024-12-05
367,18-24,Eilat,Italian,low_carb,2024-01-25
368,55+,Givatayim,Vegan,halal,2023-01-29
369,18-24,Jerusalem,Seafood,low_carb,2024-03-10
370,45-54,Haifa,Steakhouse,low_carb,2024-03-08
371,55+,Herzliya,Asian,none,2024-11-06
372,55+,Netanya,Burger,gluten_free,2025-01-21
373,55+,Herzliya,Mexican,low_carb,2024-04-09
374,35-44,Haifa,Greek,low_carb,2024-07-16
375,55+,Netanya,Italian,halal,2025-03-08
376,18-24,Beer Sheva,Italian,kosher,2024-05-27
377,25-34,Haifa,Indian,none,2024-08-25
378,35-44,Tel Aviv,Thai,halal,2025-07-25
379,18-24,Rehovot,Italian,low_carb,2023-10-27
380,18-24,Holon,Steakhouse,low_carb,2024-09-16
381,25-34,Herzliya,Sushi,vegan,2024-06-26
382,55+,Ashdod,Seafood,vegetarian,2025-07-19
383,35-44,Petah Tikva,Italian,none,2024-10-12
384,45-54,Herzliya,Italian,vegetarian,2025-03-22
385,18-24,Holon,Cafe,vegan,2023-10-30
386,35-44,Herzliya,Greek,vegan,2023-03-14
387,18-24,Netanya,Israeli,kosher,2023-02-18
388,45-54,Ashdod,Seafood,vegetarian,2024-01-05
389,55+,Ashdod,Indian,low_carb,2024-07-19
390,18-24,Haifa,Asian,low_carb,2024-09-23
391,35-44,Petah Tikva,Asian,gluten_free,2024-08-10
392,45-54,Ramat Gan,Burger,vegetarian,2023-01-22
393,35-44,Ashdod,Indian,vegetarian,2023-10-06
394,35-44,Petah Tikva,Pizza,none,2023-04-29
395,45-54,Petah Tikva,Burger,kosher,2023-06-05
396,18-24,Netanya,Burger,low_carb,2024-02-21
397,55+,Rishon LeZion,Greek,low_carb,2025-02-09
398,18-24,Haifa,Mediterranean,gluten_free,2024-05-30
399,55+,Kfar Saba,Mediterranean,kosher,2024-05-18
400,25-34,Eilat,Thai,vegan,2023-09-16
401,25-34,Herzliya,Italian,vegetarian,2025-04-11
402,45-54,Tel Aviv,Seafood,none,2024-11-07
403,55+,Givatayim,Sushi,gluten_free,2025-05-05
404,18-24,Netanya,Thai,gluten_free,2024-05-04
405,18-24,Haifa,Mexican,vegan,2023-09-17
406,25-34,Petah Tikva,Mexican,halal,2024-04-17
407,55+,Petah Tikva,Mexican,vegetarian,2023-03-04
408,45-54,Netanya,Steakhouse,gluten_free,2024-02-02
409,25-34,Ramat Gan,Mediterranean,kosher,2024-09-12
410,55+,Jerusalem,Steakhouse,vegetarian,2023-02-09
411,45-54,Jerusalem,Indian,kosher,2024-04-07
412,35-44,Holon,Sushi,low_carb,2024-06-28
413,35-44,Ramat Gan,Burger,kosher,2024-12-11
414,55+,Rehovot,Sushi,gluten_free,2024-12-29
415,18-24,Ramat Gan,Indian,none,2023-04-02
416,25-34,Netanya,Japanese,none,2025-01-14
417,35-44,Rishon LeZion,Vegan,vegetarian,2024-04-28
418,55+,Kfar Saba,Steakhouse,kosher,2025-05-08
419,18-24,Ashdod,Japanese,kosher,2023-06-20
420,45-54,Petah Tikva,Burger,none,2023-03-12
421,25-34,Ashdod,Israeli,halal,2024-07-15
422,35-44,Tel Aviv,Cafe,halal,2024-03-08
423,45-54,Ramat Gan,Seafood,vegetarian,2024-03-21
424,45-54,Herzliya,Steakhouse,none,2024-04-01
425,18-24,Haifa,Seafood,none,2024-11-08
426,55+,Herzliya,Cafe,halal,2023-05-06
427,45-54,Herzliya,Vegan,gluten_free,2024-02-15
428,18-24,Eilat,Seafood,kosher,2024-02-16
429,25-34,Petah Tikva,Pizza,none,2023-02-17
430,55+,Petah Tikva,Thai,vegan,2025-01-15
431,35-44,Netanya,Seafood,kosher,2023-08-22
432,18-24,Eilat,Asian,halal,2025-05-29
433,18-24,Petah Tikva,Pizza,gluten_free,2024-10-10
434,45-54,Haifa,Pizza,kosher,2025-03-22
435,18-24,Ashdod,Mediterranean,none,2025-04-04
436,35-44,Herzliya,Burger,halal,2025-08-07
437,45-54,Holon,Vegan,none,2024-01-27
438,18-24,Jerusalem,Mediterranean,vegan,2025-01-26
439,55+,Rishon LeZion,Thai,vegan,2023-01-31
440,25-34,Kfar Saba,Steakhouse,none,2024-05-10
441,18-24,Kfar Saba,Seafood,vegetarian,2023-09-11
442,55+,Eilat,Italian,halal,2023-02-12
443,25-34,Jerusalem,Sushi,halal,2024-06-07
444,35-44,Jerusalem,Mexican,none,2025-05-10
445,35-44,Herzliya,Seafood,none,2024-08-06
446,18-24,Tel Aviv,Pizza,gluten_free,2024-07-01
447,25-34,Tel Aviv,Thai,halal,2024-12-22
448,25-34,Herzliya,Israeli,halal,2024-02-18
449,18-24,Herzliya,Mexican,low_carb,2025-05-27
450,45-54,Jerusalem,Steakhouse,halal,2025-04-22
451,35-44,Eilat,Sushi,kosher,2025-06-27
452,55+,Eilat,Cafe,gluten_free,2024-10-12
453,18-24,Ashdod,Greek,vegan,2025-02-17
454,35-44,Haifa,Greek,kosher,2024-04-21
455,45-54,Tel Aviv,Italian,kosher,2024-05-12
456,45-54,Haifa,Sushi,kosher,2023-10-31
457,35-44,Netanya,Greek,low_carb,2025-02-16
458,25-34,Holon,Indian,gluten_free,2023-02-19
459,45-54,Rehovot,Sushi,kosher,2024-09-13
460,55+,Ashdod,Burger,gluten_free,2023-10-16
461,25-34,Holon,Greek,low_carb,2024-10-01
462,25-34,Herzliya,Italian,kosher,2023-06-15
463,35-44,Ashdod,Cafe,halal,2024-08-18
464,25-34,Haifa,Mexican,vegetarian,2024-08-17
465,25-34,Tel Aviv,Mexican,kosher,2023-06-26
466,35-44,Ramat Gan,Steakhouse,gluten_free,2025-09-08
467,18-24,Tel Aviv,Mexican,halal,2023-10-13
468,18-24,Rishon LeZion,Seafood,vegetarian,2025-09-01
469,18-24,Tel Aviv,Seafood,halal,2024-12-26
470,18-24,Eilat,Cafe,none,2025-02-03
471,18-24,Rishon LeZion,Thai,vegan,2023-03-31
472,55+,Kfar Saba,Seafood,gluten_free,2025-04-28
473,55+,Herzliya,Thai,vegan,2025-08-30
474,25-34,Netanya,Japanese,vegan,2025-06-15
475,45-54,Ashdod,Pizza,low_carb,2025-06-26
476,55+,Herzliya,Asian,gluten_free,2024-02-24
477,35-44,Jerusalem,Burger,low_carb,2023-12-16
478,45-54,Ramat Gan,Indian,vegetarian,2023-07-19
479,18-24,Ramat Gan,Pizza,none,2024-07-06
480,55+,Jerusalem,Sushi,vegan,2024-12-22
481,18-24,Beer Sheva,Asian,none,2024-03-11
482,45-54,Herzliya,Steakhouse,halal,2024-01-31
483,55+,Rehovot,Mexican,halal,2024-03-19
484,25-34,Rishon LeZion,Burger,kosher,2023-10-29
485,45-54,Ramat Gan,Vegan,halal,2023-05-13
486,35-44,Ramat Gan,Burger,halal,2025-07-04
487,25-34,Ramat Gan,Thai,low_carb,2025-02-13
488,35-44,Rehovot,Asian,halal,2024-04-07
489,25-34,Eilat,Sushi,none,2024-03-28
490,55+,Kfar Saba,Indian,kosher,2025-07-23
491,55+,Herzliya,Mexican,vegan,2024-04-15
492,25-34,Rishon LeZion,Steakhouse,vegetarian,2023-04-13
493,35-44,Netanya,Thai,low_carb,2023-12-03
494,45-54,Beer Sheva,Pizza,none,2025-01-29
495,18-24,Kfar Saba,Indian,halal,2025-08-14
496,45-54,Beer Sheva,Israeli,kosher,2025-02-16
497,18-24,Netanya,Cafe,gluten_free,2024-04-14
498,18-24,Petah Tikva,Burger,low_carb,2025-08-25
499,55+,Petah Tikva,Pizza,gluten_free,2023-10-31
500,35-44,Haifa,Cafe,halal,2024-04-23
501,55+,Ashdod,Mexican,low_carb,2025-07-09
502,35-44,Eilat,Asian,vegetarian,2023-02-19
503,18-24,Kfar Saba,Italian,vegetarian,2025-06-15
504,35-44,Ashdod,Indian,vegan,2025-03-31
505,55+,Holon,Vegan,none,2024-05-31
506,18-24,Petah Tikva,Greek,none,2025-04-24
507,45-54,Givatayim,Pizza,vegan,2025-01-04
508,55+,Ashdod,Pizza,vegan,2024-09-22
509,55+,Jerusalem,Vegan,vegetarian,2025-01-30
510,25-34,Givatayim,Vegan,none,2025-05-02
511,55+,Rishon LeZion,Cafe,vegan,2024-09-14
512,35-44,Tel Aviv,Pizza,gluten_free,2025-05-07
513,45-54,Rishon LeZion,Sushi,gluten_free,2023-08-14
514,45-54,Herzliya,Cafe,kosher,2024-07-18
515,45-54,Petah Tikva,Mexican,gluten_free,2024-02-24
516,25-34,Petah Tikva,Mediterranean,none,2023-08-12
517,18-24,Netanya,Israeli,low_carb,2023-07-17
518,35-44,Jerusalem,Mediterranean,vegetarian,2024-03-07
519,25-34,Tel Aviv,Indian,halal,2024-10-11
520,25-34,Beer Sheva,Cafe,vegetarian,2023-09-16
521,25-34,Ashdod,Greek,halal,2023-03-23
522,35-44,Petah Tikva,Cafe,low_carb,2024-09-01
523,35-44,Tel Aviv,Burger,none,2025-04-24
524,45-54,Givatayim,Steakhouse,vegan,2023-02-20
525,25-34,Kfar Saba,Mediterranean,kosher,2023-03-28
526,25-34,Tel Aviv,Greek,halal,2024-02-01
527,25-34,Haifa,Sushi,low_carb,2023-12-21
528,55+,Herzliya,Pizza,low_carb,2023-06-08
529,55+,Kfar Saba,Mediterranean,none,2024-11-27
530,25-34,Kfar Saba,Steakhouse,gluten_free,2023-08-18
531,25-34,Ramat Gan,Seafood,gluten_free,2023-08-19
532,55+,Jerusalem,Seafood,halal,2025-01-18
533,35-44,Tel Aviv,Steakhouse,low_carb,2024-08-29
534,25-34,Haifa,Mexican,halal,2025-09-06
535,35-44,Haifa,Sushi,none,2024-11-19
536,18-24,Herzliya,Seafood,vegan,2023-09-24
537,55+,Jerusalem,Indian,vegetarian,2025-03-04
538,35-44,Tel Aviv,Burger,vegan,2023-01-28
539,45-54,Jerusalem,Mediterranean,vegetarian,2024-11-27
540,55+,Rishon LeZion,Thai,none,2023-09-18
541,35-44,Rehovot,Burger,low_carb,2024-03-25
542,35-44,Netanya,Israeli,vegan,2024-06-03
543,45-54,Eilat,Seafood,vegan,2024-07-25
544,18-24,Rehovot,Cafe,halal,2025-06-22
545,35-44,Beer Sheva,Cafe,gluten_free,2025-04-03
546,18-24,Holon,Japanese,halal,2023-08-08
547,25-34,Rehovot,Cafe,gluten_free,2025-01-13
548,18-24,Petah Tikva,Burger,vegetarian,2023-03-01
549,35-44,Rehovot,Seafood,low_carb,2023-01-21
550,55+,Herzliya,Thai,halal,2023-03-10
551,55+,Petah Tikva,Vegan,halal,2023-04-29
552,18-24,Netanya,Cafe,gluten_free,2024-04-11
553,18-24,Eilat,Seafood,none,2024-01-03
554,25-34,Petah Tikva,Seafood,low_carb,2025-07-28
555,35-44,Ramat Gan,Burger,halal,2023-11-17
556,25-34,Petah Tikva,Thai,none,2025-07-02
557,45-54,Rishon LeZion,Vegan,gluten_free,2025-04-18
558,55+,Holon,Pizza,vegan,2024-03-05
559,45-54,Holon,Israeli,low_carb,2024-05-12
560,35-44,Herzliya,Seafood,vegetarian,2025-07-27
561,35-44,Kfar Saba,Sushi,vegetarian,2025-01-27
562,25-34,Givatayim,Pizza,kosher,2023-03-09
563,18-24,Tel Aviv,Cafe,vegetarian,2024-05-09
564,55+,Beer Sheva,Steakhouse,low_carb,2023-06-25
565,25-34,Tel Aviv,Israeli,low_carb,2024-01-15
566,25-34,Ramat Gan,Cafe,vegan,2023-05-02
567,25-34,Petah Tikva,Thai,vegan,2024-02-13
568,25-34,Netanya,Thai,vegetarian,2025-09-06
569,55+,Netanya,Cafe,low_carb,2024-08-19
570,55+,Haifa,Israeli,none,2025-09-19
571,18-24,Herzliya,Indian,kosher,2024-01-24
572,45-54,Givatayim,Seafood,halal,2023-06-11
573,25-34,Rishon LeZion,Seafood,vegan,2024-09-01
574,25-34,Rehovot,Asian,low_carb,2023-06-04
575,45-54,Kfar Saba,Japanese,kosher,2024-12-25
576,55+,Rehovot,Asian,low_carb,2024-08-22
577,25-34,Rishon LeZion,Steakhouse,kosher,2023-04-10
578,55+,Rishon LeZion,Sushi,vegetarian,2024-11-04
579,45-54,Haifa,Indian,gluten_free,2023-03-24
580,35-44,Tel Aviv,Indian,none,2023-01-25
581,35-44,Eilat,Mediterranean,vegan,2023-10-19
582,35-44,Petah Tikva,Vegan,vegetarian,2023-01-01
583,25-34,Haifa,Pizza,gluten_free,2023-02-13
584,55+,Haifa,Sushi,halal,2025-01-09
585,18-24,Eilat,Mexican,none,2024-06-10
586,18-24,Herzliya,Seafood,vegan,2025-08-04
587,18-24,Jerusalem,Steakhouse,none,2024-12-22
588,55+,Ramat Gan,Indian,gluten_free,2024-06-25
589,55+,Herzliya,Pizza,gluten_free,2024-10-31
590,45-54,Eilat,Thai,gluten_free,2024-03-20
591,35-44,Ramat Gan,Italian,gluten_free,2025-06-29
592,18-24,Tel Aviv,Mediterranean,none,2023-03-24
593,35-44,Ashdod,Sushi,kosher,2025-05-05
594,18-24,Holon,Burger,halal,2023-09-18
595,35-44,Beer Sheva,Italian,low_carb,2024-10-17
596,35-44,Beer Sheva,Asian,kosher,2024-11-01
597,45-54,Haifa,Mediterranean,kosher,2023-07-13
598,55+,Jerusalem,Sushi,low_carb,2025-06-21
599,45-54,Rehovot,Italian,vegan,2025-04-13
600,45-54,Rishon LeZion,Cafe,vegan,2024-04-04
601,45-54,Givatayim,Steakhouse,none,2025-02-27
602,18-24,Ramat Gan,Japanese,none,2023-05-05
603,18-24,Jerusalem,Greek,gluten_free,2024-06-04
604,35-44,Haifa,Steakhouse,kosher,2023-07-09
605,55+,Holon,Greek,kosher,2024-10-07
606,55+,Petah Tikva,Asian,vegetarian,2025-04-19
607,18-24,Holon,Greek,vegan,2024-02-29
608,45-54,Holon,Asian,none,2024-11-08
609,18-24,Jerusalem,Steakhouse,none,2025-05-06
610,45-54,Holon,Italian,vegetarian,2024-09-15
611,55+,Kfar Saba,Sushi,gluten_free,2023-11-22
612,45-54,Rehovot,Asian,low_carb,2024-10-29
613,55+,Haifa,Mediterranean,halal,2024-04-10
614,35-44,Netanya,Italian,halal,2023-05-25
615,55+,Ramat Gan,Mediterranean,gluten_free,2025-05-06
616,18-24,Tel Aviv,Pizza,none,2025-04-07
617,45-54,Kfar Saba,Sushi,gluten_free,2024-01-05
618,55+,Haifa,Asian,halal,2024-09-20
619,35-44,Herzliya,Israeli,vegetarian,2023-03-17
620,18-24,Ramat Gan,Israeli,vegetarian,2023-02-01
621,45-54,Eilat,Thai,none,2023-03-01
622,18-24,Jerusalem,Japanese,vegan,2023-06-12
623,25-34,Herzliya,Vegan,halal,2024-08-11
624,18-24,Herzliya,Sushi,halal,2023-08-06
625,18-24,Jerusalem,Pizza,low_carb,2023-01-11
626,35-44,Herzliya,Pizza,vegetarian,2025-06-02
627,45-54,Eilat,Steakhouse,kosher,2025-03-28
628,35-44,Ashdod,Seafood,gluten_free,2024-12-06
629,25-34,Ramat Gan,Burger,gluten_free,2024-02-10
630,45-54,Herzliya,Mediterranean,vegan,2024-12-09
631,25-34,Ramat Gan,Sushi,vegan,2024-05-25
632,55+,Jerusalem,Steakhouse,low_carb,2023-01-06
633,18-24,Beer Sheva,Burger,vegan,2023-02-23
634,25-34,Beer Sheva,Sushi,vegetarian,2025-09-01
635,55+,Jerusalem,Mexican,halal,2024-05-02
636,55+,Haifa,Steakhouse,halal,2025-05-12
637,25-34,Rishon LeZion,Asian,gluten_free,2023-03-09
638,18-24,Givatayim,Italian,vegetarian,2023-11-12
639,18-24,Petah Tikva,Mediterranean,vegetarian,2023-11-06
640,35-44,Beer Sheva,Pizza,vegan,2023-03-24
641,18-24,Givatayim,Asian,halal,2023-03-02
642,45-54,Holon,Japanese,vegan,2025-05-06
643,25-34,Herzliya,Pizza,low_carb,2023-12-08
644,55+,Kfar Saba,Sushi,halal,2023-09-30
645,55+,Petah Tikva,Seafood,low_carb,2023-09-20
646,45-54,Herzliya,Japanese,low_carb,2023-02-11
647,18-24,Rehovot,Steakhouse,vegan,2023-04-23
648,25-34,Beer Sheva,Greek,vegan,2025-04-09
649,45-54,Holon,Steakhouse,vegetarian,2023-01-05
650,55+,Rehovot,Pizza,halal,2024-03-24
651,55+,Givatayim,Pizza,halal,2024-04-26
652,35-44,Haifa,Pizza,vegan,2024-02-19
653,45-54,Ashdod,Mexican,low_carb,2023-09-26
654,35-44,Rehovot,Italian,low_carb,2024-04-29
655,18-24,Ashdod,Burger,kosher,2024-02-02
656,18-24,Eilat,Japanese,halal,2024-04-06
657,35-44,Ramat Gan,Vegan,low_carb,2023-08-20
658,18-24,Ashdod,Sushi,vegetarian,2025-09-23
659,25-34,Beer Sheva,Greek,low_carb,2025-03-01
660,35-44,Holon,Mediterranean,halal,2023-09-03
661,35-44,Netanya,Thai,none,2024-08-13
662,25-34,Herzliya,Italian,gluten_free,2024-10-05
663,45-54,Jerusalem,Japanese,gluten_free,2024-10-30
664,45-54,Tel Aviv,Japanese,low_carb,2025-09-11
665,35-44,Rehovot,Indian,vegetarian,2023-05-30
666,35-44,Jerusalem,Thai,low_carb,2025-04-06
667,45-54,Beer Sheva,Mexican,low_carb,2025-05-17
668,45-54,Netanya,Steakhouse,vegan,2023-02-05
669,35-44,Beer Sheva,Israeli,kosher,2025-05-18
670,25-34,Petah Tikva,Vegan,gluten_free,2025-05-20
671,55+,Rehovot,Cafe,kosher,2023-06-25
672,45-54,Petah Tikva,Sushi,kosher,2024-05-24
673,35-44,Eilat,Mexican,none,2025-09-02
674,18-24,Beer Sheva,Italian,none,2025-08-28
675,25-34,Beer Sheva,Mediterranean,kosher,2025-08-08
676,55+,Givatayim,Vegan,low_carb,2024-03-18
677,35-44,Eilat,Asian,gluten_free,2024-12-13
678,55+,Ashdod,Indian,none,2023-03-26
679,35-44,Ramat Gan,Mediterranean,vegan,2024-07-19
680,55+,Haifa,Cafe,gluten_free,2023-11-12
681,35-44,Tel Aviv,Steakhouse,gluten_free,2024-07-09
682,18-24,Ashdod,Mexican,low_carb,2024-01-19
683,45-54,Herzliya,Steakhouse,gluten_free,2025-09-19
684,45-54,Kfar Saba,Thai,low_carb,2025-01-11
685,45-54,Netanya,Thai,kosher,2024-06-04
686,35-44,Netanya,Seafood,kosher,2024-06-22
687,35-44,Netanya,Mexican,gluten_free,2024-05-24
688,55+,Tel Aviv,Mexican,kosher,2025-06-04
689,45-54,Herzliya,Steakhouse,kosher,2024-02-07
690,18-24,Givatayim,Mediterranean,vegetarian,2023-07-28
691,18-24,Petah Tikva,Indian,vegan,2023-01-31
692,45-54,Ramat Gan,Steakhouse,vegan,2023-12-05
693,35-44,Rehovot,Thai,low_carb,2023-05-20
694,18-24,Eilat,Seafood,vegan,2025-01-27
695,45-54,Eilat,Israeli,halal,2025-05-01
696,55+,Holon,Pizza,kosher,2023-03-05
697,18-24,Beer Sheva,Italian,vegan,2024-03-31
698,55+,Kfar Saba,Mediterranean,vegetarian,2024-05-23
699,45-54,Haifa,Cafe,none,2023-09-22
700,45-54,Jerusalem,Thai,vegan,2024-07-24
701,18-24,Holon,Seafood,vegan,2025-05-07
702,35-44,Rishon LeZion,Japanese,low_carb,2024-11-24
703,55+,Netanya,Steakhouse,gluten_free,2025-05-29
704,55+,Rishon LeZion,Steakhouse,kosher,2025-05-28
705,18-24,Herzliya,Israeli,gluten_free,2025-09-14
706,55+,Netanya,Japanese,none,2024-02-27
707,18-24,Holon,Mediterranean,kosher,2025-04-06
708,55+,Petah Tikva,Israeli,vegetarian,2024-03-24
709,18-24,Rehovot,Mexican,vegan,2024-03-15
710,55+,Petah Tikva,Pizza,low_carb,2024-01-05
711,45-54,Netanya,Thai,vegetarian,2023-09-27
712,45-54,Herzliya,Pizza,vegetarian,2023-06-27
713,25-34,Ashdod,Sushi,kosher,2023-12-06
714,18-24,Jerusalem,Japanese,low_carb,2024-05-25
715,35-44,Eilat,Mediterranean,halal,2023-09-14
716,45-54,Petah Tikva,Seafood,vegan,2024-06-04
717,55+,Rishon LeZion,Sushi,none,2025-01-12
718,25-34,Holon,Asian,gluten_free,2023-03-02
719,55+,Kfar Saba,Israeli,kosher,2024-10-23
720,25-34,Holon,Pizza,low_carb,2024-09-06
721,18-24,Jerusalem,Indian,vegan,2023-11-02
722,55+,Tel Aviv,Mexican,halal,2024-12-11
723,25-34,Haifa,Indian,halal,2023-10-07
724,25-34,Kfar Saba,Japanese,none,2024-06-16
725,35-44,Haifa,Thai,gluten_free,2023-04-01
726,45-54,Kfar Saba,Israeli,none,2025-01-11
727,18-24,Petah Tikva,Israeli,vegan,2025-05-05
728,18-24,Eilat,Steakhouse,vegan,2023-11-17
729,25-34,Givatayim,Israeli,halal,2024-09-26
730,18-24,Haifa,Asian,gluten_free,2024-05-01
731,25-34,Kfar Saba,Pizza,gluten_free,2024-12-20
732,45-54,Haifa,Pizza,kosher,2023-01-24
733,25-34,Ashdod,Mexican,gluten_free,2024-03-13
734,55+,Tel Aviv,Steakhouse,none,2024-03-14
735,18-24,Tel Aviv,Steakhouse,vegan,2025-09-27
736,35-44,Kfar Saba,Indian,gluten_free,2024-07-04
737,35-44,Jerusalem,Israeli,vegan,2024-10-15
738,25-34,Beer Sheva,Mexican,none,2023-09-30
739,25-34,Rehovot,Israeli,low_carb,2023-06-20
740,35-44,Ramat Gan,Cafe,low_carb,2024-11-16
741,25-34,Holon,Mediterranean,kosher,2023-09-28
742,55+,Kfar Saba,Sushi,low_carb,2024-09-27
743,35-44,Netanya,Sushi,vegetarian,2024-10-25
744,18-24,Givatayim,Italian,vegan,2023-06-03
745,55+,Tel Aviv,Asian,vegan,2025-05-04
746,25-34,Rishon LeZion,Asian,vegan,2024-10-27
747,45-54,Ashdod,Thai,halal,2023-11-11
748,45-54,Haifa,Pizza,gluten_free,2025-04-06
749,55+,Ramat Gan,Sushi,none,2023-05-31
750,25-34,Ashdod,Seafood,kosher,2023-02-22
751,35-44,Rehovot,Israeli,kosher,2023-11-21
752,25-34,Rehovot,Japanese,vegetarian,2025-04-01
753,35-44,Tel Aviv,Greek,gluten_free,2023-02-28
754,45-54,Eilat,Burger,halal,2023-04-28
755,35-44,Givatayim,Asian,vegetarian,2024-05-30
756,45-54,Holon,Sushi,kosher,2024-09-14
757,18-24,Beer Sheva,Cafe,halal,2025-07-23
758,25-34,Tel Aviv,Mexican,vegetarian,2025-02-07
759,35-44,Ashdod,Indian,kosher,2023-07-14
760,55+,Eilat,Pizza,vegan,2023-09-20
761,18-24,Netanya,Cafe,vegan,2025-07-12
762,45-54,Haifa,Cafe,low_carb,2023-04-12
763,18-24,Holon,Sushi,low_carb,2025-09-19
764,35-44,Holon,Asian,halal,2023-07-31
765,35-44,Holon,Vegan,kosher,2024-05-16
766,35-44,Herzliya,Vegan,gluten_free,2023-10-28
767,18-24,Eilat,Cafe,kosher,2023-11-19
768,25-34,Netanya,Asian,gluten_free,2023-08-08
769,25-34,Rishon LeZion,Burger,none,2025-03-26
770,35-44,Ashdod,Sushi,none,2025-07-10
771,55+,Givatayim,Seafood,halal,2024-10-03
772,45-54,Herzliya,Japanese,gluten_free,2025-02-15
773,45-54,Kfar Saba,Israeli,vegetarian,2023-11-15
774,18-24,Eilat,Asian,gluten_free,2023-02-13
775,25-34,Netanya,Israeli,low_carb,2023-07-18
776,45-54,Herzliya,Pizza,low_carb,2025-07-14
777,45-54,Haifa,Steakhouse,kosher,2024-01-05
778,18-24,Kfar Saba,Indian,halal,2024-08-28
779,18-24,Petah Tikva,Japanese,kosher,2025-08-08
780,45-54,Petah Tikva,Israeli,vegetarian,2024-09-22
781,18-24,Givatayim,Greek,none,2025-01-10
782,35-44,Beer Sheva,Pizza,vegetarian,2025-06-06
783,35-44,Petah Tikva,Greek,none,2024-04-25
784,25-34,Herzliya,Seafood,gluten_free,2024-12-17
785,55+,Rehovot,Vegan,vegetarian,2024-06-04
786,18-24,Rehovot,Burger,low_carb,2023-08-29
787,45-54,Petah Tikva,Japanese,none,2024-02-11
788,25-34,Haifa,Mediterranean,halal,2023-04-03
789,55+,Ramat Gan,Thai,halal,2024-04-30
790,25-34,Holon,Vegan,kosher,2023-09-04
791,55+,Kfar Saba,Greek,kosher,2024-08-13
792,35-44,Rishon LeZion,Vegan,none,2024-01-30
793,25-34,Ramat Gan,Burger,halal,2023-07-30
794,55+,Netanya,Italian,gluten_free,2024-05-01
795,55+,Petah Tikva,Mexican,low_carb,2023-01-14
796,18-24,Kfar Saba,Thai,halal,2023-02-15
797,35-44,Eilat,Burger,vegetarian,2025-05-11
798,18-24,Haifa,Pizza,low_carb,2024-12-19
799,35-44,Herzliya,Italian,gluten_free,2023-08-09
800,25-34,Givatayim,Thai,vegetarian,2024-07-17
801,18-24,Herzliya,Mediterranean,halal,2023-03-28
802,55+,Haifa,Vegan,halal,2024-03-05
803,55+,Haifa,Japanese,gluten_free,2023-04-30
804,18-24,Holon,Japanese,kosher,2024-05-22
805,18-24,Petah Tikva,Thai,vegan,2023-10-09
806,55+,Herzliya,Vegan,vegan,2023-12-14
807,18-24,Rehovot,Steakhouse,none,2023-06-23
808,55+,Beer Sheva,Steakhouse,low_carb,2023-01-09
809,55+,Tel Aviv,Greek,gluten_free,2023-08-31
810,25-34,Tel Aviv,Israeli,kosher,2025-02-10
811,25-34,Rehovot,Israeli,vegan,2024-09-16
812,45-54,Tel Aviv,Pizza,halal,2024-12-13
813,18-24,Ashdod,Greek,halal,2024-09-20
814,45-54,Tel Aviv,Israeli,low_carb,2024-11-08
815,18-24,Rishon LeZion,Mexican,vegetarian,2023-10-19
816,18-24,Netanya,Italian,low_carb,2025-08-02
817,25-34,Holon,Asian,low_carb,2023-06-27
818,25-34,Netanya,Seafood,low_carb,2024-05-20
819,55+,Rehovot,Cafe,halal,2025-06-24
820,18-24,Haifa,Cafe,vegan,2023-03-17
821,18-24,Holon,Italian,vegetarian,2023-05-22
822,25-34,Ramat Gan,Sushi,gluten_free,2024-06-23
823,45-54,Haifa,Greek,vegetarian,2023-08-31
824,45-54,Jerusalem,Steakhouse,gluten_free,2024-03-27
825,25-34,Tel Aviv,Sushi,kosher,2023-08-06
826,18-24,Ashdod,Indian,none,2024-03-15
827,25-34,Netanya,Cafe,kosher,2024-07-30
828,45-54,Beer Sheva,Asian,low_carb,2023-08-23
829,55+,Eilat,Israeli,none,2024-03-05
830,35-44,Givatayim,Israeli,kosher,2024-07-21
831,18-24,Rehovot,Asian,halal,2024-04-10
832,45-54,Netanya,Burger,low_carb,2024-10-19
833,25-34,Holon,Asian,low_carb,2023-10-01
834,25-34,Beer Sheva,Vegan,vegan,2024-05-12
835,25-34,Herzliya,Pizza,halal,2024-08-18
836,45-54,Tel Aviv,Mexican,vegetarian,2024-05-16
837,18-24,Rehovot,Mediterranean,low_carb,2023-01-28
838,25-34,Netanya,Pizza,vegetarian,2024-12-15
839,45-54,Petah Tikva,Cafe,kosher,2023-04-02
840,35-44,Petah Tikva,Thai,vegan,2025-04-09
841,35-44,Kfar Saba,Israeli,none,2023-12-18
842,25-34,Petah Tikva,Japanese,halal,2025-03-30
843,18-24,Givatayim,Indian,kosher,2024-04-28
844,45-54,Haifa,Sushi,vegetarian,2023-01-17
845,25-34,Holon,Seafood,none,2024-06-12
846,45-54,Beer Sheva,Israeli,vegetarian,2025-07-17
847,45-54,Jerusalem,Cafe,low_carb,2024-07-11
848,25-34,Ramat Gan,Burger,kosher,2023-02-14
849,18-24,Holon,Israeli,gluten_free,2023-04-19
850,45-54,Netanya,Japanese,none,2024-05-20
851,18-24,Rishon LeZion,Israeli,vegan,2025-06-01
852,18-24,Eilat,Italian,vegetarian,2024-10-17
853,35-44,Jerusalem,Burger,low_carb,2025-03-06
854,25-34,Herzliya,Mexican,none,2024-09-29
855,18-24,Haifa,Thai,low_carb,2024-05-21
856,18-24,Holon,Cafe,halal,2023-09-23
857,55+,Netanya,Italian,gluten_free,2025-09-21
858,35-44,Rishon LeZion,Pizza,gluten_free,2025-07-30
859,18-24,Ramat Gan,Vegan,halal,2025-01-03
860,45-54,Jerusalem,Thai,vegan,2025-01-05
861,55+,Beer Sheva,Indian,kosher,2023-10-12
862,55+,Beer Sheva,Greek,halal,2024-10-20
863,18-24,Rehovot,Steakhouse,none,2025-05-08
864,55+,Haifa,Burger,low_carb,2023-12-20
865,25-34,Eilat,Seafood,kosher,2023-07-27
866,35-44,Ashdod,Greek,vegan,2025-02-28
867,35-44,Herzliya,Mexican,halal,2023-08-17
868,18-24,Herzliya,Sushi,vegetarian,2025-03-29
869,35-44,Eilat,Asian,low_carb,2025-03-20
870,55+,Beer Sheva,Thai,none,2023-06-23
871,35-44,Givatayim,Sushi,vegetarian,2024-10-18
872,55+,Petah Tikva,Italian,low_carb,2024-07-18
873,55+,Tel Aviv,Pizza,low_carb,2025-04-06
874,55+,Ramat Gan,Asian,low_carb,2024-09-09
875,18-24,Beer Sheva,Italian,gluten_free,2023-12-12
876,25-34,Rishon LeZion,Asian,kosher,2023-02-11
877,45-54,Tel Aviv,Indian,vegan,2023-11-08
878,45-54,Herzliya,Pizza,vegan,2023-07-07
879,55+,Haifa,Vegan,none,2023-08-20
880,35-44,Beer Sheva,Pizza,halal,2024-11-04
881,45-54,Netanya,Mediterranean,halal,2024-06-08
882,25-34,Ramat Gan,Pizza,gluten_free,2025-08-23
883,55+,Givatayim,Greek,kosher,2025-05-06
884,25-34,Ashdod,Vegan,low_carb,2025-06-29
885,45-54,Beer Sheva,Japanese,vegetarian,2023-04-23
886,35-44,Beer Sheva,Israeli,kosher,2024-11-25
887,55+,Beer Sheva,Italian,low_carb,2023-10-21
888,35-44,Jerusalem,Asian,low_carb,2024-06-18
889,35-44,Haifa,Mediterranean,gluten_free,2024-01-22
890,18-24,Rishon LeZion,Vegan,halal,2025-03-12
891,45-54,Givatayim,Israeli,low_carb,2023-04-02
892,25-34,Tel Aviv,Mexican,halal,2023-11-10
893,25-34,Ramat Gan,Israeli,vegetarian,2025-06-30
894,35-44,Ashdod,Mediterranean,vegetarian,2023-12-12
895,35-44,Ashdod,Greek,none,2024-06-12
896,45-54,Ramat Gan,Italian,low_carb,2025-02-11
897,35-44,Rishon LeZion,Vegan,halal,2024-09-24
898,35-44,Eilat,Mexican,vegetarian,2025-01-31
899,45-54,Rehovot,Israeli,vegetarian,2024-02-13
900,18-24,Petah Tikva,Burger,vegetarian,2023-12-03
901,35-44,Ashdod,Mexican,low_carb,2025-03-04
902,45-54,Holon,Vegan,none,2023-09-04
903,45-54,Ashdod,Mediterranean,kosher,2023-08-06
904,45-54,Holon,Burger,halal,2023-01-02
905,35-44,Holon,Pizza,vegetarian,2023-05-07
906,45-54,Ramat Gan,Italian,kosher,2024-10-14
907,25-34,Herzliya,Mexican,halal,2023-11-23
908,55+,Netanya,Israeli,kosher,2024-05-28
909,25-34,Haifa,Israeli,vegan,2023-01-04
910,45-54,Holon,Mexican,halal,2024-12-01
911,18-24,Holon,Thai,vegetarian,2024-07-10
912,35-44,Ashdod,Greek,none,2023-11-11
913,45-54,Rehovot,Greek,halal,2025-03-26
914,35-44,Beer Sheva,Vegan,vegan,2025-06-17
915,35-44,Petah Tikva,Mexican,vegetarian,2024-05-11
916,35-44,Ramat Gan,Mexican,low_carb,2023-03-26
917,35-44,Givatayim,Steakhouse,vegan,2024-07-09
918,25-34,Herzliya,Vegan,none,2024-05-22
919,55+,Tel Aviv,Asian,none,2024-06-04
920,25-34,Holon,Cafe,halal,2024-04-11
921,18-24,Ashdod,Cafe,low_carb,2025-09-05
922,18-24,Jerusalem,Israeli,kosher,2025-01-25
923,35-44,Holon,Steakhouse,vegan,2023-06-21
924,45-54,Eilat,Asian,low_carb,2025-04-16
925,35-44,Rishon LeZion,Sushi,kosher,2024-03-02
926,18-24,Petah Tikva,Israeli,vegan,2025-09-26
927,35-44,Beer Sheva,Mediterranean,none,2025-07-30
928,35-44,Eilat,Mexican,vegetarian,2025-09-08
929,45-54,Beer Sheva,Sushi,halal,2024-08-12
930,18-24,Kfar Saba,Indian,vegetarian,2023-12-01
931,55+,Kfar Saba,Japanese,halal,2024-03-08
932,45-54,Herzliya,Seafood,vegan,2024-07-16
933,45-54,Ramat Gan,Indian,none,2023-08-10
934,25-34,Haifa,Indian,halal,2023-09-13
935,35-44,Haifa,Steakhouse,vegetarian,2024-08-28
936,18-24,Netanya,Asian,vegetarian,2023-06-18
937,45-54,Petah Tikva,Steakhouse,vegetarian,2025-08-12
938,55+,Givatayim,Mexican,halal,2025-09-14
939,45-54,Jerusalem,Greek,low_carb,2025-04-20
940,55+,Jerusalem,Greek,gluten_free,2023-04-11
941,18-24,Petah Tikva,Vegan,vegetarian,2025-01-13
942,18-24,Petah Tikva,Japanese,low_carb,2023-02-16
943,55+,Holon,Mediterranean,kosher,2024-02-06
944,18-24,Beer Sheva,Israeli,kosher,2024-10-27
945,25-34,Tel Aviv,Burger,gluten_free,2023-09-04
946,55+,Kfar Saba,Greek,gluten_free,2023-01-08
947,35-44,Beer Sheva,Italian,vegan,2024-02-24
948,55+,Haifa,Seafood,vegetarian,2024-07-21
949,35-44,Beer Sheva,Greek,low_carb,2025-09-03
950,45-54,Holon,Indian,vegetarian,2024-06-28
951,25-34,Givatayim,Japanese,vegan,2024-10-25
952,35-44,Jerusalem,Seafood,vegetarian,2023-01-21
953,55+,Rishon LeZion,Mexican,vegan,2025-01-21
954,45-54,Holon,Cafe,vegetarian,2024-12-14
955,45-54,Ramat Gan,Israeli,none,2025-01-25
956,55+,Haifa,Steakhouse,halal,2024-12-05
957,18-24,Beer Sheva,Burger,halal,2024-11-25
958,55+,Tel Aviv,Thai,none,2024-08-29
959,18-24,Holon,Japanese,gluten_free,2024-12-26
960,18-24,Rehovot,Mediterranean,low_carb,2025-06-16
961,35-44,Jerusalem,Mediterranean,vegetarian,2023-03-28
962,18-24,Eilat,Cafe,halal,2024-11-30
963,45-54,Eilat,Indian,gluten_free,2025-08-09
964,35-44,Ashdod,Steakhouse,gluten_free,2024-02-20
965,25-34,Rishon LeZion,Steakhouse,vegan,2024-06-26
966,25-34,Kfar Saba,Seafood,kosher,2024-03-05
967,45-54,Petah Tikva,Vegan,vegan,2025-07-08
968,25-34,Petah Tikva,Burger,vegetarian,2025-01-02
969,25-34,Eilat,Cafe,kosher,2024-01-26
970,25-34,Jerusalem,Mediterranean,none,2023-03-03
971,55+,Beer Sheva,Greek,gluten_free,2024-11-19
972,35-44,Rishon LeZion,Italian,vegan,2025-08-24
973,25-34,Kfar Saba,Italian,none,2024-07-01
974,45-54,Herzliya,Mediterranean,vegetarian,2023-07-02
975,35-44,Haifa,Indian,halal,2025-04-23
976,35-44,Eilat,Greek,none,2024-01-04
977,45-54,Netanya,Asian,kosher,2023-03-24
978,25-34,Ramat Gan,Pizza,halal,2024-12-26
979,25-34,Petah Tikva,Cafe,halal,2024-11-29
980,25-34,Beer Sheva,Mediterranean,kosher,2023-09-11
981,18-24,Haifa,Burger,none,2025-04-04
982,45-54,Holon,Japanese,kosher,2024-05-15
983,18-24,Ashdod,Pizza,vegetarian,2024-01-12
984,45-54,Beer Sheva,Pizza,gluten_free,2025-06-05
985,18-24,Holon,Japanese,low_carb,2024-10-06
986,18-24,Beer Sheva,Vegan,halal,2023-01-25
987,25-34,Givatayim,Mediterranean,vegetarian,2023-09-04
988,35-44,Herzliya,Mediterranean,halal,2023-10-31
989,45-54,Ashdod,Seafood,low_carb,2025-08-13
990,25-34,Ramat Gan,Cafe,kosher,2023-09-23
991,45-54,Holon,Japanese,vegan,2023-04-16
992,25-34,Herzliya,Japanese,none,2024-06-17
993,25-34,Ramat Gan,Vegan,vegan,2023-07-12
994,25-34,Kfar Saba,Burger,vegan,2025-08-31
995,35-44,Rehovot,Thai,low_carb,2024-09-11
996,35-44,Rehovot,Israeli,halal,2025-09-01
997,18-24,Eilat,Mexican,gluten_free,2023-03-09
998,25-34,Eilat,Sushi,vegan,2025-04-13
999,45-54,Givatayim,Pizza,gluten_free,2023-11-10
1000,35-44,Kfar Saba,Thai,vegan,2023-11-28
1001,18-24,Tel Aviv,Pizza,vegetarian,2023-10-06
1002,55+,Herzliya,Israeli,kosher,2025-02-09
1003,25-34,Petah Tikva,Japanese,low_carb,2023-03-09
1004,55+,Givatayim,Italian,none,2023-01-05
1005,35-44,Tel Aviv,Mexican,kosher,2024-01-30
1006,18-24,Holon,Greek,kosher,2023-09-22
1007,25-34,Rishon LeZion,Asian,low_carb,2024-12-29
1008,25-34,Jerusalem,Pizza,none,2024-08-10
1009,18-24,Givatayim,Greek,low_carb,2025-06-09
1010,25-34,Eilat,Vegan,halal,2025-08-12
1011,25-34,Haifa,Asian,none,2023-01-11
1012,45-54,Haifa,Mediterranean,vegan,2024-01-16
1013,55+,Rehovot,Pizza,vegetarian,2024-09-09
1014,35-44,Herzliya,Seafood,none,2025-05-03
1015,35-44,Jerusalem,Sushi,halal,2023-07-17
1016,18-24,Jerusalem,Pizza,none,2025-05-25
1017,18-24,Rehovot,Italian,halal,2023-06-22
1018,25-34,Ashdod,Israeli,gluten_free,2023-04-16
1019,18-24,Rehovot,Vegan,kosher,2024-03-13
1020,45-54,Netanya,Israeli,vegetarian,2023-10-10
1021,55+,Rishon LeZion,Burger,vegan,2023-02-12
1022,25-34,Givatayim,Israeli,kosher,2024-11-11
1023,35-44,Tel Aviv,Seafood,low_carb,2025-05-28
1024,18-24,Rishon LeZion,Indian,gluten_free,2024-11-01
1025,25-34,Herzliya,Mediterranean,vegetarian,2024-06-26
1026,45-54,Ramat Gan,Asian,low_carb,2025-01-02
1027,55+,Ashdod,Greek,halal,2025-01-23
1028,35-44,Haifa,Indian,halal,2023-07-01
1029,35-44,Givatayim,Cafe,kosher,2023-01-31
1030,55+,Herzliya,Vegan,kosher,2024-10-04
1031,35-44,Ramat Gan,Mexican,gluten_free,2024-07-21
1032,18-24,Beer Sheva,Thai,gluten_free,2025-09-21
1033,55+,Kfar Saba,Steakhouse,vegetarian,2024-11-02
1034,25-34,Rishon LeZion,Indian,halal,2023-10-30
1035,55+,Herzliya,Indian,low_carb,2023-09-05
1036,25-34,Herzliya,Thai,halal,2024-06-28
1037,45-54,Ashdod,Seafood,vegan,2023-12-18
1038,25-34,Holon,Japanese,kosher,2024-05-17
1039,55+,Kfar Saba,Indian,vegan,2024-11-23
1040,25-34,Petah Tikva,Vegan,vegetarian,2025-03-18
1041,18-24,Holon,Steakhouse,gluten_free,2023-02-25
1042,45-54,Petah Tikva,Greek,vegetarian,2024-01-04
1043,18-24,Givatayim,Steakhouse,kosher,2023-02-28
1044,55+,Herzliya,Burger,low_carb,2024-06-05
1045,45-54,Ashdod,Burger,none,2025-09-26
1046,18-24,Haifa,Pizza,none,2023-09-05
1047,18-24,Holon,Greek,halal,2024-11-01
1048,18-24,Ashdod,Israeli,gluten_free,2025-03-01
1049,55+,Ramat Gan,Japanese,kosher,2025-07-01
1050,55+,Rehovot,Burger,kosher,2024-06-03
1051,35-44,Netanya,Cafe,gluten_free,2023-10-24
1052,45-54,Tel Aviv,Indian,vegetarian,2023-07-29
1053,55+,Petah Tikva,Italian,gluten_free,2024-10-20
1054,55+,Tel Aviv,Mexican,gluten_free,2025-07-22
1055,18-24,Givatayim,Japanese,vegan,2023-08-25
1056,18-24,Ashdod,Steakhouse,low_carb,2024-12-31
1057,55+,Rishon LeZion,Asian,kosher,2024-02-10
1058,25-34,Tel Aviv,Italian,vegan,2024-09-10
1059,55+,Holon,Asian,low_carb,2024-07-02
1060,25-34,Givatayim,Seafood,low_carb,2024-11-09
1061,35-44,Rehovot,Greek,none,2024-09-06
1062,55+,Ramat Gan,Mediterranean,kosher,2023-11-06
1063,25-34,Rehovot,Burger,vegan,2024-08-26
1064,18-24,Holon,Pizza,vegan,2025-04-11
1065,45-54,Herzliya,Pizza,gluten_free,2025-04-07
1066,18-24,Givatayim,Seafood,low_carb,2023-07-10
1067,45-54,Petah Tikva,Burger,gluten_free,2024-01-21
1068,18-24,Herzliya,Steakhouse,gluten_free,2023-06-10
1069,45-54,Holon,Italian,gluten_free,2023-07-17
1070,18-24,Rehovot,Mediterranean,vegetarian,2024-10-03
1071,35-44,Ramat Gan,Steakhouse,vegan,2023-03-15
1072,25-34,Ramat Gan,Greek,halal,2023-05-09
1073,18-24,Petah Tikva,Israeli,kosher,2024-11-04
1074,18-24,Rishon LeZion,Asian,none,2024-02-16
1075,25-34,Rishon LeZion,Vegan,kosher,2023-11-20
1076,45-54,Holon,Cafe,halal,2025-02-10
1077,55+,Tel Aviv,Cafe,gluten_free,2024-05-06
1078,45-54,Petah Tikva,Indian,vegan,2024-06-24
1079,45-54,Ramat Gan,Israeli,vegetarian,2023-01-02
1080,55+,Netanya,Seafood,kosher,2023-12-01
1081,25-34,Rishon LeZion,Sushi,vegan,2023-12-19
1082,25-34,Jerusalem,Seafood,halal,2025-08-11
1083,25-34,Givatayim,Asian,vegan,2024-01-20
1084,35-44,Petah Tikva,Israeli,vegan,2023-12-06
1085,45-54,Netanya,Israeli,low_carb,2023-06-16
1086,45-54,Ashdod,Japanese,halal,2025-06-21
1087,55+,Ramat Gan,Steakhouse,vegetarian,2024-12-01
1088,25-34,Kfar Saba,Thai,halal,2025-03-23
1089,18-24,Kfar Saba,Italian,none,2024-10-09
1090,55+,Holon,Japanese,gluten_free,2024-01-26
1091,25-34,Beer Sheva,Thai,none,2024-06-07
1092,35-44,Rishon LeZion,Pizza,gluten_free,2023-07-07
1093,45-54,Rishon LeZion,Steakhouse,low_carb,2023-10-06
1094,45-54,Beer Sheva,Mediterranean,gluten_free,2023-09-06
1095,55+,Givatayim,Mexican,vegan,2025-03-05
1096,55+,Jerusalem,Italian,none,2023-09-18
1097,35-44,Rishon LeZion,Mediterranean,gluten_free,2023-01-31
1098,35-44,Beer Sheva,Cafe,halal,2023-07-01
1099,55+,Kfar Saba,Greek,gluten_free,2024-10-24
1100,45-54,Ashdod,Greek,none,2025-03-27
1101,45-54,Rishon LeZion,Sushi,kosher,2024-03-29
1102,18-24,Holon,Steakhouse,low_carb,2023-05-15
1103,35-44,Netanya,Mediterranean,low_carb,2024-08-28
1104,25-34,Haifa,Burger,kosher,2023-05-11
1105,55+,Eilat,Mediterranean,halal,2024-09-10
1106,35-44,Herzliya,Israeli,gluten_free,2023-10-23
1107,25-34,Jerusalem,Pizza,none,2024-01-10
1108,18-24,Eilat,Thai,kosher,2025-08-10
1109,35-44,Eilat,Sushi,vegan,2023-01-05
1110,45-54,Holon,Cafe,low_carb,2025-03-30
1111,25-34,Beer Sheva,Mexican,low_carb,2023-02-25
1112,25-34,Holon,Mexican,halal,2024-06-08
1113,55+,Beer Sheva,Burger,kosher,2025-09-15
1114,25-34,Kfar Saba,Seafood,vegan,2024-10-26
1115,35-44,Holon,Vegan,low_carb,2024-10-15
1116,25-34,Ashdod,Mexican,kosher,2023-09-09
1117,18-24,Beer Sheva,Cafe,gluten_free,2023-12-15
1118,25-34,Rishon LeZion,Pizza,vegan,2023-02-12
1119,55+,Herzliya,Greek,gluten_free,2023-06-30
1120,45-54,Haifa,Italian,none,2023-06-07
1121,45-54,Givatayim,Indian,halal,2024-12-22
1122,25-34,Petah Tikva,Indian,vegetarian,2024-10-16
1123,35-44,Tel Aviv,Vegan,kosher,2023-05-25
1124,45-54,Rishon LeZion,Mediterranean,vegan,2024-12-28
1125,25-34,Rehovot,Sushi,low_carb,2023-09-26
1126,25-34,Kfar Saba,Japanese,gluten_free,2024-08-22
1127,45-54,Ramat Gan,Greek,vegan,2024-03-06
1128,55+,Ramat Gan,Mexican,vegan,2024-04-25
1129,18-24,Tel Aviv,Burger,gluten_free,2023-02-07
1130,25-34,Ashdod,Israeli,vegan,2023-04-22
1131,45-54,Kfar Saba,Italian,vegetarian,2024-05-24
1132,55+,Holon,Mexican,vegetarian,2023-09-01
1133,25-34,Netanya,Israeli,vegetarian,2023-04-04
1134,25-34,Givatayim,Japanese,halal,2024-10-09
1135,55+,Haifa,Mexican,vegetarian,2023-02-20
1136,45-54,Rishon LeZion,Pizza,vegetarian,2025-07-22
1137,18-24,Petah Tikva,Vegan,vegan,2024-06-05
1138,45-54,Kfar Saba,Thai,low_carb,2024-03-11
1139,18-24,Herzliya,Seafood,vegan,2024-11-09
1140,35-44,Tel Aviv,Cafe,none,2024-11-16
1141,55+,Jerusalem,Mexican,none,2023-05-10
1142,55+,Ramat Gan,Pizza,halal,2024-05-18
1143,55+,Jerusalem,Sushi,gluten_free,2023-01-03
1144,18-24,Ashdod,Greek,vegetarian,2023-11-11
1145,45-54,Netanya,Steakhouse,vegetarian,2023-12-11
1146,55+,Rehovot,Seafood,gluten_free,2024-03-03
1147,45-54,Netanya,Seafood,low_carb,2024-06-11
1148,25-34,Haifa,Thai,vegan,2025-03-14
1149,25-34,Kfar Saba,Vegan,low_carb,2024-07-17
1150,45-54,Eilat,Vegan,none,2024-12-16
1151,25-34,Ashdod,Pizza,vegetarian,2023-11-23
1152,45-54,Rishon LeZion,Israeli,halal,2023-09-29
1153,55+,Holon,Burger,vegetarian,2025-03-08
1154,35-44,Givatayim,Cafe,kosher,2024-08-26
1155,25-34,Givatayim,Indian,gluten_free,2023-05-05
1156,45-54,Ashdod,Pizza,low_carb,2023-05-15
1157,45-54,Netanya,Asian,vegetarian,2023-11-21
1158,18-24,Petah Tikva,Indian,vegetarian,2024-03-06
1159,55+,Ramat Gan,Seafood,low_carb,2023-03-09
1160,18-24,Holon,Italian,halal,2025-08-18
1161,25-34,Rehovot,Japanese,none,2023-02-10
1162,45-54,Netanya,Asian,low_carb,2025-07-28
1163,55+,Givatayim,Indian,vegan,2023-06-28
1164,55+,Kfar Saba,Mexican,vegan,2025-04-02
1165,18-24,Beer Sheva,Vegan,low_carb,2025-07-23
1166,25-34,Tel Aviv,Burger,vegetarian,2024-04-18
1167,45-54,Petah Tikva,Steakhouse,vegan,2023-04-04
1168,45-54,Ashdod,Japanese,vegan,2025-07-30
1169,45-54,Ashdod,Seafood,vegan,2023-05-02
1170,35-44,Haifa,Mexican,vegetarian,2024-03-01
1171,25-34,Petah Tikva,Italian,vegan,2023-06-15
1172,18-24,Netanya,Burger,gluten_free,2025-05-28
1173,25-34,Herzliya,Asian,kosher,2025-06-09
1174,25-34,Jerusalem,Burger,vegetarian,2025-07-13
1175,18-24,Jerusalem,Israeli,halal,2024-04-17
1176,45-54,Givatayim,Indian,halal,2023-08-12
1177,35-44,Netanya,Pizza,kosher,2023-12-06
1178,18-24,Holon,Cafe,none,2023-03-14
1179,45-54,Jerusalem,Asian,halal,2023-07-17
1180,55+,Givatayim,Pizza,low_carb,2023-07-20
1181,45-54,Ashdod,Sushi,vegan,2024-02-07
1182,45-54,Herzliya,Mediterranean,gluten_free,2024-06-06
1183,25-34,Ramat Gan,Vegan,none,2025-01-09
1184,18-24,Herzliya,Italian,gluten_free,2024-05-26
1185,55+,Beer Sheva,Asian,kosher,2024-01-16
1186,45-54,Petah Tikva,Burger,vegan,2024-06-20
1187,55+,Kfar Saba,Israeli,vegetarian,2024-04-27
1188,35-44,Ramat Gan,Burger,low_carb,2023-04-11
1189,55+,Rishon LeZion,Italian,kosher,2023-07-02
1190,55+,Kfar Saba,Pizza,low_carb,2023-02-19
1191,55+,Netanya,Cafe,halal,2023-03-17
1192,18-24,Ashdod,Italian,low_carb,2023-04-23
1193,35-44,Haifa,Burger,halal,2025-04-25
1194,35-44,Ramat Gan,Israeli,vegetarian,2023-08-06
1195,18-24,Kfar Saba,Vegan,gluten_free,2025-09-13
1196,18-24,Beer Sheva,Mediterranean,none,2024-10-05
1197,35-44,Petah Tikva,Greek,gluten_free,2023-05-24
1198,18-24,Tel Aviv,Italian,gluten_free,2024-02-23
1199,55+,Herzliya,Indian,low_carb,2023-03-13
1200,35-44,Rishon LeZion,Japanese,vegan,2025-03-12
1201,45-54,Rishon LeZion,Vegan,gluten_free,2025-05-26
1202,25-34,Givatayim,Israeli,low_carb,2024-02-19
1203,25-34,Beer Sheva,Greek,none,2023-02-22
1204,55+,Rishon LeZion,Mexican,gluten_free,2024-01-05
1205,25-34,Jerusalem,Pizza,none,2023-10-25
1206,35-44,Rehovot,Greek,low_carb,2024-07-08
1207,45-54,Rehovot,Asian,halal,2023-04-20
1208,55+,Givatayim,Steakhouse,gluten_free,2024-10-23
1209,35-44,Rishon LeZion,Thai,kosher,2023-04-20
1210,45-54,Haifa,Israeli,vegan,2025-04-18
1211,18-24,Herzliya,Mediterranean,halal,2023-11-21
1212,25-34,Petah Tikva,Burger,vegetarian,2023-02-22
1213,18-24,Rishon LeZion,Pizza,halal,2024-01-16
1214,35-44,Holon,Sushi,halal,2024-10-31
1215,35-44,Kfar Saba,Cafe,halal,2024-07-16
1216,35-44,Herzliya,Pizza,gluten_free,2024-02-23
1217,25-34,Ashdod,Seafood,kosher,2025-01-04
1218,25-34,Ramat Gan,Vegan,vegan,2023-12-07
1219,55+,Kfar Saba,Seafood,low_carb,2024-08-31
1220,55+,Petah Tikva,Steakhouse,none,2024-10-24
1221,25-34,Beer Sheva,Sushi,halal,2024-01-23
1222,55+,Netanya,Asian,vegetarian,2023-07-07
1223,18-24,Kfar Saba,Italian,gluten_free,2024-07-30
1224,55+,Rishon LeZion,Pizza,vegetarian,2024-08-05
1225,45-54,Rishon LeZion,Thai,low_carb,2024-07-10
1226,45-54,Haifa,Sushi,halal,2023-12-01
1227,18-24,Jerusalem,Mediterranean,gluten_free,2024-02-04
1228,55+,Rehovot,Japanese,gluten_free,2023-07-24
1229,25-34,Jerusalem,Mediterranean,low_carb,2024-03-06
1230,25-34,Kfar Saba,Thai,low_carb,2024-05-04
1231,35-44,Herzliya,Mediterranean,none,2023-10-10
1232,45-54,Holon,Cafe,none,2024-11-23
1233,45-54,Rishon LeZion,Steakhouse,vegan,2023-01-11
1234,25-34,Holon,Pizza,low_carb,2025-06-12
1235,35-44,Kfar Saba,Pizza,none,2025-08-26
1236,18-24,Netanya,Israeli,gluten_free,2025-01-09
1237,35-44,Holon,Mexican,kosher,2024-08-26
1238,45-54,Tel Aviv,Vegan,vegetarian,2024-09-02
1239,45-54,Rishon LeZion,Mediterranean,kosher,2023-10-10
1240,18-24,Eilat,Israeli,vegan,2023-09-21
1241,35-44,Holon,Asian,halal,2024-11-20
1242,35-44,Eilat,Sushi,halal,2025-07-09
1243,18-24,Givatayim,Thai,kosher,2025-06-09
1244,18-24,Petah Tikva,Sushi,none,2025-02-04
1245,35-44,Ramat Gan,Burger,low_carb,2025-08-19
1246,55+,Beer Sheva,Burger,halal,2025-06-06
1247,35-44,Rishon LeZion,Vegan,vegetarian,2023-12-06
1248,18-24,Petah Tikva,Japanese,gluten_free,2025-09-12
1249,25-34,Ashdod,Sushi,none,2023-12-21
1250,55+,Rishon LeZion,Pizza,low_carb,2024-10-14
1251,25-34,Givatayim,Japanese,kosher,2024-07-20
1252,55+,Ashdod,Pizza,low_carb,2023-05-25
1253,55+,Eilat,Cafe,low_carb,2023-07-18
1254,55+,Kfar Saba,Seafood,none,2023-04-19
1255,55+,Netanya,Steakhouse,vegan,2024-12-28
1256,25-34,Eilat,Cafe,vegan,2023-09-07
1257,18-24,Petah Tikva,Pizza,gluten_free,2023-12-30
1258,35-44,Rishon LeZion,Mediterranean,gluten_free,2024-12-27
1259,25-34,Jerusalem,Greek,low_carb,2023-05-13
1260,55+,Beer Sheva,Mexican,vegetarian,2024-06-13
1261,25-34,Ashdod,Greek,none,2024-09-08
1262,18-24,Petah Tikva,Greek,vegan,2023-11-05
1263,35-44,Holon,Asian,vegan,2023-11-22
1264,18-24,Kfar Saba,Cafe,none,2023-02-17
1265,35-44,Rehovot,Italian,gluten_free,2023-08-24
1266,45-54,Beer Sheva,Seafood,halal,2024-08-01
1267,25-34,Eilat,Greek,halal,2025-05-10
1268,45-54,Haifa,Mexican,vegetarian,2023-01-13
1269,18-24,Ramat Gan,Steakhouse,kosher,2023-09-08
1270,18-24,Kfar Saba,Cafe,vegetarian,2024-02-24
1271,18-24,Ashdod,Cafe,vegetarian,2024-05-06
1272,35-44,Rishon LeZion,Japanese,halal,2023-08-17
1273,25-34,Ramat Gan,Seafood,none,2025-08-04
1274,35-44,Holon,Sushi,low_carb,2024-06-23
1275,35-44,Givatayim,Thai,vegetarian,2024-03-30
1276,18-24,Kfar Saba,Italian,gluten_free,2025-08-25
1277,55+,Eilat,Thai,low_carb,2025-03-09
1278,25-34,Netanya,Seafood,vegetarian,2024-06-17
1279,35-44,Beer Sheva,Mexican,vegetarian,2024-01-21
1280,18-24,Eilat,Greek,halal,2025-08-08
1281,35-44,Netanya,Burger,none,2023-02-02
1282,45-54,Netanya,Italian,halal,2024-11-19
1283,35-44,Rishon LeZion,Mediterranean,halal,2023-11-02
1284,45-54,Ramat Gan,Vegan,halal,2023-02-13
1285,45-54,Givatayim,Pizza,low_carb,2025-05-29
1286,25-34,Rehovot,Italian,kosher,2023-11-16
1287,35-44,Kfar Saba,Vegan,none,2023-10-24
1288,25-34,Rishon LeZion,Steakhouse,vegan,2023-08-27
1289,55+,Tel Aviv,Greek,gluten_free,2024-02-09
1290,18-24,Ashdod,Israeli,vegetarian,2024-01-20
1291,45-54,Herzliya,Sushi,vegetarian,2023-02-22
1292,18-24,Eilat,Mexican,vegan,2024-03-31
1293,55+,Kfar Saba,Cafe,gluten_free,2024-08-17
1294,25-34,Beer Sheva,Japanese,vegan,2025-02-10
1295,18-24,Givatayim,Israeli,vegetarian,2023-09-26
1296,45-54,Givatayim,Burger,none,2024-06-14
1297,35-44,Kfar Saba,Thai,none,2023-11-17
1298,35-44,Herzliya,Cafe,vegan,2025-04-25
1299,35-44,Tel Aviv,Israeli,none,2025-09-10
1300,25-34,Ashdod,Seafood,low_carb,2023-01-29
1301,35-44,Eilat,Steakhouse,halal,2023-10-15
1302,18-24,Ramat Gan,Thai,low_carb,2024-01-31
1303,45-54,Petah Tikva,Steakhouse,vegetarian,2023-01-02
1304,18-24,Tel Aviv,Greek,low_carb,2023-09-26
1305,55+,Beer Sheva,Mediterranean,vegetarian,2023-04-20
1306,25-34,Ramat Gan,Vegan,halal,2024-08-05
1307,25-34,Herzliya,Indian,halal,2024-08-15
1308,45-54,Givatayim,Pizza,kosher,2025-08-23
1309,25-34,Beer Sheva,Mexican,kosher,2023-12-03
1310,45-54,Rishon LeZion,Thai,kosher,2024-09-08
1311,18-24,Haifa,Mediterranean,low_carb,2025-03-15
1312,45-54,Ramat Gan,Burger,halal,2023-07-22
1313,35-44,Rehovot,Sushi,low_carb,2023-07-23
1314,35-44,Rishon LeZion,Mexican,halal,2023-11-17
1315,35-44,Kfar Saba,Sushi,none,2023-12-21
1316,45-54,Rehovot,Pizza,gluten_free,2023-05-06
1317,18-24,Givatayim,Greek,vegan,2023-03-17
1318,25-34,Ashdod,Thai,vegetarian,2025-08-12
1319,55+,Beer Sheva,Mediterranean,vegetarian,2024-03-29
1320,45-54,Beer Sheva,Israeli,gluten_free,2024-01-05
1321,18-24,Rishon LeZion,Greek,none,2023-11-11
1322,18-24,Kfar Saba,Burger,halal,2024-10-30
1323,45-54,Kfar Saba,Indian,none,2023-10-13
1324,45-54,Jerusalem,Indian,halal,2024-07-05
1325,18-24,Netanya,Mediterranean,halal,2024-02-19
1326,55+,Beer Sheva,Japanese,gluten_free,2024-02-09
1327,45-54,Beer Sheva,Cafe,gluten_free,2025-07-21
1328,55+,Netanya,Asian,low_carb,2024-11-26
1329,45-54,Ramat Gan,Indian,none,2023-09-29
1330,45-54,Kfar Saba,Vegan,vegan,2024-03-05
1331,45-54,Eilat,Greek,gluten_free,2024-05-10
1332,45-54,Kfar Saba,Pizza,gluten_free,2023-02-26
1333,45-54,Givatayim,Israeli,kosher,2024-04-16
1334,55+,Eilat,Asian,gluten_free,2023-04-16
1335,25-34,Kfar Saba,Seafood,halal,2024-12-28
1336,18-24,Herzliya,Steakhouse,halal,2025-09-15
1337,45-54,Rehovot,Sushi,halal,2025-02-17
1338,35-44,Ramat Gan,Mediterranean,halal,2023-04-10
1339,25-34,Ashdod,Sushi,vegetarian,2023-02-02
1340,25-34,Herzliya,Vegan,kosher,2023-03-22
1341,18-24,Ramat Gan,Greek,gluten_free,2025-01-17
1342,18-24,Jerusalem,Japanese,gluten_free,2024-05-12
1343,55+,Jerusalem,Japanese,none,2025-03-19
1344,18-24,Beer Sheva,Mediterranean,vegetarian,2025-05-06
1345,18-24,Tel Aviv,Mexican,none,2024-02-01
1346,25-34,Haifa,Indian,vegan,2024-12-20
1347,18-24,Kfar Saba,Steakhouse,vegan,2025-04-24
1348,25-34,Rehovot,Cafe,vegetarian,2023-12-14
1349,25-34,Rehovot,Thai,vegan,2024-06-28
1350,18-24,Ashdod,Indian,kosher,2024-04-07
1351,25-34,Beer Sheva,Indian,kosher,2023-03-19
1352,55+,Eilat,Seafood,none,2025-05-26
1353,55+,Herzliya,Israeli,vegetarian,2025-08-17
1354,55+,Beer Sheva,Vegan,gluten_free,2024-09-11
1355,18-24,Rishon LeZion,Italian,gluten_free,2025-02-20
1356,18-24,Jerusalem,Seafood,halal,2024-02-03
1357,35-44,Rehovot,Thai,none,2023-01-08
1358,55+,Ramat Gan,Sushi,halal,2024-02-01
1359,35-44,Herzliya,Vegan,low_carb,2023-12-02
1360,35-44,Petah Tikva,Steakhouse,gluten_free,2024-01-19
1361,35-44,Givatayim,Cafe,vegetarian,2023-12-21
1362,55+,Haifa,Mediterranean,gluten_free,2024-06-19
1363,55+,Jerusalem,Thai,gluten_free,2025-09-01
1364,55+,Givatayim,Sushi,kosher,2024-06-10
1365,18-24,Rehovot,Mediterranean,halal,2024-04-02
1366,35-44,Kfar Saba,Thai,halal,2023-05-22
1367,45-54,Herzliya,Greek,none,2023-03-09
1368,25-34,Eilat,Mediterranean,low_carb,2023-01-20
1369,45-54,Ashdod,Burger,low_carb,2025-01-09
1370,35-44,Tel Aviv,Italian,gluten_free,2023-07-01
1371,25-34,Givatayim,Seafood,vegetarian,2023-10-12
1372,18-24,Herzliya,Steakhouse,kosher,2023-04-25
1373,25-34,Petah Tikva,Pizza,none,2023-06-30
1374,18-24,Holon,Steakhouse,none,2023-09-04
1375,18-24,Eilat,Cafe,vegan,2023-10-25
1376,25-34,Petah Tikva,Cafe,low_carb,2024-05-17
1377,45-54,Ashdod,Vegan,low_carb,2024-05-02
1378,18-24,Beer Sheva,Mediterranean,vegetarian,2023-11-12
1379,18-24,Rehovot,Burger,gluten_free,2025-06-22
1380,35-44,Jerusalem,Burger,low_carb,2023-12-21
1381,55+,Herzliya,Thai,vegetarian,2025-05-08
1382,35-44,Herzliya,Mexican,halal,2025-02-22
1383,55+,Jerusalem,Asian,none,2023-07-15
1384,45-54,Tel Aviv,Sushi,vegan,2024-12-11
1385,35-44,Jerusalem,Cafe,low_carb,2023-07-05
1386,18-24,Rehovot,Mediterranean,halal,2024-06-27
1387,25-34,Kfar Saba,Thai,kosher,2025-09-01
1388,55+,Netanya,Italian,vegetarian,2023-09-06
1389,55+,Tel Aviv,Seafood,kosher,2024-07-07
1390,45-54,Ramat Gan,Greek,none,2025-07-12
1391,55+,Ashdod,Sushi,gluten_free,2023-09-02
1392,35-44,Jerusalem,Thai,halal,2023-04-27
1393,45-54,Givatayim,Pizza,kosher,2023-04-13
1394,25-34,Eilat,Israeli,low_carb,2024-07-30
1395,25-34,Beer Sheva,Asian,vegetarian,2023-10-06
1396,55+,Givatayim,Mexican,gluten_free,2024-12-11
1397,25-34,Rishon LeZion,Thai,vegetarian,2025-05-09
1398,45-54,Kfar Saba,Asian,vegetarian,2024-09-17
1399,18-24,Beer Sheva,Seafood,vegetarian,2025-02-18
1400,45-54,Holon,Burger,gluten_free,2025-07-24
1401,45-54,Petah Tikva,Mediterranean,none,2025-08-05
1402,18-24,Kfar Saba,Indian,vegetarian,2024-05-21
1403,25-34,Haifa,Steakhouse,vegan,2023-02-24
1404,25-34,Herzliya,Japanese,vegetarian,2023-07-31
1405,35-44,Ashdod,Greek,gluten_free,2024-12-05
1406,55+,Netanya,Greek,kosher,2024-05-07
1407,55+,Holon,Seafood,gluten_free,2023-10-17
1408,35-44,Eilat,Asian,vegan,2024-12-28
1409,18-24,Herzliya,Japanese,vegan,2023-03-23
1410,18-24,Eilat,Mexican,kosher,2025-04-13
1411,35-44,Haifa,Israeli,low_carb,2023-08-03
1412,18-24,Petah Tikva,Mediterranean,kosher,2025-05-06
1413,35-44,Givatayim,Mexican,halal,2025-01-27
1414,18-24,Holon,Mediterranean,low_carb,2025-05-14
1415,35-44,Kfar Saba,Sushi,gluten_free,2025-02-10
1416,55+,Givatayim,Sushi,halal,2023-07-19
1417,18-24,Givatayim,Pizza,low_carb,2023-12-01
1418,55+,Holon,Thai,vegan,2023-05-11
1419,35-44,Ramat Gan,Thai,kosher,2023-09-20
1420,35-44,Beer Sheva,Seafood,low_carb,2025-01-31
1421,35-44,Tel Aviv,Cafe,none,2023-02-18
1422,18-24,Holon,Pizza,kosher,2025-06-09
1423,55+,Haifa,Burger,gluten_free,2023-06-03
1424,18-24,Tel Aviv,Indian,low_carb,2025-05-07
1425,35-44,Tel Aviv,Vegan,vegan,2024-07-25
1426,18-24,Herzliya,Italian,vegan,2023-01-26
1427,18-24,Tel Aviv,Israeli,gluten_free,2025-03-15
1428,55+,Ramat Gan,Vegan,vegan,2023-08-07
1429,45-54,Holon,Indian,vegan,2024-04-01
1430,25-34,Netanya,Japanese,none,2023-03-16
1431,35-44,Rehovot,Italian,low_carb,2025-07-14
1432,55+,Givatayim,Sushi,halal,2024-12-18
1433,55+,Kfar Saba,Pizza,vegan,2025-09-23
1434,55+,Netanya,Burger,kosher,2024-05-27
1435,25-34,Herzliya,Mediterranean,gluten_free,2024-04-11
1436,18-24,Beer Sheva,Sushi,kosher,2024-10-13
1437,18-24,Eilat,Cafe,halal,2023-06-12
1438,35-44,Netanya,Greek,none,2024-10-27
1439,35-44,Haifa,Asian,gluten_free,2023-11-07
1440,35-44,Beer Sheva,Asian,vegan,2023-10-01
1441,45-54,Tel Aviv,Italian,kosher,2024-10-21
1442,45-54,Rehovot,Japanese,kosher,2023-09-30
1443,45-54,Haifa,Vegan,none,2023-03-18
1444,18-24,Holon,Thai,gluten_free,2023-04-16
1445,55+,Eilat,Japanese,low_carb,2024-06-08
1446,25-34,Rehovot,Asian,low_carb,2025-04-07
1447,18-24,Beer Sheva,Pizza,kosher,2023-11-09
1448,55+,Rishon LeZion,Cafe,kosher,2024-06-10
1449,55+,Holon,Seafood,gluten_free,2023-01-30
1450,35-44,Petah Tikva,Sushi,kosher,2025-03-20
1451,55+,Holon,Indian,vegetarian,2024-08-14
1452,55+,Rehovot,Greek,vegan,2025-02-06
1453,35-44,Ramat Gan,Cafe,vegetarian,2024-04-19
1454,55+,Petah Tikva,Cafe,halal,2024-09-18
1455,45-54,Holon,Seafood,gluten_free,2023-01-30
1456,18-24,Netanya,Vegan,low_carb,2024-07-15
1457,55+,Eilat,Mexican,gluten_free,2025-05-13
1458,25-34,Herzliya,Pizza,vegan,2023-05-21
1459,45-54,Netanya,Japanese,kosher,2023-12-08
1460,55+,Herzliya,Mexican,none,2023-12-12
1461,25-34,Ashdod,Greek,low_carb,2024-03-04
1462,55+,Ramat Gan,Italian,vegan,2023-10-15
1463,25-34,Givatayim,Mediterranean,low_carb,2025-09-20
1464,55+,Ashdod,Pizza,low_carb,2025-01-18
1465,35-44,Rehovot,Indian,halal,2023-05-13
1466,18-24,Kfar Saba,Seafood,gluten_free,2023-06-10
1467,45-54,Ramat Gan,Cafe,gluten_free,2023-07-17
1468,35-44,Holon,Japanese,vegetarian,2024-07-20
1469,18-24,Tel Aviv,Japanese,halal,2024-08-15
1470,25-34,Petah Tikva,Vegan,none,2023-08-25
1471,45-54,Petah Tikva,Vegan,halal,2023-05-05
1472,25-34,Kfar Saba,Cafe,vegetarian,2023-10-14
1473,45-54,Rishon LeZion,Mediterranean,kosher,2025-09-23
1474,55+,Rehovot,Seafood,halal,2025-09-15
1475,45-54,Rehovot,Mediterranean,gluten_free,2024-12-05
1476,45-54,Petah Tikva,Indian,none,2025-02-05
1477,45-54,Eilat,Vegan,vegan,2024-10-30
1478,35-44,Ashdod,Japanese,gluten_free,2024-07-06
1479,55+,Ashdod,Sushi,gluten_free,2023-04-30
1480,18-24,Beer Sheva,Italian,kosher,2025-02-21
1481,18-24,Holon,Pizza,halal,2024-02-08
1482,45-54,Netanya,Israeli,kosher,2023-02-27
1483,55+,Givatayim,Japanese,kosher,2024-07-17
1484,35-44,Holon,Greek,vegan,2023-04-14
1485,55+,Givatayim,Pizza,vegetarian,2025-02-27
1486,18-24,Eilat,Mediterranean,vegan,2023-01-30
1487,45-54,Rehovot,Seafood,none,2025-09-26
1488,18-24,Holon,Seafood,vegetarian,2023-10-31
1489,25-34,Haifa,Asian,kosher,2025-01-16
1490,35-44,Givatayim,Mediterranean,vegetarian,2024-10-02
1491,55+,Holon,Sushi,kosher,2025-04-02
1492,18-24,Kfar Saba,Pizza,gluten_free,2024-04-20
1493,35-44,Jerusalem,Japanese,gluten_free,2023-02-12
1494,45-54,Petah Tikva,Israeli,gluten_free,2023-01-03
1495,55+,Rishon LeZion,Mexican,vegan,2023-05-18
1496,35-44,Eilat,Italian,halal,2024-05-16
1497,45-54,Rehovot,Italian,low_carb,2024-01-07
1498,25-34,Netanya,Pizza,none,2025-08-08
1499,25-34,Jerusalem,Vegan,halal,2024-12-31
1500,25-34,Eilat,Burger,halal,2025-03-21
1501,45-54,Eilat,Japanese,vegan,2025-04-10
1502,55+,Netanya,Japanese,none,2024-01-14
1503,18-24,Ramat Gan,Italian,halal,2024-11-08
1504,45-54,Herzliya,Japanese,low_carb,2024-06-22
1505,35-44,Holon,Asian,none,2024-12-03
1506,18-24,Netanya,Japanese,vegan,2025-09-11
1507,55+,Haifa,Mexican,vegetarian,2023-11-16
1508,45-54,Ashdod,Asian,low_carb,2025-01-29
1509,45-54,Givatayim,Greek,vegan,2024-02-22
1510,45-54,Petah Tikva,Seafood,halal,2025-03-08
1511,25-34,Givatayim,Cafe,halal,2023-07-07
1512,25-34,Haifa,Thai,vegan,2025-08-10
1513,25-34,Givatayim,Asian,low_carb,2025-06-07
1514,35-44,Ramat Gan,Asian,kosher,2023-04-24
1515,55+,Holon,Mediterranean,vegetarian,2024-12-11
1516,25-34,Kfar Saba,Burger,kosher,2024-04-26
1517,35-44,Jerusalem,Burger,vegan,2023-01-26
1518,45-54,Eilat,Asian,halal,2023-11-20
1519,25-34,Eilat,Thai,halal,2023-12-14
1520,35-44,Beer Sheva,Israeli,low_carb,2023-09-03
1521,55+,Netanya,Greek,low_carb,2023-01-25
1522,45-54,Holon,Thai,low_carb,2024-09-16
1523,35-44,Ashdod,Israeli,vegetarian,2024-01-26
1524,55+,Eilat,Indian,vegan,2023-12-21
1525,35-44,Petah Tikva,Mexican,halal,2025-07-14
1526,25-34,Netanya,Sushi,halal,2023-10-27
1527,35-44,Herzliya,Indian,none,2024-03-04
1528,55+,Jerusalem,Vegan,none,2024-09-06
1529,45-54,Jerusalem,Steakhouse,halal,2023-10-07
1530,35-44,Givatayim,Italian,none,2024-06-09
1531,45-54,Jerusalem,Mediterranean,vegetarian,2023-10-09
1532,18-24,Givatayim,Italian,none,2025-09-24
1533,18-24,Netanya,Greek,halal,2024-07-28
1534,18-24,Tel Aviv,Cafe,low_carb,2025-02-27
1535,25-34,Netanya,Israeli,none,2025-09-23
1536,18-24,Rishon LeZion,Italian,kosher,2023-06-14
1537,55+,Givatayim,Sushi,gluten_free,2025-02-23
1538,35-44,Ashdod,Greek,kosher,2023-11-28
1539,45-54,Beer Sheva,Sushi,none,2023-11-09
1540,18-24,Jerusalem,Mexican,low_carb,2023-08-08
1541,55+,Rehovot,Indian,gluten_free,2023-08-27
1542,25-34,Rehovot,Steakhouse,vegan,2024-10-23
1543,55+,Ashdod,Vegan,gluten_free,2025-07-08
1544,35-44,Rehovot,Japanese,kosher,2024-04-05
1545,18-24,Haifa,Asian,gluten_free,2023-08-07
1546,55+,Tel Aviv,Burger,low_carb,2024-12-29
1547,45-54,Rishon LeZion,Steakhouse,kosher,2024-03-13
1548,45-54,Givatayim,Thai,none,2024-09-30
1549,35-44,Givatayim,Thai,halal,2024-01-04
1550,45-54,Haifa,Japanese,none,2024-02-24
1551,18-24,Givatayim,Vegan,vegan,2023-01-28
1552,18-24,Petah Tikva,Thai,gluten_free,2025-01-31
1553,45-54,Beer Sheva,Pizza,vegetarian,2023-02-04
1554,25-34,Petah Tikva,Greek,vegan,2024-02-19
1555,55+,Herzliya,Burger,vegetarian,2025-03-18
1556,35-44,Rishon LeZion,Sushi,none,2024-12-30
1557,35-44,Beer Sheva,Mexican,gluten_free,2024-08-20
1558,45-54,Rehovot,Pizza,low_carb,2023-10-25
1559,18-24,Rishon LeZion,Steakhouse,vegetarian,2025-05-10
1560,18-24,Ramat Gan,Burger,kosher,2025-09-08
1561,18-24,Netanya,Mediterranean,vegetarian,2025-06-14
1562,25-34,Netanya,Seafood,none,2024-01-30
1563,45-54,Petah Tikva,Israeli,low_carb,2025-02-01
1564,55+,Rehovot,Sushi,gluten_free,2024-09-22
1565,25-34,Ashdod,Pizza,vegan,2023-07-11
1566,18-24,Eilat,Greek,vegetarian,2025-08-03
1567,18-24,Eilat,Burger,halal,2023-01-20
1568,18-24,Haifa,Burger,vegetarian,2023-01-31
1569,18-24,Rehovot,Mexican,gluten_free,2024-09-08
1570,55+,Eilat,Thai,vegan,2025-08-09
1571,55+,Herzliya,Indian,low_carb,2025-08-18
1572,25-34,Herzliya,Pizza,kosher,2023-11-07
1573,45-54,Haifa,Greek,none,2024-06-02
1574,45-54,Netanya,Pizza,none,2023-06-28
1575,55+,Jerusalem,Mexican,kosher,2023-03-04
1576,25-34,Beer Sheva,Steakhouse,none,2024-09-27
1577,45-54,Ashdod,Steakhouse,vegan,2024-07-10
1578,18-24,Holon,Mediterranean,vegetarian,2024-06-05
1579,35-44,Haifa,Thai,kosher,2025-09-10
1580,55+,Tel Aviv,Israeli,vegetarian,2025-04-19
1581,25-34,Rishon LeZion,Cafe,none,2023-05-17
1582,35-44,Beer Sheva,Asian,kosher,2024-05-01
1583,25-34,Beer Sheva,Steakhouse,kosher,2024-06-28
1584,18-24,Rishon LeZion,Vegan,vegan,2024-10-26
1585,45-54,Haifa,Asian,gluten_free,2024-01-16
1586,55+,Jerusalem,Pizza,gluten_free,2024-09-22
1587,25-34,Kfar Saba,Vegan,none,2023-01-12
1588,25-34,Petah Tikva,Sushi,halal,2024-11-17
1589,18-24,Rishon LeZion,Israeli,vegan,2025-08-17
1590,25-34,Ramat Gan,Mediterranean,low_carb,2025-04-10
1591,18-24,Eilat,Cafe,halal,2024-08-17
1592,55+,Givatayim,Vegan,kosher,2023-09-09
1593,35-44,Herzliya,Vegan,low_carb,2024-04-26
1594,25-34,Herzliya,Japanese,low_carb,2024-08-06
1595,35-44,Ramat Gan,Pizza,low_carb,2024-07-11
1596,18-24,Holon,Pizza,gluten_free,2025-05-18
1597,18-24,Herzliya,Asian,vegetarian,2024-11-16
1598,18-24,Beer Sheva,Indian,vegan,2025-06-03
1599,55+,Jerusalem,Vegan,halal,2023-06-27
1600,25-34,Netanya,Pizza,vegan,2025-03-20
1601,35-44,Rishon LeZion,Greek,vegetarian,2025-06-03
1602,18-24,Ramat Gan,Asian,kosher,2023-06-24
1603,35-44,Jerusalem,Vegan,none,2025-07-02
1604,35-44,Jerusalem,Seafood,kosher,2024-05-28
1605,35-44,Givatayim,Italian,halal,2025-08-27
1606,35-44,Rishon LeZion,Indian,kosher,2024-04-19
1607,18-24,Netanya,Pizza,kosher,2025-04-20
1608,25-34,Eilat,Italian,halal,2023-09-05
1609,25-34,Petah Tikva,Asian,vegan,2024-11-06
1610,55+,Haifa,Asian,vegan,2024-04-08
1611,18-24,Jerusalem,Vegan,gluten_free,2025-05-24
1612,35-44,Haifa,Cafe,low_carb,2025-03-14
1613,55+,Rishon LeZion,Italian,halal,2024-07-31
1614,25-34,Ashdod,Seafood,halal,2024-06-21
1615,45-54,Eilat,Indian,kosher,2024-04-18
1616,25-34,Givatayim,Cafe,low_carb,2024-08-31
1617,25-34,Petah Tikva,Mexican,halal,2025-05-01
1618,25-34,Haifa,Vegan,low_carb,2023-08-19
1619,45-54,Eilat,Pizza,none,2024-05-27
1620,55+,Tel Aviv,Mexican,vegetarian,2025-04-04
1621,18-24,Holon,Israeli,kosher,2024-12-01
1622,18-24,Petah Tikva,Israeli,none,2025-05-08
1623,45-54,Tel Aviv,Sushi,vegan,2024-11-30
1624,55+,Holon,Pizza,vegetarian,2023-10-01
1625,25-34,Jerusalem,Pizza,low_carb,2024-04-19
1626,35-44,Haifa,Burger,gluten_free,2025-02-24
1627,45-54,Haifa,Burger,halal,2024-01-17
1628,18-24,Haifa,Japanese,vegetarian,2024-11-22
1629,25-34,Beer Sheva,Italian,vegan,2023-12-10
1630,45-54,Kfar Saba,Cafe,low_carb,2024-02-01
1631,25-34,Ashdod,Greek,halal,2023-01-06
1632,25-34,Ashdod,Seafood,none,2025-07-12
1633,25-34,Beer Sheva,Thai,low_carb,2025-02-11
1634,25-34,Ramat Gan,Burger,vegan,2024-04-06
1635,45-54,Herzliya,Thai,vegetarian,2023-08-14
1636,45-54,Rishon LeZion,Italian,vegan,2023-05-09
1637,25-34,Rehovot,Greek,vegan,2023-07-12
1638,18-24,Herzliya,Mediterranean,gluten_free,2024-01-26
1639,55+,Haifa,Steakhouse,none,2025-04-23
1640,55+,Kfar Saba,Italian,halal,2024-11-02
1641,35-44,Holon,Greek,vegan,2024-08-19
1642,25-34,Netanya,Japanese,kosher,2024-04-09
1643,55+,Kfar Saba,Mexican,vegan,2024-03-14
1644,45-54,Beer Sheva,Burger,low_carb,2024-07-30
1645,18-24,Rehovot,Italian,gluten_free,2024-05-10
1646,18-24,Petah Tikva,Steakhouse,vegan,2023-03-30
1647,55+,Givatayim,Vegan,halal,2023-12-26
1648,45-54,Rishon LeZion,Thai,low_carb,2025-08-21
1649,25-34,Holon,Israeli,vegan,2024-02-21
1650,35-44,Eilat,Greek,halal,2024-12-24
1651,55+,Petah Tikva,Mediterranean,gluten_free,2023-03-19
1652,45-54,Tel Aviv,Israeli,vegetarian,2023-05-01
1653,55+,Haifa,Israeli,low_carb,2023-05-03
1654,55+,Netanya,Mexican,vegan,2025-06-24
1655,45-54,Ramat Gan,Mediterranean,low_carb,2023-09-29
1656,35-44,Jerusalem,Mediterranean,vegetarian,2024-06-21
1657,35-44,Rishon LeZion,Cafe,kosher,2024-09-15
1658,35-44,Jerusalem,Greek,low_carb,2023-02-26
1659,25-34,Rehovot,Japanese,low_carb,2024-10-27
1660,18-24,Herzliya,Seafood,vegetarian,2024-01-30
1661,25-34,Ashdod,Cafe,vegan,2024-06-13
1662,35-44,Netanya,Cafe,vegetarian,2023-03-24
1663,45-54,Holon,Indian,gluten_free,2025-01-22
1664,25-34,Kfar Saba,Japanese,low_carb,2024-01-28
1665,45-54,Jerusalem,Sushi,low_carb,2025-09-11
1666,18-24,Holon,Israeli,vegan,2025-04-27
1667,55+,Herzliya,Mexican,low_carb,2023-10-06
1668,18-24,Rishon LeZion,Mexican,none,2025-04-09
1669,55+,Jerusalem,Steakhouse,low_carb,2024-06-13
1670,35-44,Petah Tikva,Pizza,low_carb,2025-05-10
1671,18-24,Ashdod,Greek,gluten_free,2023-03-10
1672,25-34,Holon,Vegan,kosher,2023-03-07
1673,18-24,Ashdod,Steakhouse,halal,2023-11-30
1674,25-34,Ashdod,Mexican,low_carb,2024-09-02
1675,45-54,Ashdod,Steakhouse,vegan,2025-02-15
1676,45-54,Ramat Gan,Sushi,none,2023-03-01
1677,25-34,Eilat,Vegan,none,2024-05-03
1678,55+,Kfar Saba,Indian,kosher,2024-04-06
1679,18-24,Tel Aviv,Thai,kosher,2023-07-21
1680,55+,Haifa,Vegan,low_carb,2025-08-11
1681,45-54,Holon,Pizza,low_carb,2023-12-12
1682,55+,Netanya,Pizza,none,2023-07-11
1683,45-54,Tel Aviv,Greek,gluten_free,2024-01-01
1684,25-34,Tel Aviv,Asian,vegetarian,2023-10-08
1685,55+,Givatayim,Indian,none,2025-06-10
1686,18-24,Ramat Gan,Japanese,low_carb,2025-06-19
1687,35-44,Ramat Gan,Mediterranean,vegetarian,2024-09-25
1688,45-54,Beer Sheva,Sushi,gluten_free,2023-10-28
1689,18-24,Ashdod,Mediterranean,vegetarian,2025-01-19
1690,55+,Jerusalem,Japanese,none,2023-12-31
1691,18-24,Eilat,Steakhouse,low_carb,2024-01-27
1692,45-54,Netanya,Steakhouse,none,2024-02-07
1693,25-34,Kfar Saba,Burger,kosher,2024-03-03
1694,55+,Tel Aviv,Cafe,halal,2023-04-30
1695,35-44,Eilat,Asian,gluten_free,2023-01-02
1696,25-34,Rehovot,Steakhouse,gluten_free,2024-02-23
1697,35-44,Eilat,Sushi,gluten_free,2024-10-12
1698,45-54,Haifa,Italian,gluten_free,2023-06-14
1699,45-54,Petah Tikva,Italian,halal,2024-02-07
1700,55+,Holon,Asian,vegetarian,2024-01-19
1701,18-24,Kfar Saba,Mediterranean,none,2025-02-19
1702,35-44,Givatayim,Indian,kosher,2023-09-09
1703,55+,Givatayim,Mexican,low_carb,2024-12-31
1704,45-54,Jerusalem,Asian,vegan,2024-12-28
1705,45-54,Rehovot,Burger,halal,2024-12-02
1706,25-34,Haifa,Japanese,none,2024-03-13
1707,25-34,Beer Sheva,Japanese,kosher,2023-10-12
1708,55+,Rishon LeZion,Pizza,vegan,2025-02-01
1709,25-34,Netanya,Japanese,vegan,2024-02-23
1710,45-54,Tel Aviv,Thai,halal,2024-12-22
1711,55+,Beer Sheva,Seafood,halal,2024-12-08
1712,45-54,Givatayim,Japanese,kosher,2023-02-05
1713,18-24,Herzliya,Pizza,gluten_free,2025-06-22
1714,55+,Tel Aviv,Mexican,kosher,2025-08-22
1715,25-34,Netanya,Vegan,none,2023-05-29
1716,25-34,Tel Aviv,Thai,none,2024-09-30
1717,25-34,Rishon LeZion,Seafood,vegan,2023-09-01
1718,45-54,Netanya,Pizza,kosher,2025-06-24
1719,35-44,Givatayim,Burger,vegetarian,2024-04-07
1720,18-24,Netanya,Greek,halal,2024-01-10
1721,18-24,Petah Tikva,Asian,low_carb,2023-07-01
1722,35-44,Kfar Saba,Greek,halal,2023-06-17
1723,35-44,Jerusalem,Vegan,vegetarian,2024-09-15
1724,45-54,Herzliya,Japanese,low_carb,2024-05-06
1725,45-54,Jerusalem,Sushi,none,2023-11-22
1726,18-24,Givatayim,Vegan,kosher,2023-12-30
1727,35-44,Eilat,Thai,vegan,2023-02-23
1728,45-54,Beer Sheva,Japanese,vegetarian,2025-04-24
1729,25-34,Eilat,Pizza,kosher,2024-03-24
1730,25-34,Eilat,Steakhouse,gluten_free,2024-10-05
1731,45-54,Jerusalem,Seafood,vegetarian,2023-05-13
1732,55+,Tel Aviv,Greek,low_carb,2024-12-11
1733,25-34,Rishon LeZion,Cafe,vegan,2023-10-25
1734,55+,Holon,Greek,halal,2023-09-03
1735,35-44,Netanya,Burger,gluten_free,2024-07-01
1736,18-24,Herzliya,Indian,low_carb,2025-08-17
1737,45-54,Ashdod,Sushi,vegan,2024-04-04
1738,18-24,Givatayim,Sushi,halal,2023-03-09
1739,25-34,Ashdod,Thai,none,2024-04-18
1740,35-44,Jerusalem,Greek,vegan,2024-10-30
1741,45-54,Netanya,Burger,kosher,2023-05-29
1742,18-24,Givatayim,Asian,vegan,2025-02-22
1743,55+,Herzliya,Seafood,low_carb,2023-04-21
1744,18-24,Kfar Saba,Greek,halal,2025-06-01
1745,18-24,Eilat,Indian,none,2025-02-24
1746,25-34,Holon,Seafood,none,2023-07-04
1747,45-54,Jerusalem,Indian,kosher,2024-05-24
1748,55+,Tel Aviv,Burger,low_carb,2025-08-04
1749,18-24,Kfar Saba,Steakhouse,none,2023-08-13
1750,55+,Jerusalem,Vegan,halal,2025-01-13
1751,45-54,Herzliya,Japanese,vegetarian,2023-08-29
1752,55+,Herzliya,Burger,kosher,2025-01-09
1753,18-24,Givatayim,Seafood,kosher,2025-03-01
1754,35-44,Rishon LeZion,Seafood,none,2023-09-18
1755,45-54,Rishon LeZion,Japanese,vegan,2023-03-27
1756,18-24,Givatayim,Thai,vegetarian,2025-03-23
1757,18-24,Ramat Gan,Vegan,halal,2023-11-29
1758,45-54,Herzliya,Italian,vegetarian,2023-10-29
1759,25-34,Beer Sheva,Mexican,gluten_free,2024-05-29
1760,55+,Holon,Indian,low_carb,2024-02-06
1761,35-44,Ramat Gan,Pizza,vegan,2024-05-16
1762,18-24,Holon,Indian,low_carb,2024-11-22
1763,25-34,Rehovot,Indian,halal,2025-04-26
1764,18-24,Petah Tikva,Sushi,vegan,2023-07-07
1765,35-44,Rehovot,Cafe,none,2025-06-19
1766,35-44,Herzliya,Asian,vegetarian,2025-03-11
1767,45-54,Jerusalem,Japanese,halal,2024-06-27
1768,25-34,Netanya,Pizza,kosher,2023-02-10
1769,45-54,Holon,Italian,gluten_free,2023-10-10
1770,55+,Netanya,Vegan,low_carb,2023-10-15
1771,45-54,Ashdod,Thai,low_carb,2023-08-05
1772,35-44,Ashdod,Asian,vegan,2023-01-16
1773,45-54,Ashdod,Burger,vegetarian,2023-12-25
1774,18-24,Givatayim,Mediterranean,gluten_free,2025-09-17
1775,35-44,Tel Aviv,Sushi,none,2025-07-19
1776,55+,Ramat Gan,Israeli,none,2025-04-17
1777,55+,Herzliya,Cafe,vegan,2024-10-10
1778,18-24,Beer Sheva,Thai,gluten_free,2023-12-10
1779,55+,Holon,Vegan,low_carb,2024-03-28
1780,35-44,Eilat,Seafood,gluten_free,2023-05-14
1781,55+,Haifa,Seafood,none,2024-12-31
1782,45-54,Ashdod,Sushi,vegetarian,2023-03-07
1783,18-24,Eilat,Japanese,kosher,2023-08-19
1784,35-44,Holon,Greek,kosher,2024-03-27
1785,25-34,Netanya,Sushi,halal,2023-10-07
1786,45-54,Jerusalem,Vegan,gluten_free,2024-03-28
1787,25-34,Holon,Greek,low_carb,2024-11-26
1788,25-34,Kfar Saba,Burger,vegetarian,2024-10-11
1789,55+,Jerusalem,Asian,vegan,2025-07-06
1790,25-34,Ramat Gan,Thai,none,2023-11-18
1791,45-54,Rishon LeZion,Steakhouse,kosher,2024-01-17
1792,45-54,Jerusalem,Steakhouse,halal,2024-09-04
1793,18-24,Tel Aviv,Asian,vegan,2024-11-25
1794,25-34,Ramat Gan,Seafood,gluten_free,2025-05-08
1795,35-44,Jerusalem,Vegan,vegetarian,2024-02-13
1796,45-54,Petah Tikva,Greek,vegetarian,2024-01-30
1797,55+,Holon,Mediterranean,halal,2023-12-06
1798,45-54,Givatayim,Cafe,none,2023-06-03
1799,18-24,Kfar Saba,Mediterranean,vegetarian,2024-06-28
1800,55+,Beer Sheva,Burger,gluten_free,2025-05-21
1801,35-44,Beer Sheva,Sushi,gluten_free,2025-04-06
1802,25-34,Jerusalem,Mexican,gluten_free,2024-08-06
1803,25-34,Netanya,Greek,vegan,2025-03-25
1804,18-24,Ramat Gan,Israeli,vegetarian,2025-08-15
1805,55+,Ramat Gan,Pizza,halal,2023-06-08
1806,35-44,Jerusalem,Pizza,low_carb,2023-06-12
1807,25-34,Beer Sheva,Asian,gluten_free,2024-10-06
1808,35-44,Beer Sheva,Indian,halal,2024-01-04
1809,55+,Herzliya,Italian,kosher,2025-06-26
1810,18-24,Holon,Sushi,low_carb,2024-05-25
1811,25-34,Holon,Mexican,vegetarian,2023-12-20
1812,35-44,Holon,Mexican,halal,2023-02-12
1813,45-54,Haifa,Pizza,low_carb,2025-04-24
1814,55+,Tel Aviv,Cafe,vegan,2023-11-29
1815,55+,Kfar Saba,Vegan,none,2023-09-08
1816,45-54,Tel Aviv,Japanese,none,2023-02-04
1817,25-34,Ashdod,Cafe,kosher,2024-03-26
1818,25-34,Herzliya,Thai,vegan,2024-01-08
1819,45-54,Kfar Saba,Israeli,none,2025-07-16
1820,18-24,Rehovot,Cafe,vegetarian,2024-10-17
1821,55+,Beer Sheva,Cafe,none,2025-06-15
1822,45-54,Jerusalem,Japanese,low_carb,2025-08-06
1823,45-54,Kfar Saba,Greek,gluten_free,2025-09-27
1824,55+,Netanya,Mediterranean,vegan,2025-02-15
1825,45-54,Netanya,Mediterranean,none,2025-09-18
1826,35-44,Eilat,Mexican,gluten_free,2025-01-23
1827,55+,Eilat,Sushi,halal,2023-12-24
1828,25-34,Tel Aviv,Seafood,none,2023-04-05
1829,55+,Kfar Saba,Sushi,low_carb,2025-01-25
1830,18-24,Ashdod,Mediterranean,vegetarian,2024-07-07
1831,35-44,Netanya,Vegan,vegetarian,2025-03-05
1832,18-24,Petah Tikva,Greek,halal,2025-03-12
1833,55+,Rehovot,Pizza,gluten_free,2023-10-04
1834,35-44,Petah Tikva,Mexican,gluten_free,2023-02-06
1835,45-54,Beer Sheva,Italian,low_carb,2025-04-25
1836,35-44,Kfar Saba,Burger,halal,2023-05-31
1837,45-54,Holon,Asian,vegetarian,2024-03-12
1838,45-54,Ramat Gan,Seafood,kosher,2025-06-06
1839,55+,Ashdod,Japanese,none,2025-05-16
1840,45-54,Tel Aviv,Mediterranean,low_carb,2023-01-02
1841,45-54,Tel Aviv,Seafood,halal,2023-05-07
1842,25-34,Beer Sheva,Greek,kosher,2023-11-16
1843,25-34,Eilat,Greek,none,2023-07-17
1844,55+,Holon,Thai,gluten_free,2024-01-24
1845,25-34,Holon,Indian,kosher,2023-12-27
1846,45-54,Holon,Thai,kosher,2024-07-12
1847,35-44,Ramat Gan,Indian,none,2024-11-24
1848,55+,Rishon LeZion,Asian,halal,2024-01-17
1849,35-44,Herzliya,Asian,halal,2023-09-20
1850,35-44,Haifa,Mediterranean,low_carb,2025-02-25
1851,25-34,Petah Tikva,Israeli,gluten_free,2024-06-19
1852,25-34,Givatayim,Cafe,gluten_free,2024-07-10
1853,55+,Ramat Gan,Pizza,low_carb,2025-05-19
1854,45-54,Beer Sheva,Steakhouse,kosher,2025-02-20
1855,25-34,Eilat,Vegan,kosher,2025-06-17
1856,25-34,Haifa,Mediterranean,kosher,2025-07-31
1857,18-24,Holon,Sushi,gluten_free,2023-05-27
1858,25-34,Petah Tikva,Thai,none,2024-11-21
1859,45-54,Ramat Gan,Italian,vegan,2023-01-23
1860,55+,Herzliya,Indian,low_carb,2024-06-04
1861,25-34,Netanya,Steakhouse,none,2023-11-03
1862,45-54,Eilat,Burger,kosher,2024-11-22
1863,25-34,Haifa,Mexican,none,2024-09-17
1864,35-44,Holon,Indian,kosher,2024-09-06
1865,45-54,Kfar Saba,Burger,vegetarian,2024-03-13
1866,45-54,Tel Aviv,Thai,gluten_free,2025-07-07
1867,45-54,Petah Tikva,Burger,none,2023-07-13
1868,35-44,Haifa,Japanese,kosher,2023-03-15
1869,55+,Netanya,Israeli,vegetarian,2024-05-15
1870,45-54,Holon,Italian,gluten_free,2025-08-25
1871,55+,Kfar Saba,Mexican,low_carb,2024-05-25
1872,35-44,Haifa,Pizza,low_carb,2025-09-20
1873,55+,Petah Tikva,Mediterranean,vegan,2025-04-29
1874,25-34,Haifa,Asian,none,2024-07-20
1875,25-34,Netanya,Italian,none,2024-11-22
1876,55+,Ashdod,Thai,kosher,2024-03-24
1877,35-44,Rishon LeZion,Mediterranean,low_carb,2023-01-02
1878,18-24,Holon,Seafood,vegetarian,2024-02-28
1879,25-34,Tel Aviv,Italian,halal,2023-11-01
1880,55+,Petah Tikva,Mexican,kosher,2023-03-07
1881,35-44,Kfar Saba,Steakhouse,gluten_free,2023-06-17
1882,35-44,Eilat,Burger,gluten_free,2023-05-04
1883,25-34,Tel Aviv,Thai,low_carb,2024-04-16
1884,35-44,Beer Sheva,Italian,kosher,2023-01-30
1885,35-44,Tel Aviv,Cafe,kosher,2025-08-03
1886,18-24,Ashdod,Japanese,vegetarian,2025-09-19
1887,18-24,Kfar Saba,Israeli,none,2023-03-13
1888,18-24,Holon,Pizza,low_carb,2025-05-30
1889,18-24,Givatayim,Cafe,vegan,2024-08-02
1890,55+,Holon,Steakhouse,halal,2024-01-22
1891,55+,Kfar Saba,Italian,none,2023-10-28
1892,25-34,Netanya,Thai,halal,2025-08-17
1893,55+,Eilat,Mediterranean,none,2024-02-07
1894,35-44,Netanya,Sushi,halal,2024-11-01
1895,45-54,Givatayim,Sushi,none,2025-02-09
1896,18-24,Netanya,Steakhouse,vegetarian,2023-10-06
1897,18-24,Haifa,Asian,halal,2023-10-12
1898,45-54,Haifa,Asian,gluten_free,2024-03-27
1899,25-34,Ramat Gan,Japanese,gluten_free,2025-09-26
1900,18-24,Kfar Saba,Cafe,vegetarian,2025-04-04
1901,25-34,Rehovot,Pizza,halal,2023-04-01
1902,55+,Tel Aviv,Greek,halal,2025-04-28
1903,55+,Haifa,Cafe,none,2025-07-28
1904,45-54,Haifa,Japanese,halal,2024-01-12
1905,18-24,Herzliya,Vegan,vegan,2024-02-16
1906,55+,Holon,Burger,low_carb,2024-03-27
1907,25-34,Herzliya,Vegan,low_carb,2024-02-13
1908,25-34,Rehovot,Burger,low_carb,2023-03-15
1909,45-54,Rishon LeZion,Burger,low_carb,2025-08-26
1910,55+,Petah Tikva,Indian,low_carb,2024-06-18
1911,45-54,Tel Aviv,Seafood,halal,2024-09-08
1912,45-54,Netanya,Italian,kosher,2024-07-07
1913,55+,Petah Tikva,Greek,none,2025-07-22
1914,55+,Netanya,Greek,vegan,2025-05-11
1915,35-44,Petah Tikva,Pizza,halal,2025-03-24
1916,18-24,Haifa,Cafe,halal,2024-01-23
1917,25-34,Herzliya,Sushi,none,2024-05-28
1918,18-24,Rehovot,Indian,gluten_free,2023-06-09
1919,25-34,Beer Sheva,Seafood,gluten_free,2023-04-16
1920,45-54,Herzliya,Greek,low_carb,2023-12-25
1921,55+,Petah Tikva,Israeli,none,2024-04-05
1922,45-54,Holon,Burger,none,2024-10-24
1923,45-54,Ramat Gan,Mediterranean,vegan,2023-08-13
1924,25-34,Ramat Gan,Indian,halal,2024-05-15
1925,18-24,Haifa,Mediterranean,vegan,2025-02-19
1926,55+,Haifa,Mediterranean,vegan,2025-02-21
1927,45-54,Eilat,Cafe,kosher,2023-07-29
1928,45-54,Ramat Gan,Greek,kosher,2024-05-08
1929,55+,Rishon LeZion,Vegan,vegan,2025-06-13
1930,55+,Ashdod,Mediterranean,low_carb,2024-11-02
1931,55+,Holon,Cafe,vegan,2025-01-18
1932,55+,Netanya,Indian,gluten_free,2025-09-06
1933,55+,Tel Aviv,Steakhouse,vegetarian,2024-03-26
1934,35-44,Herzliya,Japanese,halal,2024-04-11
1935,35-44,Tel Aviv,Indian,halal,2025-07-17
1936,55+,Eilat,Seafood,vegan,2024-10-12
1937,45-54,Jerusalem,Asian,gluten_free,2025-05-11
1938,18-24,Holon,Italian,halal,2024-04-03
1939,18-24,Jerusalem,Israeli,kosher,2025-06-03
1940,35-44,Haifa,Pizza,gluten_free,2023-12-09
1941,35-44,Eilat,Italian,low_carb,2023-11-25
1942,18-24,Ashdod,Greek,gluten_free,2023-03-31
1943,45-54,Rishon LeZion,Steakhouse,none,2025-03-08
1944,35-44,Eilat,Cafe,halal,2024-02-05
1945,18-24,Haifa,Greek,vegetarian,2023-03-06
1946,35-44,Rishon LeZion,Asian,gluten_free,2023-06-16
1947,45-54,Rishon LeZion,Italian,kosher,2024-01-01
1948,18-24,Holon,Vegan,gluten_free,2025-02-02
1949,55+,Petah Tikva,Japanese,none,2023-07-17
1950,18-24,Beer Sheva,Thai,vegetarian,2023-03-22
1951,18-24,Haifa,Steakhouse,vegetarian,2024-11-08
1952,25-34,Netanya,Israeli,vegetarian,2023-11-27
1953,35-44,Herzliya,Israeli,vegetarian,2024-07-21
1954,35-44,Tel Aviv,Sushi,gluten_free,2024-10-29
1955,18-24,Herzliya,Mediterranean,vegetarian,2023-08-04
1956,45-54,Petah Tikva,Steakhouse,low_carb,2024-02-16
1957,25-34,Tel Aviv,Cafe,vegetarian,2023-06-22
1958,45-54,Beer Sheva,Seafood,low_carb,2023-04-30
1959,55+,Kfar Saba,Israeli,none,2025-09-11
1960,45-54,Rishon LeZion,Burger,gluten_free,2023-09-01
1961,55+,Beer Sheva,Cafe,vegetarian,2024-11-24
1962,25-34,Tel Aviv,Seafood,kosher,2023-04-01
1963,18-24,Ramat Gan,Vegan,vegan,2023-12-08
1964,18-24,Rehovot,Mediterranean,vegetarian,2023-10-02
1965,18-24,Ashdod,Japanese,kosher,2023-02-23
1966,45-54,Eilat,Vegan,low_carb,2023-02-03
1967,25-34,Beer Sheva,Steakhouse,none,2023-07-09
1968,35-44,Tel Aviv,Vegan,kosher,2024-05-07
1969,55+,Haifa,Steakhouse,vegetarian,2024-03-17
1970,18-24,Rishon LeZion,Indian,low_carb,2023-02-06
1971,45-54,Netanya,Indian,vegan,2024-04-22
1972,18-24,Eilat,Sushi,low_carb,2023-02-28
1973,25-34,Jerusalem,Seafood,low_carb,2024-09-18
1974,18-24,Ramat Gan,Mexican,gluten_free,2024-12-15
1975,25-34,Tel Aviv,Asian,halal,2023-11-20
1976,18-24,Holon,Italian,gluten_free,2023-05-22
1977,25-34,Rehovot,Thai,low_carb,2024-10-13
1978,35-44,Rishon LeZion,Mexican,vegan,2025-06-04
1979,45-54,Petah Tikva,Mediterranean,gluten_free,2023-08-14
1980,18-24,Eilat,Thai,halal,2025-08-28
1981,55+,Ramat Gan,Mediterranean,kosher,2023-05-09
1982,25-34,Jerusalem,Cafe,vegan,2023-07-04
1983,25-34,Beer Sheva,Pizza,vegetarian,2024-08-08
1984,35-44,Netanya,Seafood,kosher,2025-03-11
1985,18-24,Ashdod,Israeli,halal,2024-12-28
1986,25-34,Givatayim,Japanese,halal,2023-06-17
1987,45-54,Petah Tikva,Pizza,gluten_free,2023-05-10
1988,55+,Beer Sheva,Vegan,low_carb,2025-02-15
1989,25-34,Ashdod,Israeli,low_carb,2023-02-20
1990,18-24,Tel Aviv,Italian,vegan,2025-04-05
1991,18-24,Haifa,Seafood,kosher,2023-12-09
1992,25-34,Rehovot,Sushi,gluten_free,2024-03-02
1993,45-54,Holon,Greek,vegetarian,2025-01-10
1994,55+,Beer Sheva,Japanese,halal,2023-07-02
1995,55+,Rehovot,Steakhouse,halal,2025-04-30
1996,45-54,Kfar Saba,Mediterranean,vegetarian,2023-10-24
1997,35-44,Rishon LeZion,Indian,none,2024-04-18
1998,45-54,Ashdod,Japanese,halal,2023-05-27
1999,35-44,Rishon LeZion,Greek,vegetarian,2023-06-27
2000,55+,Tel Aviv,Italian,vegetarian,2025-09-10
2001,55+,Haifa,Mexican,vegan,2025-07-17
2002,45-54,Beer Sheva,Indian,none,2025-08-17
2003,35-44,Ramat Gan,Israeli,kosher,2024-02-01
2004,35-44,Kfar Saba,Mediterranean,low_carb,2024-10-17
2005,25-34,Tel Aviv,Pizza,vegan,2023-09-23
2006,25-34,Beer Sheva,Burger,kosher,2023-03-10
2007,18-24,Herzliya,Greek,vegan,2023-01-06
2008,45-54,Haifa,Vegan,vegan,2025-07-01
2009,18-24,Rehovot,Greek,none,2024-07-13
2010,35-44,Eilat,Israeli,low_carb,2024-04-25
2011,45-54,Rishon LeZion,Asian,vegan,2025-07-09
2012,18-24,Eilat,Asian,gluten_free,2024-08-04
2013,55+,Petah Tikva,Mexican,low_carb,2025-09-22
2014,25-34,Ashdod,Israeli,gluten_free,2023-01-17
2015,18-24,Ashdod,Seafood,low_carb,2025-05-23
2016,55+,Rishon LeZion,Pizza,none,2024-12-28
2017,25-34,Rishon LeZion,Greek,vegan,2025-07-03
2018,18-24,Ashdod,Mediterranean,vegan,2025-06-24
2019,45-54,Beer Sheva,Vegan,vegan,2024-12-14
2020,45-54,Ashdod,Asian,halal,2024-10-26
2021,18-24,Haifa,Cafe,low_carb,2025-08-28
2022,55+,Rishon LeZion,Vegan,halal,2023-04-11
2023,25-34,Petah Tikva,Italian,halal,2025-02-17
2024,25-34,Herzliya,Burger,none,2023-04-04
2025,55+,Netanya,Asian,gluten_free,2024-10-09
2026,25-34,Rishon LeZion,Burger,gluten_free,2025-06-11
2027,18-24,Herzliya,Greek,halal,2025-04-23
2028,25-34,Eilat,Asian,none,2023-09-29
2029,45-54,Netanya,Vegan,vegetarian,2024-07-27
2030,18-24,Holon,Thai,low_carb,2024-06-22
2031,18-24,Ashdod,Seafood,gluten_free,2025-04-09
2032,25-34,Holon,Sushi,vegetarian,2023-07-15
2033,35-44,Beer Sheva,Steakhouse,low_carb,2023-01-25
2034,25-34,Ramat Gan,Vegan,halal,2025-01-02
2035,18-24,Eilat,Pizza,vegan,2025-08-24
2036,45-54,Kfar Saba,Steakhouse,kosher,2025-02-07
2037,18-24,Rishon LeZion,Sushi,gluten_free,2025-04-24
2038,55+,Herzliya,Indian,low_carb,2025-09-06
2039,55+,Jerusalem,Steakhouse,gluten_free,2024-04-15
2040,55+,Jerusalem,Steakhouse,low_carb,2025-09-01
2041,35-44,Jerusalem,Indian,vegetarian,2023-01-21
2042,18-24,Beer Sheva,Pizza,vegan,2024-04-18
2043,35-44,Haifa,Greek,halal,2023-10-28
2044,25-34,Givatayim,Japanese,none,2023-11-20
2045,25-34,Herzliya,Israeli,vegan,2024-10-03
2046,25-34,Netanya,Greek,vegetarian,2024-09-29
2047,35-44,Ashdod,Japanese,none,2024-11-30
2048,35-44,Haifa,Steakhouse,low_carb,2023-01-19
2049,25-34,Givatayim,Thai,halal,2025-05-06
2050,35-44,Kfar Saba,Thai,low_carb,2023-03-23
2051,18-24,Ashdod,Israeli,vegan,2023-05-01
2052,18-24,Netanya,Vegan,vegan,2024-05-20
2053,35-44,Netanya,Italian,gluten_free,2023-02-21
2054,25-34,Petah Tikva,Greek,vegetarian,2023-02-21
2055,45-54,Givatayim,Mexican,halal,2023-11-18
2056,35-44,Ramat Gan,Asian,gluten_free,2024-11-12
2057,45-54,Rehovot,Cafe,vegetarian,2024-02-23
2058,18-24,Jerusalem,Italian,halal,2023-06-04
2059,35-44,Jerusalem,Indian,low_carb,2023-05-25
2060,25-34,Petah Tikva,Sushi,gluten_free,2024-05-28
2061,18-24,Jerusalem,Greek,halal,2023-05-27
2062,55+,Haifa,Seafood,none,2024-12-31
2063,25-34,Holon,Italian,none,2023-06-15
2064,45-54,Petah Tikva,Pizza,gluten_free,2024-10-10
2065,55+,Petah Tikva,Indian,low_carb,2023-08-09
2066,25-34,Beer Sheva,Indian,gluten_free,2023-02-25
2067,18-24,Jerusalem,Pizza,low_carb,2025-01-15
2068,18-24,Netanya,Mexican,low_carb,2024-11-23
2069,45-54,Haifa,Greek,vegetarian,2025-05-27
2070,18-24,Tel Aviv,Greek,kosher,2024-08-23
2071,45-54,Beer Sheva,Israeli,vegan,2024-04-26
2072,45-54,Haifa,Thai,none,2024-10-25
2073,18-24,Tel Aviv,Indian,halal,2024-09-08
2074,25-34,Netanya,Burger,kosher,2025-02-03
2075,25-34,Netanya,Italian,vegetarian,2024-04-18
2076,18-24,Rehovot,Seafood,vegetarian,2024-07-24
2077,55+,Ramat Gan,Pizza,none,2025-06-01
2078,35-44,Givatayim,Sushi,vegetarian,2023-01-09
2079,35-44,Jerusalem,Pizza,gluten_free,2024-07-24
2080,55+,Eilat,Thai,vegetarian,2025-01-22
2081,18-24,Rehovot,Sushi,none,2023-07-02
2082,18-24,Haifa,Israeli,halal,2023-04-15
2083,25-34,Givatayim,Burger,gluten_free,2025-08-13
2084,55+,Rehovot,Israeli,gluten_free,2024-07-26
2085,45-54,Givatayim,Japanese,kosher,2024-08-23
2086,35-44,Beer Sheva,Cafe,gluten_free,2024-05-07
2087,18-24,Eilat,Seafood,low_carb,2025-09-10
2088,55+,Tel Aviv,Greek,halal,2024-01-24
2089,55+,Haifa,Seafood,low_carb,2023-01-31
2090,35-44,Holon,Sushi,vegetarian,2023-12-16
2091,35-44,Petah Tikva,Mexican,vegetarian,2023-10-22
2092,35-44,Eilat,Thai,vegan,2024-05-13
2093,45-54,Ramat Gan,Thai,none,2024-01-17
2094,35-44,Ramat Gan,Thai,halal,2025-01-07
2095,35-44,Kfar Saba,Italian,low_carb,2023-02-28
2096,45-54,Herzliya,Italian,kosher,2023-07-24
2097,35-44,Rehovot,Asian,gluten_free,2025-08-18
2098,35-44,Beer Sheva,Sushi,vegetarian,2025-06-05
2099,25-34,Beer Sheva,Italian,kosher,2025-02-11
2100,45-54,Ashdod,Asian,vegetarian,2023-08-24
2101,55+,Herzliya,Greek,vegetarian,2024-11-11
2102,45-54,Rishon LeZion,Mediterranean,low_carb,2023-09-17
2103,55+,Rehovot,Mexican,vegetarian,2023-09-05
2104,45-54,Herzliya,Israeli,kosher,2025-06-29
2105,25-34,Rehovot,Cafe,gluten_free,2024-10-07
2106,25-34,Beer Sheva,Pizza,none,2024-08-29
2107,45-54,Netanya,Sushi,vegan,2024-06-17
2108,45-54,Ramat Gan,Burger,none,2023-02-03
2109,25-34,Rishon LeZion,Vegan,vegetarian,2023-06-23
2110,25-34,Rehovot,Cafe,vegetarian,2023-07-03
2111,25-34,Jerusalem,Vegan,gluten_free,2025-09-01
2112,45-54,Netanya,Pizza,vegetarian,2025-09-26
2113,25-34,Herzliya,Cafe,none,2025-06-04
2114,18-24,Rehovot,Mexican,halal,2023-08-14
2115,45-54,Netanya,Israeli,vegan,2024-07-30
2116,45-54,Eilat,Burger,vegan,2024-09-19
2117,45-54,Ashdod,Japanese,halal,2023-07-11
2118,18-24,Eilat,Pizza,gluten_free,2023-07-26
2119,55+,Rehovot,Seafood,low_carb,2023-05-31
2120,25-34,Eilat,Thai,none,2024-07-11
2121,18-24,Haifa,Pizza,halal,2025-06-12
2122,55+,Beer Sheva,Cafe,vegan,2024-08-31
2123,18-24,Netanya,Mediterranean,low_carb,2025-06-08
2124,55+,Netanya,Mediterranean,vegan,2023-11-20
2125,18-24,Kfar Saba,Asian,vegetarian,2025-07-07
2126,25-34,Netanya,Sushi,gluten_free,2024-05-23
2127,55+,Holon,Japanese,vegetarian,2024-06-27
2128,18-24,Holon,Indian,vegetarian,2023-08-15
2129,45-54,Ramat Gan,Vegan,halal,2023-07-12
2130,18-24,Herzliya,Japanese,vegan,2025-04-22
2131,18-24,Petah Tikva,Israeli,low_carb,2024-03-16
2132,45-54,Kfar Saba,Cafe,low_carb,2025-09-26
2133,35-44,Ashdod,Seafood,kosher,2023-09-12
2134,45-54,Tel Aviv,Seafood,halal,2024-07-16
2135,45-54,Jerusalem,Japanese,halal,2025-09-03
2136,45-54,Jerusalem,Mexican,low_carb,2024-10-06
2137,25-34,Ashdod,Greek,gluten_free,2023-09-29
2138,25-34,Rishon LeZion,Israeli,low_carb,2024-07-19
2139,55+,Herzliya,Indian,none,2025-08-13
2140,18-24,Haifa,Steakhouse,low_carb,2024-04-12
2141,45-54,Rishon LeZion,Mexican,low_carb,2025-09-07
2142,55+,Jerusalem,Mediterranean,kosher,2023-08-03
2143,45-54,Jerusalem,Greek,vegetarian,2025-05-19
2144,45-54,Rishon LeZion,Pizza,vegan,2024-07-20
2145,45-54,Beer Sheva,Vegan,vegetarian,2023-01-03
2146,18-24,Netanya,Mexican,vegetarian,2023-10-08
2147,25-34,Beer Sheva,Vegan,vegetarian,2024-01-20
2148,18-24,Kfar Saba,Burger,vegetarian,2025-01-01
2149,25-34,Rishon LeZion,Sushi,kosher,2024-03-25
2150,18-24,Beer Sheva,Israeli,vegetarian,2025-08-07
2151,18-24,Ramat Gan,Burger,vegetarian,2024-05-27
2152,35-44,Petah Tikva,Thai,low_carb,2024-08-16
2153,35-44,Rehovot,Indian,vegetarian,2024-01-25
2154,25-34,Haifa,Burger,none,2023-01-26
2155,45-54,Haifa,Mediterranean,vegan,2023-12-19
2156,45-54,Herzliya,Sushi,low_carb,2024-07-13
2157,45-54,Netanya,Pizza,vegetarian,2025-08-22
2158,25-34,Eilat,Steakhouse,none,2023-07-12
2159,55+,Eilat,Vegan,gluten_free,2025-06-17
2160,35-44,Tel Aviv,Burger,vegan,2024-01-09
2161,35-44,Tel Aviv,Italian,gluten_free,2024-08-27
2162,45-54,Netanya,Japanese,halal,2023-06-04
2163,18-24,Haifa,Steakhouse,kosher,2024-10-02
2164,25-34,Haifa,Burger,vegetarian,2025-03-07
2165,45-54,Ashdod,Japanese,vegan,2023-03-24
2166,35-44,Ashdod,Italian,vegetarian,2023-10-20
2167,55+,Beer Sheva,Italian,kosher,2025-08-20
2168,35-44,Tel Aviv,Thai,vegetarian,2024-03-08
2169,35-44,Beer Sheva,Steakhouse,vegan,2024-07-11
2170,35-44,Rehovot,Greek,halal,2025-05-02
2171,45-54,Haifa,Mediterranean,low_carb,2023-11-18
2172,45-54,Netanya,Japanese,gluten_free,2023-07-27
2173,18-24,Kfar Saba,Cafe,vegan,2024-09-23
2174,18-24,Eilat,Israeli,halal,2023-02-16
2175,55+,Kfar Saba,Italian,halal,2025-06-10
2176,25-34,Holon,Israeli,gluten_free,2025-07-01
2177,55+,Herzliya,Pizza,low_carb,2023-12-05
2178,18-24,Tel Aviv,Sushi,kosher,2025-02-26
2179,45-54,Beer Sheva,Seafood,low_carb,2023-09-29
2180,35-44,Petah Tikva,Thai,gluten_free,2023-03-17
2181,55+,Haifa,Burger,low_carb,2025-07-07
2182,18-24,Rishon LeZion,Burger,vegan,2023-08-26
2183,25-34,Haifa,Greek,kosher,2024-06-07
2184,45-54,Beer Sheva,Steakhouse,vegetarian,2024-09-07
2185,25-34,Netanya,Cafe,none,2025-02-25
2186,18-24,Petah Tikva,Thai,vegetarian,2023-05-07
2187,45-54,Holon,Israeli,halal,2024-02-11
2188,55+,Rehovot,Vegan,halal,2025-09-18
2189,55+,Ashdod,Mediterranean,gluten_free,2023-02-21
2190,55+,Netanya,Israeli,vegetarian,2023-05-14
2191,25-34,Herzliya,Asian,halal,2024-02-01
2192,45-54,Netanya,Israeli,none,2023-10-05
2193,25-34,Holon,Israeli,gluten_free,2025-02-25
2194,45-54,Netanya,Cafe,halal,2023-12-17
2195,35-44,Ashdod,Greek,low_carb,2023-02-27
2196,35-44,Beer Sheva,Italian,gluten_free,2025-02-07
2197,18-24,Holon,Greek,low_carb,2023-12-22
2198,35-44,Haifa,Thai,halal,2024-03-04
2199,18-24,Ashdod,Japanese,gluten_free,2024-12-28
2200,25-34,Tel Aviv,Mediterranean,gluten_free,2023-03-27
2201,35-44,Rishon LeZion,Cafe,vegan,2023-08-30
2202,45-54,Kfar Saba,Steakhouse,gluten_free,2023-08-04
2203,55+,Petah Tikva,Steakhouse,kosher,2025-06-21
2204,25-34,Tel Aviv,Steakhouse,vegetarian,2025-02-22
2205,25-34,Eilat,Sushi,vegan,2023-09-17
2206,18-24,Kfar Saba,Mexican,none,2023-03-28
2207,18-24,Holon,Cafe,vegan,2025-03-17
2208,55+,Haifa,Thai,vegetarian,2023-03-16
2209,45-54,Ramat Gan,Greek,low_carb,2025-07-19
2210,25-34,Petah Tikva,Mediterranean,vegetarian,2025-02-24
2211,25-34,Rishon LeZion,Mexican,gluten_free,2025-07-18
2212,18-24,Tel Aviv,Indian,vegetarian,2024-08-23
2213,55+,Beer Sheva,Steakhouse,none,2023-02-28
2214,25-34,Herzliya,Italian,low_carb,2023-02-02
2215,35-44,Petah Tikva,Steakhouse,kosher,2025-05-31
2216,35-44,Rehovot,Burger,halal,2025-03-04
2217,35-44,Kfar Saba,Mediterranean,vegetarian,2023-02-18
2218,45-54,Tel Aviv,Indian,none,2025-01-31
2219,55+,Ashdod,Seafood,gluten_free,2023-07-30
2220,18-24,Ramat Gan,Japanese,none,2025-03-13
2221,25-34,Herzliya,Thai,vegan,2023-04-28
2222,45-54,Jerusalem,Sushi,vegetarian,2024-12-09
2223,18-24,Rishon LeZion,Steakhouse,low_carb,2023-06-18
2224,18-24,Givatayim,Cafe,vegan,2024-02-04
2225,45-54,Tel Aviv,Vegan,kosher,2025-06-13
2226,45-54,Rehovot,Pizza,vegan,2023-11-23
2227,45-54,Kfar Saba,Burger,vegan,2023-03-12
2228,18-24,Holon,Asian,gluten_free,2024-06-13
2229,25-34,Ashdod,Sushi,none,2024-01-25
2230,35-44,Rishon LeZion,Mexican,none,2023-09-15
2231,25-34,Beer Sheva,Cafe,vegetarian,2024-12-10
2232,35-44,Haifa,Burger,vegetarian,2025-01-09
2233,25-34,Tel Aviv,Japanese,kosher,2024-07-01
2234,18-24,Tel Aviv,Sushi,vegan,2024-04-09
2235,18-24,Rishon LeZion,Sushi,kosher,2025-06-16
2236,35-44,Givatayim,Pizza,vegan,2023-01-27
2237,55+,Rishon LeZion,Vegan,vegan,2024-05-06
2238,35-44,Herzliya,Greek,gluten_free,2025-01-19
2239,18-24,Ramat Gan,Indian,kosher,2024-03-03
2240,18-24,Eilat,Mediterranean,vegetarian,2024-10-17
2241,35-44,Beer Sheva,Greek,none,2023-12-16
2242,18-24,Haifa,Greek,vegetarian,2025-06-23
2243,55+,Jerusalem,Vegan,vegetarian,2025-07-03
2244,45-54,Ramat Gan,Italian,halal,2024-07-11
2245,25-34,Petah Tikva,Mediterranean,kosher,2024-11-07
2246,25-34,Rehovot,Seafood,low_carb,2024-02-10
2247,18-24,Ashdod,Greek,low_carb,2023-12-28
2248,55+,Rishon LeZion,Asian,gluten_free,2023-07-08
2249,55+,Givatayim,Mexican,kosher,2024-04-09
2250,25-34,Netanya,Mexican,kosher,2025-04-28
2251,35-44,Herzliya,Asian,none,2025-05-15
2252,45-54,Givatayim,Indian,gluten_free,2023-03-31
2253,55+,Beer Sheva,Italian,halal,2024-03-07
2254,18-24,Rishon LeZion,Thai,vegan,2024-02-07
2255,55+,Tel Aviv,Mediterranean,none,2024-06-04
2256,25-34,Givatayim,Mediterranean,gluten_free,2023-10-23
2257,45-54,Jerusalem,Mexican,gluten_free,2025-09-22
2258,35-44,Holon,Israeli,low_carb,2023-01-24
2259,25-34,Beer Sheva,Israeli,vegan,2024-05-05
2260,35-44,Haifa,Thai,kosher,2025-04-15
2261,35-44,Ramat Gan,Japanese,halal,2024-07-18
2262,45-54,Eilat,Seafood,low_carb,2025-07-26
2263,25-34,Givatayim,Israeli,vegan,2023-03-13
2264,45-54,Tel Aviv,Japanese,kosher,2025-01-14
2265,45-54,Ashdod,Steakhouse,none,2025-06-23
2266,45-54,Netanya,Mexican,vegetarian,2025-05-24
2267,25-34,Eilat,Seafood,vegetarian,2025-07-09
2268,25-34,Kfar Saba,Asian,low_carb,2025-07-28
2269,35-44,Ramat Gan,Italian,vegetarian,2023-08-29
2270,35-44,Herzliya,Mexican,halal,2024-05-14
2271,35-44,Beer Sheva,Japanese,halal,2023-12-31
2272,35-44,Tel Aviv,Mediterranean,gluten_free,2023-11-28
2273,45-54,Rishon LeZion,Israeli,low_carb,2023-04-26
2274,45-54,Haifa,Steakhouse,vegan,2023-09-13
2275,55+,Kfar Saba,Vegan,none,2025-05-13
2276,45-54,Rishon LeZion,Greek,vegan,2023-10-12
2277,18-24,Eilat,Mediterranean,gluten_free,2023-12-23
2278,45-54,Jerusalem,Indian,kosher,2024-02-14
2279,45-54,Ashdod,Italian,none,2025-08-10
2280,45-54,Ashdod,Mexican,vegan,2025-03-09
2281,55+,Tel Aviv,Japanese,none,2024-05-29
2282,55+,Rishon LeZion,Seafood,kosher,2023-10-12
2283,25-34,Netanya,Indian,vegetarian,2024-04-07
2284,45-54,Rehovot,Seafood,low_carb,2024-03-13
2285,55+,Herzliya,Italian,kosher,2023-10-22
2286,18-24,Kfar Saba,Seafood,gluten_free,2025-04-23
2287,45-54,Rehovot,Pizza,low_carb,2025-08-28
2288,25-34,Haifa,Mediterranean,vegan,2023-07-28
2289,45-54,Beer Sheva,Greek,vegetarian,2023-11-04
2290,35-44,Ashdod,Asian,kosher,2023-03-04
2291,45-54,Herzliya,Sushi,vegetarian,2025-02-13
2292,25-34,Eilat,Cafe,low_carb,2024-06-16
2293,35-44,Kfar Saba,Burger,vegan,2024-10-20
2294,18-24,Tel Aviv,Seafood,low_carb,2024-08-20
2295,35-44,Ashdod,Sushi,low_carb,2024-11-10
2296,25-34,Kfar Saba,Cafe,low_carb,2024-06-11
2297,55+,Netanya,Thai,vegan,2023-06-09
2298,35-44,Haifa,Mediterranean,vegan,2025-02-17
2299,18-24,Haifa,Japanese,low_carb,2025-02-13
2300,45-54,Kfar Saba,Mexican,kosher,2024-12-06
2301,25-34,Eilat,Cafe,halal,2023-07-01
2302,25-34,Rishon LeZion,Mediterranean,halal,2023-07-24
2303,35-44,Petah Tikva,Seafood,none,2024-09-18
2304,55+,Petah Tikva,Japanese,none,2024-01-20
2305,25-34,Eilat,Mexican,low_carb,2023-11-14
2306,45-54,Eilat,Cafe,vegetarian,2023-01-01
2307,25-34,Petah Tikva,Thai,kosher,2024-11-03
2308,25-34,Holon,Thai,vegetarian,2023-06-25
2309,18-24,Haifa,Japanese,vegetarian,2025-08-15
2310,35-44,Tel Aviv,Mediterranean,kosher,2023-07-08
2311,25-34,Rehovot,Israeli,halal,2025-03-24
2312,55+,Beer Sheva,Greek,vegan,2024-09-12
2313,45-54,Givatayim,Japanese,gluten_free,2024-01-01
2314,25-34,Jerusalem,Cafe,kosher,2025-06-06
2315,18-24,Netanya,Greek,halal,2023-07-14
2316,45-54,Netanya,Steakhouse,kosher,2023-01-12
2317,45-54,Beer Sheva,Burger,vegan,2023-11-13
2318,35-44,Eilat,Japanese,halal,2023-02-15
2319,25-34,Holon,Sushi,kosher,2024-02-14
2320,55+,Beer Sheva,Greek,halal,2025-02-15
2321,25-34,Holon,Burger,none,2025-08-03
2322,25-34,Netanya,Steakhouse,none,2023-10-23
2323,18-24,Kfar Saba,Indian,none,2023-08-28
2324,45-54,Rishon LeZion,Mexican,none,2025-07-11
2325,18-24,Jerusalem,Japanese,vegetarian,2024-12-19
2326,18-24,Kfar Saba,Italian,kosher,2025-01-02
2327,25-34,Eilat,Sushi,low_carb,2023-02-15
2328,55+,Rishon LeZion,Indian,low_carb,2024-07-13
2329,35-44,Herzliya,Indian,vegetarian,2023-10-12
2330,35-44,Rehovot,Vegan,halal,2023-05-18
2331,25-34,Beer Sheva,Asian,halal,2025-03-17
2332,45-54,Ramat Gan,Pizza,halal,2023-04-25
2333,25-34,Beer Sheva,Steakhouse,halal,2025-03-07
2334,55+,Jerusalem,Vegan,gluten_free,2024-02-11
2335,25-34,Petah Tikva,Burger,vegan,2025-02-16
2336,35-44,Ashdod,Asian,kosher,2024-11-29
2337,35-44,Holon,Asian,halal,2025-08-10
2338,45-54,Rishon LeZion,Sushi,vegetarian,2025-03-24
2339,35-44,Netanya,Mediterranean,vegetarian,2023-01-21
2340,55+,Ashdod,Cafe,vegan,2024-05-13
2341,45-54,Rehovot,Mediterranean,none,2024-10-16
2342,25-34,Netanya,Israeli,halal,2023-05-14
2343,25-34,Givatayim,Japanese,vegan,2023-02-04
2344,55+,Givatayim,Burger,vegetarian,2025-04-14
2345,45-54,Rishon LeZion,Italian,halal,2024-04-24
2346,25-34,Rehovot,Indian,none,2023-12-04
2347,18-24,Petah Tikva,Pizza,kosher,2023-03-20
2348,55+,Holon,Pizza,gluten_free,2023-06-30
2349,35-44,Beer Sheva,Greek,gluten_free,2023-10-08
2350,55+,Kfar Saba,Greek,halal,2023-04-17
2351,18-24,Herzliya,Italian,gluten_free,2024-03-08
2352,18-24,Holon,Vegan,none,2025-08-21
2353,55+,Givatayim,Asian,gluten_free,2025-08-23
2354,25-34,Kfar Saba,Asian,gluten_free,2025-08-17
2355,25-34,Netanya,Israeli,halal,2024-03-07
2356,35-44,Kfar Saba,Italian,gluten_free,2025-04-11
2357,45-54,Ashdod,Pizza,vegetarian,2023-04-26
2358,18-24,Beer Sheva,Mediterranean,none,2024-03-01
2359,35-44,Tel Aviv,Thai,vegetarian,2024-02-29
2360,18-24,Jerusalem,Burger,kosher,2024-03-24
2361,25-34,Haifa,Sushi,halal,2024-08-23
2362,55+,Herzliya,Vegan,vegetarian,2023-08-13
2363,45-54,Haifa,Burger,halal,2024-11-20
2364,25-34,Ashdod,Cafe,vegan,2023-12-02
2365,35-44,Beer Sheva,Vegan,none,2024-09-13
2366,18-24,Rishon LeZion,Seafood,kosher,2024-08-23
2367,25-34,Petah Tikva,Asian,low_carb,2023-09-01
2368,35-44,Givatayim,Mexican,none,2024-05-07
2369,35-44,Rehovot,Greek,halal,2025-04-28
2370,45-54,Rehovot,Steakhouse,low_carb,2024-06-27
2371,25-34,Haifa,Thai,low_carb,2023-02-04
2372,18-24,Herzliya,Burger,none,2024-06-06
2373,25-34,Holon,Cafe,vegetarian,2023-01-21
2374,45-54,Netanya,Greek,low_carb,2024-08-19
2375,35-44,Ramat Gan,Cafe,vegan,2024-03-14
2376,55+,Holon,Israeli,kosher,2023-07-30
2377,35-44,Rishon LeZion,Italian,none,2023-12-10
2378,55+,Rehovot,Greek,none,2023-12-06
2379,18-24,Eilat,Thai,vegan,2025-05-30
2380,55+,Rehovot,Japanese,kosher,2024-12-09
2381,25-34,Herzliya,Sushi,vegetarian,2023-04-17
2382,25-34,Petah Tikva,Pizza,kosher,2024-05-26
2383,25-34,Beer Sheva,Greek,halal,2024-06-17
2384,18-24,Petah Tikva,Israeli,halal,2023-08-16
2385,18-24,Kfar Saba,Indian,vegetarian,2023-09-26
2386,55+,Givatayim,Cafe,vegan,2025-03-05
2387,45-54,Ramat Gan,Greek,kosher,2024-09-28
2388,18-24,Haifa,Sushi,halal,2024-06-21
2389,18-24,Ashdod,Vegan,low_carb,2023-12-27
2390,35-44,Kfar Saba,Seafood,kosher,2024-02-19
2391,25-34,Givatayim,Thai,gluten_free,2023-04-12
2392,45-54,Holon,Greek,vegan,2023-07-09
2393,55+,Ramat Gan,Japanese,low_carb,2023-09-26
2394,55+,Givatayim,Burger,gluten_free,2023-12-05
2395,25-34,Kfar Saba,Burger,halal,2023-10-24
2396,45-54,Haifa,Italian,vegan,2024-06-13
2397,35-44,Kfar Saba,Thai,halal,2024-05-24
2398,18-24,Ramat Gan,Japanese,kosher,2023-03-29
2399,35-44,Givatayim,Mexican,halal,2025-04-19
2400,35-44,Netanya,Thai,vegetarian,2025-01-26
2401,35-44,Herzliya,Asian,kosher,2025-08-16
2402,45-54,Jerusalem,Steakhouse,vegetarian,2024-08-27
2403,35-44,Rehovot,Vegan,none,2023-12-28
2404,25-34,Haifa,Steakhouse,vegan,2025-06-04
2405,18-24,Rehovot,Mexican,vegetarian,2025-06-01
2406,35-44,Haifa,Burger,none,2025-01-16
2407,55+,Netanya,Italian,kosher,2023-12-19
2408,18-24,Rishon LeZion,Thai,halal,2025-08-31
2409,18-24,Holon,Mediterranean,none,2023-11-02
2410,25-34,Tel Aviv,Mediterranean,none,2023-11-29
2411,55+,Beer Sheva,Indian,halal,2023-10-02
2412,18-24,Petah Tikva,Greek,vegetarian,2023-01-31
2413,55+,Ashdod,Italian,low_carb,2023-11-10
2414,45-54,Haifa,Mexican,none,2025-05-20
2415,45-54,Jerusalem,Steakhouse,none,2024-10-26
2416,55+,Rishon LeZion,Mediterranean,none,2025-02-11
2417,55+,Petah Tikva,Japanese,gluten_free,2023-01-05
2418,25-34,Petah Tikva,Japanese,none,2025-02-08
2419,45-54,Petah Tikva,Indian,kosher,2024-07-18
2420,18-24,Eilat,Vegan,vegetarian,2024-12-18
2421,18-24,Tel Aviv,Indian,none,2025-03-07
2422,25-34,Netanya,Pizza,low_carb,2024-09-24
2423,25-34,Jerusalem,Asian,none,2023-12-11
2424,25-34,Haifa,Burger,vegan,2023-03-29
2425,35-44,Jerusalem,Sushi,vegan,2025-08-24
2426,25-34,Eilat,Indian,none,2024-10-13
2427,35-44,Tel Aviv,Steakhouse,low_carb,2023-01-24
2428,45-54,Herzliya,Asian,low_carb,2025-07-04
2429,18-24,Herzliya,Mediterranean,vegetarian,2023-08-14
2430,45-54,Netanya,Israeli,vegetarian,2023-11-02
2431,25-34,Kfar Saba,Asian,kosher,2023-03-21
2432,18-24,Petah Tikva,Greek,kosher,2024-07-13
2433,35-44,Rehovot,Sushi,vegan,2025-02-23
2434,55+,Netanya,Mediterranean,vegetarian,2025-03-03
2435,45-54,Rehovot,Indian,gluten_free,2024-12-27
2436,45-54,Jerusalem,Seafood,none,2023-12-26
2437,25-34,Rehovot,Italian,halal,2025-07-03
2438,55+,Ashdod,Mexican,low_carb,2023-01-15
2439,25-34,Beer Sheva,Cafe,gluten_free,2025-02-17
2440,25-34,Ashdod,Indian,vegetarian,2024-10-12
2441,55+,Haifa,Italian,low_carb,2023-02-27
2442,55+,Petah Tikva,Sushi,vegan,2025-06-19
2443,25-34,Petah Tikva,Pizza,halal,2023-10-31
2444,25-34,Beer Sheva,Burger,vegetarian,2023-01-15
2445,25-34,Beer Sheva,Cafe,kosher,2024-03-15
2446,18-24,Eilat,Japanese,kosher,2025-01-28
2447,35-44,Holon,Asian,vegan,2023-12-07
2448,35-44,Kfar Saba,Seafood,gluten_free,2025-07-09
2449,18-24,Eilat,Italian,kosher,2025-06-02
2450,35-44,Holon,Mediterranean,gluten_free,2023-03-03
2451,35-44,Jerusalem,Israeli,gluten_free,2023-08-18
2452,45-54,Tel Aviv,Vegan,vegan,2025-02-05
2453,45-54,Beer Sheva,Sushi,vegan,2024-06-26
2454,18-24,Eilat,Pizza,vegetarian,2024-03-22
2455,55+,Tel Aviv,Indian,halal,2024-12-06
2456,18-24,Eilat,Vegan,halal,2025-09-08
2457,35-44,Ramat Gan,Mexican,low_carb,2023-06-09
2458,55+,Rehovot,Vegan,vegan,2025-08-09
2459,35-44,Netanya,Burger,halal,2023-02-25
2460,45-54,Eilat,Mediterranean,vegan,2023-03-13
2461,18-24,Herzliya,Asian,halal,2024-07-11
2462,35-44,Rehovot,Cafe,vegan,2023-09-08
2463,18-24,Givatayim,Cafe,low_carb,2023-03-15
2464,18-24,Holon,Cafe,none,2025-06-24
2465,35-44,Jerusalem,Vegan,halal,2023-01-21
2466,25-34,Eilat,Italian,low_carb,2024-05-18
2467,35-44,Beer Sheva,Burger,vegan,2023-08-15
2468,55+,Holon,Pizza,vegetarian,2024-03-20
2469,25-34,Petah Tikva,Burger,halal,2024-09-06
2470,35-44,Eilat,Japanese,low_carb,2024-05-29
2471,45-54,Eilat,Mexican,halal,2025-01-04
2472,25-34,Eilat,Burger,vegetarian,2024-08-25
2473,18-24,Beer Sheva,Israeli,vegan,2024-02-23
2474,45-54,Eilat,Vegan,kosher,2023-03-13
2475,18-24,Herzliya,Mediterranean,gluten_free,2024-09-11
2476,45-54,Petah Tikva,Pizza,low_carb,2024-08-04
2477,18-24,Ramat Gan,Pizza,low_carb,2023-03-27
2478,25-34,Rishon LeZion,Greek,low_carb,2023-08-29
2479,35-44,Tel Aviv,Greek,vegetarian,2023-05-09
2480,25-34,Ramat Gan,Indian,low_carb,2023-12-29
2481,25-34,Netanya,Sushi,low_carb,2024-04-05
2482,18-24,Netanya,Pizza,low_carb,2025-08-12
2483,18-24,Kfar Saba,Pizza,gluten_free,2024-06-06
2484,45-54,Beer Sheva,Seafood,halal,2023-03-05
2485,55+,Eilat,Sushi,gluten_free,2024-01-27
2486,25-34,Eilat,Thai,vegetarian,2024-05-03
2487,55+,Tel Aviv,Cafe,low_carb,2025-08-07
2488,25-34,Kfar Saba,Mediterranean,halal,2024-04-22
2489,45-54,Ramat Gan,Pizza,vegetarian,2023-07-31
2490,18-24,Haifa,Seafood,halal,2025-03-15
2491,18-24,Herzliya,Burger,vegan,2023-06-27
2492,35-44,Kfar Saba,Japanese,halal,2023-02-01
2493,18-24,Herzliya,Pizza,vegetarian,2023-06-26
2494,18-24,Tel Aviv,Cafe,low_carb,2023-07-29
2495,35-44,Tel Aviv,Sushi,halal,2023-12-16
2496,55+,Tel Aviv,Seafood,vegan,2023-06-13
2497,45-54,Rehovot,Sushi,vegan,2023-03-17
2498,35-44,Netanya,Israeli,low_carb,2024-04-24
2499,55+,Holon,Japanese,none,2025-01-19
2500,18-24,Ashdod,Israeli,gluten_free,2023-02-17
2501,45-54,Rehovot,Vegan,vegan,2023-03-03
2502,55+,Eilat,Asian,halal,2024-01-27
2503,35-44,Beer Sheva,Japanese,none,2023-11-23
2504,35-44,Petah Tikva,Mexican,gluten_free,2025-04-20
2505,45-54,Haifa,Mexican,vegetarian,2023-10-14
2506,35-44,Ramat Gan,Indian,none,2025-08-04
2507,55+,Jerusalem,Thai,vegetarian,2024-10-20
2508,18-24,Kfar Saba,Seafood,low_carb,2025-08-08
2509,55+,Rehovot,Steakhouse,vegetarian,2024-05-07
2510,35-44,Kfar Saba,Thai,halal,2023-02-06
2511,35-44,Haifa,Seafood,vegetarian,2024-11-09
2512,55+,Givatayim,Thai,gluten_free,2024-07-29
2513,25-34,Ramat Gan,Vegan,kosher,2023-03-06
2514,55+,Ramat Gan,Burger,gluten_free,2023-09-23
2515,45-54,Tel Aviv,Greek,kosher,2025-03-22
2516,25-34,Jerusalem,Israeli,gluten_free,2024-08-02
2517,45-54,Netanya,Steakhouse,halal,2024-02-28
2518,45-54,Rehovot,Mexican,gluten_free,2024-10-06
2519,18-24,Beer Sheva,Indian,kosher,2025-03-19
2520,25-34,Kfar Saba,Japanese,vegetarian,2024-06-09
2521,25-34,Ashdod,Pizza,gluten_free,2023-09-18
2522,55+,Eilat,Cafe,halal,2024-06-19
2523,35-44,Herzliya,Indian,low_carb,2025-07-10
2524,55+,Givatayim,Sushi,kosher,2023-12-01
2525,35-44,Eilat,Thai,vegan,2025-06-13
2526,25-34,Netanya,Israeli,vegan,2024-05-14
2527,25-34,Ashdod,Indian,vegetarian,2023-03-17
2528,35-44,Kfar Saba,Italian,gluten_free,2023-04-22
2529,45-54,Eilat,Seafood,none,2023-03-09
2530,35-44,Netanya,Mexican,halal,2023-05-22
2531,35-44,Tel Aviv,Indian,kosher,2024-01-23
2532,25-34,Beer Sheva,Greek,vegan,2023-10-26
2533,35-44,Herzliya,Vegan,vegetarian,2025-06-21
2534,45-54,Eilat,Japanese,none,2024-02-13
2535,35-44,Givatayim,Thai,low_carb,2025-06-30
2536,18-24,Herzliya,Indian,gluten_free,2023-04-15
2537,55+,Haifa,Vegan,vegetarian,2024-03-09
2538,55+,Beer Sheva,Pizza,halal,2024-05-18
2539,25-34,Kfar Saba,Mediterranean,gluten_free,2024-04-07
2540,55+,Jerusalem,Pizza,none,2023-03-09
2541,45-54,Ashdod,Italian,kosher,2023-09-27
2542,35-44,Rishon LeZion,Seafood,none,2024-05-24
2543,45-54,Eilat,Sushi,low_carb,2024-02-13
2544,55+,Ashdod,Cafe,halal,2024-08-30
2545,25-34,Kfar Saba,Vegan,gluten_free,2023-11-15
2546,35-44,Givatayim,Seafood,vegan,2023-08-27
2547,55+,Netanya,Greek,vegan,2025-08-03
2548,25-34,Kfar Saba,Italian,gluten_free,2024-04-07
2549,35-44,Herzliya,Mediterranean,vegan,2023-11-02
2550,55+,Tel Aviv,Sushi,vegetarian,2024-10-15
2551,25-34,Jerusalem,Vegan,gluten_free,2023-05-24
2552,35-44,Beer Sheva,Japanese,gluten_free,2023-09-26
2553,55+,Holon,Cafe,gluten_free,2024-04-18
2554,25-34,Givatayim,Mediterranean,low_carb,2023-07-28
2555,45-54,Herzliya,Japanese,halal,2024-11-23
2556,35-44,Eilat,Asian,halal,2024-07-29
2557,45-54,Petah Tikva,Sushi,gluten_free,2023-08-21
2558,55+,Ashdod,Thai,none,2025-08-30
2559,55+,Herzliya,Seafood,none,2023-06-14
2560,18-24,Netanya,Italian,none,2023-03-24
2561,35-44,Petah Tikva,Sushi,halal,2025-07-30
2562,25-34,Jerusalem,Cafe,halal,2024-08-28
2563,45-54,Rehovot,Cafe,none,2024-05-01
2564,45-54,Rishon LeZion,Cafe,halal,2023-06-26
2565,18-24,Rehovot,Mediterranean,gluten_free,2025-04-29
2566,55+,Rehovot,Japanese,gluten_free,2025-07-10
2567,45-54,Givatayim,Steakhouse,none,2023-09-15
2568,18-24,Tel Aviv,Pizza,vegan,2025-01-29
2569,55+,Tel Aviv,Greek,vegetarian,2025-07-27
2570,25-34,Givatayim,Steakhouse,kosher,2023-05-26
2571,45-54,Netanya,Israeli,vegan,2024-10-23
2572,25-34,Petah Tikva,Japanese,none,2023-01-03
2573,45-54,Rehovot,Cafe,vegan,2023-01-01
2574,45-54,Beer Sheva,Pizza,kosher,2023-02-28
2575,55+,Petah Tikva,Pizza,gluten_free,2023-02-19
2576,35-44,Tel Aviv,Cafe,none,2024-04-19
2577,18-24,Rishon LeZion,Italian,low_carb,2024-02-28
2578,35-44,Beer Sheva,Pizza,halal,2023-06-10
2579,35-44,Beer Sheva,Mediterranean,halal,2023-08-19
2580,18-24,Kfar Saba,Mediterranean,kosher,2024-01-13
2581,18-24,Netanya,Burger,low_carb,2023-09-13
2582,45-54,Herzliya,Seafood,none,2023-01-10
2583,55+,Ramat Gan,Israeli,kosher,2024-07-29
2584,25-34,Tel Aviv,Israeli,vegetarian,2024-06-13
2585,35-44,Givatayim,Asian,gluten_free,2023-07-25
2586,45-54,Givatayim,Pizza,vegetarian,2025-04-08
2587,18-24,Netanya,Vegan,vegan,2024-02-19
2588,25-34,Holon,Asian,gluten_free,2023-02-25
2589,55+,Netanya,Sushi,vegetarian,2024-05-27
2590,18-24,Ashdod,Mediterranean,halal,2025-01-20
2591,35-44,Herzliya,Sushi,vegetarian,2025-06-01
2592,45-54,Rehovot,Pizza,none,2025-06-16
2593,55+,Kfar Saba,Thai,vegan,2024-12-13
2594,18-24,Holon,Seafood,none,2024-09-21
2595,45-54,Netanya,Italian,low_carb,2025-04-29
2596,25-34,Holon,Mexican,vegan,2023-07-30
2597,25-34,Beer Sheva,Italian,gluten_free,2025-06-21
2598,55+,Eilat,Cafe,vegetarian,2023-06-29
2599,35-44,Tel Aviv,Mediterranean,none,2025-08-28
2600,18-24,Rehovot,Cafe,low_carb,2023-01-21
2601,18-24,Ramat Gan,Vegan,vegan,2023-10-25
2602,55+,Netanya,Sushi,none,2024-02-19
2603,35-44,Rehovot,Japanese,halal,2025-03-20
2604,18-24,Tel Aviv,Greek,kosher,2024-10-27
2605,55+,Rishon LeZion,Indian,low_carb,2023-03-02
2606,55+,Haifa,Pizza,kosher,2025-06-08
2607,55+,Kfar Saba,Steakhouse,low_carb,2024-09-18
2608,35-44,Petah Tikva,Thai,low_carb,2024-02-04
2609,25-34,Jerusalem,Greek,none,2023-05-17
2610,35-44,Beer Sheva,Mediterranean,halal,2024-03-24
2611,35-44,Haifa,Cafe,gluten_free,2024-07-03
2612,45-54,Herzliya,Seafood,none,2023-08-20
2613,45-54,Petah Tikva,Cafe,vegan,2024-03-15
2614,35-44,Tel Aviv,Israeli,kosher,2023-12-10
2615,25-34,Ramat Gan,Seafood,vegetarian,2024-08-24
2616,45-54,Eilat,Burger,vegan,2023-08-19
2617,55+,Netanya,Italian,vegan,2024-07-09
2618,35-44,Ashdod,Asian,kosher,2024-05-23
2619,45-54,Tel Aviv,Vegan,low_carb,2025-03-27
2620,55+,Tel Aviv,Pizza,low_carb,2024-06-09
2621,35-44,Rishon LeZion,Cafe,kosher,2025-02-16
2622,18-24,Herzliya,Asian,gluten_free,2025-08-18
2623,25-34,Beer Sheva,Israeli,vegan,2024-10-30
2624,55+,Holon,Asian,gluten_free,2023-11-01
2625,55+,Rishon LeZion,Mediterranean,halal,2025-08-21
2626,45-54,Tel Aviv,Seafood,vegan,2024-12-24
2627,45-54,Beer Sheva,Mexican,kosher,2023-08-01
2628,18-24,Ramat Gan,Asian,vegetarian,2025-07-08
2629,55+,Beer Sheva,Indian,halal,2025-04-30
2630,25-34,Eilat,Asian,none,2023-11-05
2631,45-54,Netanya,Seafood,vegetarian,2025-03-11
2632,18-24,Herzliya,Thai,kosher,2025-09-26
2633,45-54,Ashdod,Asian,low_carb,2025-06-26
2634,25-34,Eilat,Pizza,none,2024-06-22
2635,35-44,Eilat,Burger,none,2023-11-28
2636,55+,Givatayim,Vegan,vegetarian,2024-01-23
2637,45-54,Beer Sheva,Vegan,vegetarian,2023-10-26
2638,18-24,Rehovot,Mexican,vegetarian,2023-09-18
2639,55+,Haifa,Vegan,gluten_free,2024-05-07
2640,18-24,Jerusalem,Mediterranean,vegetarian,2023-06-07
2641,45-54,Petah Tikva,Cafe,kosher,2024-06-02
2642,55+,Ramat Gan,Sushi,vegetarian,2025-02-04
2643,55+,Holon,Israeli,gluten_free,2024-08-10
2644,18-24,Herzliya,Israeli,none,2023-08-15
2645,25-34,Netanya,Burger,gluten_free,2023-10-04
2646,45-54,Petah Tikva,Pizza,gluten_free,2024-10-20
2647,45-54,Ashdod,Cafe,vegetarian,2024-12-21
2648,45-54,Netanya,Mediterranean,vegan,2023-04-23
2649,35-44,Herzliya,Greek,vegetarian,2024-10-02
2650,35-44,Holon,Mediterranean,kosher,2024-03-24
2651,18-24,Beer Sheva,Steakhouse,kosher,2023-01-06
2652,35-44,Netanya,Sushi,none,2023-12-09
2653,18-24,Petah Tikva,Japanese,low_carb,2025-03-04
2654,35-44,Petah Tikva,Vegan,low_carb,2024-02-18
2655,35-44,Holon,Cafe,halal,2025-02-22
2656,18-24,Kfar Saba,Greek,vegetarian,2024-06-23
2657,25-34,Petah Tikva,Thai,vegetarian,2025-07-15
2658,45-54,Ashdod,Sushi,gluten_free,2025-03-19
2659,45-54,Tel Aviv,Vegan,vegetarian,2023-06-21
2660,18-24,Rishon LeZion,Greek,halal,2024-02-28
2661,35-44,Ashdod,Israeli,vegetarian,2024-11-08
2662,35-44,Ramat Gan,Mediterranean,kosher,2025-07-27
2663,45-54,Kfar Saba,Indian,kosher,2025-09-07
2664,18-24,Ramat Gan,Asian,none,2023-03-29
2665,35-44,Rishon LeZion,Burger,low_carb,2023-07-07
2666,35-44,Beer Sheva,Vegan,kosher,2025-07-29
2667,25-34,Beer Sheva,Mediterranean,vegan,2024-06-15
2668,55+,Tel Aviv,Seafood,vegetarian,2024-12-23
2669,18-24,Herzliya,Seafood,vegan,2025-03-12
2670,18-24,Jerusalem,Vegan,low_carb,2024-03-04
2671,18-24,Rishon LeZion,Israeli,halal,2023-06-05
2672,35-44,Holon,Indian,halal,2024-03-18
2673,25-34,Herzliya,Thai,none,2023-12-26
2674,35-44,Beer Sheva,Italian,none,2023-03-06
2675,18-24,Tel Aviv,Steakhouse,vegan,2023-06-12
2676,25-34,Kfar Saba,Thai,low_carb,2023-01-08
2677,18-24,Beer Sheva,Italian,kosher,2023-10-14
2678,25-34,Rishon LeZion,Thai,none,2025-04-19
2679,35-44,Ramat Gan,Mexican,vegan,2025-04-19
2680,25-34,Petah Tikva,Sushi,gluten_free,2024-11-06
2681,25-34,Tel Aviv,Sushi,low_carb,2024-04-07
2682,55+,Beer Sheva,Sushi,low_carb,2024-07-31
2683,35-44,Eilat,Sushi,low_carb,2025-03-02
2684,25-34,Ashdod,Seafood,halal,2025-08-30
2685,45-54,Beer Sheva,Burger,halal,2024-11-02
2686,25-34,Jerusalem,Seafood,vegetarian,2023-08-23
2687,45-54,Givatayim,Vegan,vegetarian,2023-04-18
2688,25-34,Ashdod,Burger,halal,2025-05-20
2689,55+,Haifa,Cafe,vegan,2025-09-22
2690,18-24,Beer Sheva,Vegan,gluten_free,2023-01-13
2691,45-54,Givatayim,Italian,gluten_free,2024-01-10
2692,35-44,Rishon LeZion,Steakhouse,gluten_free,2025-07-16
2693,45-54,Netanya,Sushi,vegetarian,2024-08-26
2694,35-44,Ashdod,Indian,gluten_free,2023-06-05
2695,35-44,Ramat Gan,Japanese,kosher,2023-09-03
2696,35-44,Eilat,Pizza,gluten_free,2024-05-07
2697,18-24,Jerusalem,Mediterranean,halal,2025-07-19
2698,18-24,Givatayim,Seafood,gluten_free,2025-06-20
2699,35-44,Ashdod,Japanese,gluten_free,2024-07-27
2700,45-54,Kfar Saba,Greek,vegan,2023-04-01
2701,25-34,Givatayim,Asian,kosher,2024-05-28
2702,25-34,Eilat,Steakhouse,low_carb,2025-08-18
2703,35-44,Petah Tikva,Italian,vegan,2024-06-07
2704,45-54,Ashdod,Burger,none,2024-07-18
2705,35-44,Petah Tikva,Indian,none,2024-07-31
2706,25-34,Herzliya,Mediterranean,vegan,2025-03-07
2707,18-24,Rishon LeZion,Mediterranean,vegetarian,2024-02-03
2708,18-24,Ramat Gan,Japanese,none,2025-09-09
2709,25-34,Jerusalem,Japanese,gluten_free,2025-07-21
2710,35-44,Rehovot,Burger,low_carb,2024-03-27
2711,45-54,Tel Aviv,Pizza,vegan,2025-06-29
2712,25-34,Eilat,Vegan,halal,2024-02-02
2713,18-24,Netanya,Sushi,gluten_free,2024-09-16
2714,25-34,Haifa,Greek,kosher,2024-01-28
2715,45-54,Jerusalem,Vegan,vegan,2025-04-13
2716,18-24,Jerusalem,Japanese,vegan,2025-09-07
2717,25-34,Ashdod,Asian,none,2023-12-28
2718,45-54,Rishon LeZion,Greek,vegan,2025-07-01
2719,25-34,Rehovot,Indian,vegetarian,2024-10-23
2720,35-44,Eilat,Seafood,vegetarian,2025-06-07
2721,35-44,Petah Tikva,Greek,kosher,2023-02-06
2722,35-44,Petah Tikva,Greek,halal,2024-08-19
2723,55+,Holon,Asian,gluten_free,2024-06-07
2724,25-34,Beer Sheva,Seafood,kosher,2024-06-14
2725,35-44,Haifa,Burger,vegan,2024-09-30
2726,25-34,Petah Tikva,Sushi,vegan,2024-03-25
2727,25-34,Givatayim,Seafood,vegetarian,2024-02-22
2728,18-24,Givatayim,Cafe,none,2025-04-10
2729,45-54,Rishon LeZion,Pizza,low_carb,2024-09-28
2730,55+,Petah Tikva,Cafe,halal,2023-04-19
2731,35-44,Petah Tikva,Seafood,none,2023-01-30
2732,45-54,Ramat Gan,Seafood,gluten_free,2025-01-27
2733,35-44,Jerusalem,Pizza,kosher,2024-06-30
2734,55+,Eilat,Indian,kosher,2025-01-23
2735,45-54,Givatayim,Seafood,none,2025-04-08
2736,18-24,Rishon LeZion,Thai,vegetarian,2024-04-16
2737,25-34,Holon,Israeli,gluten_free,2024-06-19
2738,55+,Haifa,Thai,vegan,2024-04-10
2739,18-24,Holon,Thai,vegetarian,2023-03-01
2740,25-34,Jerusalem,Burger,vegetarian,2025-09-22
2741,35-44,Petah Tikva,Pizza,gluten_free,2025-04-03
2742,25-34,Givatayim,Cafe,kosher,2024-09-23
2743,45-54,Tel Aviv,Steakhouse,gluten_free,2023-08-10
2744,18-24,Kfar Saba,Greek,low_carb,2023-08-16
2745,18-24,Kfar Saba,Vegan,gluten_free,2025-08-01
2746,25-34,Petah Tikva,Pizza,vegetarian,2025-08-04
2747,55+,Eilat,Burger,gluten_free,2024-03-11
2748,55+,Petah Tikva,Burger,halal,2023-10-12
2749,55+,Beer Sheva,Israeli,none,2024-06-05
2750,45-54,Holon,Mediterranean,halal,2023-05-10
2751,25-34,Jerusalem,Israeli,halal,2024-09-19
2752,18-24,Rehovot,Burger,vegetarian,2023-02-06
2753,18-24,Holon,Thai,vegetarian,2023-05-07
2754,18-24,Ramat Gan,Vegan,low_carb,2025-04-10
2755,45-54,Holon,Vegan,low_carb,2024-12-20
2756,18-24,Herzliya,Asian,none,2023-11-09
2757,55+,Ramat Gan,Mediterranean,low_carb,2023-04-09
2758,55+,Jerusalem,Israeli,halal,2023-04-15
2759,55+,Petah Tikva,Mediterranean,vegan,2023-11-07
2760,18-24,Kfar Saba,Steakhouse,gluten_free,2024-01-09
2761,55+,Beer Sheva,Greek,low_carb,2024-02-16
2762,45-54,Eilat,Sushi,vegetarian,2023-09-20
2763,25-34,Haifa,Mexican,none,2025-09-06
2764,25-34,Petah Tikva,Thai,vegan,2023-04-05
2765,18-24,Rehovot,Steakhouse,vegetarian,2025-08-06
2766,45-54,Givatayim,Thai,none,2024-10-06
2767,18-24,Herzliya,Greek,none,2023-02-24
2768,18-24,Rishon LeZion,Italian,vegan,2023-08-23
2769,18-24,Holon,Cafe,gluten_free,2023-05-04
2770,25-34,Beer Sheva,Sushi,none,2025-07-17
2771,25-34,Herzliya,Asian,kosher,2023-10-10
2772,55+,Ramat Gan,Sushi,gluten_free,2024-06-05
2773,55+,Ramat Gan,Japanese,halal,2024-06-07
2774,55+,Givatayim,Thai,low_carb,2023-03-23
2775,55+,Herzliya,Mediterranean,none,2025-07-09
2776,45-54,Ramat Gan,Pizza,halal,2024-02-02
2777,55+,Rishon LeZion,Israeli,low_carb,2023-05-06
2778,45-54,Herzliya,Thai,gluten_free,2024-12-26
2779,35-44,Kfar Saba,Sushi,kosher,2025-02-06
2780,55+,Tel Aviv,Pizza,gluten_free,2025-03-16
2781,55+,Tel Aviv,Seafood,gluten_free,2023-11-15
2782,35-44,Holon,Seafood,halal,2024-12-10
2783,25-34,Tel Aviv,Japanese,vegan,2024-02-01
2784,35-44,Netanya,Sushi,kosher,2025-08-05
2785,18-24,Tel Aviv,Mediterranean,halal,2023-06-07
2786,45-54,Rehovot,Italian,vegetarian,2024-09-09
2787,35-44,Rehovot,Seafood,gluten_free,2024-05-16
2788,45-54,Rehovot,Japanese,halal,2023-08-15
2789,35-44,Ashdod,Cafe,none,2025-06-08
2790,45-54,Holon,Greek,vegan,2025-05-19
2791,45-54,Ramat Gan,Sushi,none,2025-06-10
2792,55+,Jerusalem,Asian,kosher,2023-07-21
2793,45-54,Netanya,Italian,kosher,2025-09-24
2794,18-24,Ramat Gan,Cafe,gluten_free,2025-01-10
2795,35-44,Givatayim,Pizza,vegan,2025-05-15
2796,18-24,Givatayim,Asian,vegetarian,2025-09-10
2797,18-24,Petah Tikva,Italian,vegetarian,2024-02-26
2798,18-24,Beer Sheva,Greek,halal,2023-08-06
2799,45-54,Haifa,Asian,halal,2023-01-29
2800,45-54,Rishon LeZion,Vegan,halal,2025-06-20
2801,45-54,Ramat Gan,Israeli,kosher,2025-06-15
2802,18-24,Kfar Saba,Seafood,low_carb,2025-05-05
2803,18-24,Herzliya,Asian,low_carb,2023-01-01
2804,45-54,Holon,Cafe,kosher,2023-10-26
2805,18-24,Givatayim,Vegan,vegan,2025-05-29
2806,45-54,Kfar Saba,Greek,vegan,2024-08-16
2807,18-24,Holon,Asian,halal,2024-10-21
2808,18-24,Petah Tikva,Cafe,low_carb,2023-02-04
2809,25-34,Jerusalem,Israeli,gluten_free,2024-06-20
2810,18-24,Jerusalem,Pizza,vegetarian,2023-03-08
2811,45-54,Haifa,Indian,kosher,2024-05-23
2812,55+,Netanya,Asian,vegan,2024-11-09
2813,45-54,Tel Aviv,Pizza,vegetarian,2023-09-23
2814,55+,Herzliya,Mexican,none,2024-11-28
2815,55+,Eilat,Thai,halal,2024-02-09
2816,35-44,Haifa,Cafe,low_carb,2023-05-10
2817,18-24,Kfar Saba,Seafood,low_carb,2024-06-01
2818,55+,Tel Aviv,Japanese,gluten_free,2024-10-15
2819,45-54,Tel Aviv,Sushi,gluten_free,2024-12-06
2820,18-24,Holon,Burger,vegetarian,2023-08-29
2821,25-34,Jerusalem,Vegan,low_carb,2024-02-19
2822,35-44,Holon,Sushi,vegetarian,2023-02-25
2823,25-34,Givatayim,Asian,vegan,2023-09-16
2824,45-54,Jerusalem,Greek,halal,2023-06-19
2825,55+,Herzliya,Israeli,none,2025-04-24
2826,18-24,Rishon LeZion,Mediterranean,vegan,2024-07-18
2827,55+,Tel Aviv,Sushi,none,2023-06-21
2828,25-34,Petah Tikva,Sushi,vegan,2024-02-18
2829,45-54,Herzliya,Burger,vegetarian,2025-02-01
2830,35-44,Holon,Vegan,vegetarian,2025-08-03
2831,55+,Netanya,Thai,gluten_free,2024-03-06
2832,18-24,Herzliya,Indian,halal,2023-04-05
2833,35-44,Kfar Saba,Israeli,vegan,2024-02-18
2834,35-44,Kfar Saba,Indian,kosher,2023-12-26
2835,45-54,Kfar Saba,Seafood,halal,2025-01-10
2836,35-44,Herzliya,Japanese,vegan,2024-12-30
2837,45-54,Eilat,Mexican,halal,2023-01-21
2838,45-54,Beer Sheva,Japanese,none,2024-06-06
2839,35-44,Rishon LeZion,Sushi,low_carb,2025-01-04
2840,18-24,Netanya,Cafe,vegan,2023-06-18
2841,18-24,Rehovot,Pizza,vegetarian,2025-09-18
2842,18-24,Ashdod,Japanese,vegetarian,2024-02-27
2843,55+,Jerusalem,Thai,vegan,2023-11-17
2844,18-24,Rishon LeZion,Italian,kosher,2024-01-26
2845,45-54,Ramat Gan,Israeli,halal,2023-01-16
2846,25-34,Holon,Thai,vegetarian,2025-04-12
2847,45-54,Rishon LeZion,Steakhouse,low_carb,2023-02-10
2848,25-34,Eilat,Vegan,halal,2025-06-29
2849,55+,Holon,Burger,vegetarian,2023-09-08
2850,18-24,Tel Aviv,Greek,halal,2023-01-06
2851,45-54,Rishon LeZion,Thai,vegan,2023-03-30
2852,25-34,Tel Aviv,Mediterranean,halal,2023-01-11
2853,25-34,Givatayim,Greek,gluten_free,2024-06-21
2854,25-34,Jerusalem,Indian,none,2023-08-13
2855,35-44,Eilat,Mediterranean,gluten_free,2023-06-16
2856,25-34,Eilat,Cafe,kosher,2025-04-15
2857,18-24,Ashdod,Greek,none,2025-04-15
2858,25-34,Rehovot,Sushi,low_carb,2023-01-11
2859,18-24,Herzliya,Seafood,vegetarian,2025-06-22
2860,55+,Rishon LeZion,Asian,none,2024-10-06
2861,45-54,Herzliya,Seafood,low_carb,2025-02-13
2862,35-44,Beer Sheva,Steakhouse,halal,2023-09-26
2863,25-34,Eilat,Italian,none,2025-09-26
2864,55+,Ramat Gan,Burger,vegan,2025-07-17
2865,25-34,Kfar Saba,Greek,none,2024-07-13
2866,45-54,Holon,Cafe,vegetarian,2025-06-22
2867,25-34,Holon,Greek,none,2025-08-03
2868,18-24,Eilat,Asian,gluten_free,2024-02-13
2869,35-44,Kfar Saba,Burger,vegetarian,2024-08-13
2870,55+,Jerusalem,Vegan,kosher,2024-01-28
2871,45-54,Netanya,Steakhouse,vegetarian,2023-12-31
2872,35-44,Jerusalem,Italian,vegan,2023-05-23
2873,45-54,Ramat Gan,Vegan,vegetarian,2025-07-13
2874,55+,Haifa,Asian,halal,2025-08-10
2875,45-54,Beer Sheva,Steakhouse,kosher,2025-04-02
2876,25-34,Ramat Gan,Mexican,none,2023-02-04
2877,18-24,Rishon LeZion,Sushi,gluten_free,2023-03-14
2878,45-54,Eilat,Thai,vegan,2024-07-24
2879,35-44,Haifa,Vegan,gluten_free,2024-06-10
2880,18-24,Tel Aviv,Japanese,vegetarian,2025-08-19
2881,35-44,Haifa,Sushi,none,2024-09-21
2882,18-24,Rehovot,Steakhouse,low_carb,2023-02-10
2883,55+,Givatayim,Japanese,vegetarian,2023-05-05
2884,18-24,Givatayim,Greek,low_carb,2025-05-16
2885,55+,Beer Sheva,Sushi,none,2023-06-11
2886,55+,Herzliya,Italian,gluten_free,2024-07-11
2887,25-34,Jerusalem,Burger,low_carb,2023-12-14
2888,45-54,Givatayim,Sushi,none,2023-08-19
2889,45-54,Rehovot,Vegan,vegetarian,2024-12-26
2890,18-24,Netanya,Mexican,vegetarian,2024-03-11
2891,45-54,Petah Tikva,Cafe,vegetarian,2023-11-17
2892,45-54,Rehovot,Pizza,low_carb,2025-03-24
2893,55+,Beer Sheva,Seafood,none,2024-04-13
2894,35-44,Rehovot,Greek,gluten_free,2024-12-19
2895,55+,Netanya,Sushi,halal,2023-10-25
2896,45-54,Rehovot,Steakhouse,low_carb,2024-09-11
2897,35-44,Rishon LeZion,Cafe,halal,2023-09-29
2898,45-54,Rishon LeZion,Italian,none,2024-05-02
2899,18-24,Ramat Gan,Japanese,halal,2024-12-08
2900,35-44,Netanya,Thai,none,2024-04-12
2901,45-54,Ashdod,Italian,vegetarian,2024-01-24
2902,35-44,Herzliya,Mediterranean,gluten_free,2024-11-03
2903,18-24,Jerusalem,Greek,vegetarian,2025-09-27
2904,18-24,Rishon LeZion,Steakhouse,low_carb,2023-05-27
2905,18-24,Rishon LeZion,Pizza,none,2023-02-14
2906,45-54,Jerusalem,Seafood,vegan,2025-06-14
2907,25-34,Netanya,Mexican,vegetarian,2023-11-03
2908,55+,Beer Sheva,Seafood,halal,2025-08-15
2909,18-24,Herzliya,Indian,none,2023-11-21
2910,45-54,Netanya,Israeli,vegan,2025-07-07
2911,25-34,Beer Sheva,Israeli,gluten_free,2025-08-14
2912,55+,Eilat,Japanese,vegan,2023-10-23
2913,35-44,Rehovot,Vegan,vegetarian,2024-01-22
2914,45-54,Jerusalem,Asian,kosher,2024-10-22
2915,55+,Ramat Gan,Thai,low_carb,2024-11-21
2916,18-24,Haifa,Pizza,vegan,2024-10-12
2917,18-24,Eilat,Sushi,kosher,2025-07-09
2918,55+,Rishon LeZion,Italian,vegan,2024-09-10
2919,45-54,Haifa,Steakhouse,halal,2024-12-17
2920,18-24,Beer Sheva,Asian,kosher,2023-06-25
2921,25-34,Haifa,Italian,vegetarian,2025-05-04
2922,55+,Holon,Thai,vegetarian,2024-11-18
2923,18-24,Kfar Saba,Greek,vegetarian,2024-07-11
2924,25-34,Ashdod,Indian,vegan,2024-02-10
2925,55+,Petah Tikva,Greek,gluten_free,2024-11-18
2926,25-34,Haifa,Thai,halal,2025-06-24
2927,45-54,Herzliya,Steakhouse,halal,2025-04-30
2928,45-54,Netanya,Mexican,gluten_free,2025-02-01
2929,55+,Ashdod,Cafe,vegan,2024-11-06
2930,35-44,Kfar Saba,Thai,kosher,2024-01-21
2931,45-54,Haifa,Israeli,vegan,2025-04-17
2932,55+,Ashdod,Greek,low_carb,2024-12-05
2933,55+,Rehovot,Seafood,halal,2023-05-02
2934,55+,Givatayim,Vegan,none,2024-10-25
2935,18-24,Petah Tikva,Seafood,kosher,2025-01-13
2936,18-24,Givatayim,Cafe,vegetarian,2023-11-01
2937,18-24,Givatayim,Pizza,vegetarian,2023-12-31
2938,18-24,Netanya,Seafood,none,2023-09-14
2939,35-44,Holon,Pizza,halal,2023-01-30
2940,45-54,Beer Sheva,Seafood,vegetarian,2023-12-22
2941,45-54,Netanya,Indian,none,2024-11-27
2942,25-34,Netanya,Burger,gluten_free,2023-09-08
2943,25-34,Beer Sheva,Asian,halal,2023-10-28
2944,55+,Tel Aviv,Greek,kosher,2023-11-28
2945,45-54,Herzliya,Asian,vegetarian,2023-01-29
2946,25-34,Kfar Saba,Sushi,vegetarian,2024-05-11
2947,25-34,Kfar Saba,Mexican,kosher,2025-05-11
2948,35-44,Eilat,Greek,kosher,2023-11-04
2949,25-34,Jerusalem,Thai,low_carb,2023-07-26
2950,45-54,Beer Sheva,Thai,vegetarian,2023-06-03
2951,25-34,Haifa,Japanese,none,2023-01-18
2952,25-34,Kfar Saba,Sushi,none,2025-07-15
2953,55+,Petah Tikva,Sushi,none,2024-03-23
2954,35-44,Ashdod,Indian,low_carb,2025-04-29
2955,55+,Kfar Saba,Israeli,low_carb,2023-05-11
2956,18-24,Rehovot,Vegan,none,2023-08-06
2957,35-44,Netanya,Mexican,gluten_free,2024-12-03
2958,25-34,Rishon LeZion,Asian,vegan,2024-02-10
2959,35-44,Givatayim,Indian,halal,2025-03-26
2960,25-34,Kfar Saba,Steakhouse,kosher,2023-10-22
2961,55+,Jerusalem,Sushi,halal,2023-11-09
2962,45-54,Tel Aviv,Cafe,vegan,2025-01-27
2963,35-44,Herzliya,Italian,vegan,2023-01-08
2964,35-44,Netanya,Japanese,gluten_free,2024-03-07
2965,35-44,Petah Tikva,Asian,halal,2025-01-03
2966,55+,Ashdod,Greek,vegan,2023-01-27
2967,18-24,Jerusalem,Cafe,low_carb,2024-05-08
2968,45-54,Tel Aviv,Cafe,vegan,2025-07-05
2969,45-54,Rehovot,Cafe,none,2025-08-30
2970,55+,Ramat Gan,Cafe,gluten_free,2023-06-09
2971,25-34,Ramat Gan,Pizza,kosher,2024-04-24
2972,55+,Givatayim,Italian,low_carb,2024-08-29
2973,55+,Eilat,Pizza,gluten_free,2024-04-03
2974,55+,Eilat,Mediterranean,low_carb,2025-05-26
2975,25-34,Eilat,Mediterranean,vegan,2023-04-01
2976,45-54,Jerusalem,Cafe,halal,2024-12-18
2977,55+,Netanya,Steakhouse,gluten_free,2023-05-02
2978,35-44,Herzliya,Mexican,vegan,2024-07-20
2979,45-54,Netanya,Thai,none,2024-09-01
2980,55+,Haifa,Thai,kosher,2024-02-04
2981,18-24,Herzliya,Italian,gluten_free,2025-03-24
2982,25-34,Petah Tikva,Burger,none,2023-06-09
2983,35-44,Tel Aviv,Vegan,none,2024-02-29
2984,25-34,Givatayim,Seafood,kosher,2024-09-20
2985,45-54,Kfar Saba,Indian,low_carb,2024-09-15
2986,55+,Haifa,Vegan,vegetarian,2024-05-21
2987,55+,Ramat Gan,Thai,gluten_free,2023-03-25
2988,45-54,Rishon LeZion,Greek,halal,2025-03-04
2989,35-44,Holon,Thai,low_carb,2023-01-24
2990,45-54,Rehovot,Greek,halal,2024-01-13
2991,25-34,Jerusalem,Israeli,vegan,2025-07-15
2992,35-44,Ramat Gan,Indian,none,2023-03-05
2993,25-34,Kfar Saba,Indian,vegan,2023-05-07
2994,18-24,Petah Tikva,Vegan,gluten_free,2024-04-20
2995,35-44,Jerusalem,Thai,none,2025-06-06
2996,18-24,Jerusalem,Indian,none,2024-09-12
2997,25-34,Eilat,Burger,vegetarian,2023-09-20
2998,35-44,Tel Aviv,Burger,vegetarian,2024-10-20
2999,18-24,Ramat Gan,Cafe,none,2023-04-24
3000,45-54,Tel Aviv,Mexican,kosher,2023-07-14
3001,35-44,Beer Sheva,Israeli,kosher,2024-07-02
3002,35-44,Rishon LeZion,Italian,vegan,2024-10-01
3003,25-34,Petah Tikva,Asian,low_carb,2024-08-13
3004,45-54,Herzliya,Israeli,vegan,2023-07-13
3005,25-34,Eilat,Mexican,gluten_free,2024-12-17
3006,45-54,Ashdod,Indian,vegetarian,2024-04-08
3007,25-34,Rehovot,Mexican,low_carb,2025-04-19
3008,45-54,Rishon LeZion,Pizza,vegan,2024-06-05
3009,55+,Ramat Gan,Israeli,vegetarian,2023-03-08
3010,18-24,Holon,Burger,vegan,2025-02-14
3011,45-54,Rehovot,Indian,none,2025-05-08
3012,55+,Givatayim,Sushi,halal,2024-11-19
3013,25-34,Jerusalem,Thai,gluten_free,2024-03-16
3014,45-54,Ramat Gan,Asian,gluten_free,2025-05-03
3015,35-44,Beer Sheva,Steakhouse,none,2023-04-27
3016,18-24,Ramat Gan,Vegan,gluten_free,2025-04-27
3017,18-24,Netanya,Vegan,kosher,2025-09-10
3018,45-54,Beer Sheva,Italian,none,2025-07-21
3019,18-24,Givatayim,Thai,kosher,2024-10-04
3020,45-54,Herzliya,Italian,halal,2023-12-09
3021,45-54,Eilat,Burger,vegetarian,2025-04-22
3022,25-34,Eilat,Burger,vegan,2023-01-29
3023,18-24,Ramat Gan,Pizza,gluten_free,2025-05-02
3024,18-24,Kfar Saba,Japanese,vegan,2023-08-07
3025,18-24,Netanya,Asian,vegan,2025-08-01
3026,25-34,Beer Sheva,Mediterranean,vegetarian,2023-01-07
3027,25-34,Herzliya,Cafe,halal,2024-01-06
3028,45-54,Rishon LeZion,Burger,none,2023-04-05
3029,55+,Petah Tikva,Greek,low_carb,2025-09-05
3030,35-44,Rehovot,Asian,none,2023-07-22
3031,18-24,Ashdod,Seafood,vegetarian,2024-11-30
3032,55+,Tel Aviv,Israeli,none,2025-02-21
3033,55+,Holon,Steakhouse,halal,2025-08-03
3034,25-34,Eilat,Mexican,low_carb,2023-07-12
3035,55+,Beer Sheva,Steakhouse,kosher,2024-01-30
3036,25-34,Holon,Italian,vegetarian,2024-06-22
3037,35-44,Rishon LeZion,Mediterranean,low_carb,2025-05-09
3038,25-34,Eilat,Sushi,halal,2025-01-23
3039,55+,Tel Aviv,Mexican,vegan,2023-10-23
3040,55+,Ramat Gan,Japanese,vegan,2025-03-13
3041,35-44,Jerusalem,Cafe,low_carb,2024-10-07
3042,55+,Holon,Steakhouse,kosher,2024-08-26
3043,18-24,Petah Tikva,Indian,gluten_free,2024-11-22
3044,18-24,Herzliya,Seafood,kosher,2025-04-06
3045,55+,Petah Tikva,Indian,vegetarian,2023-04-23
3046,35-44,Kfar Saba,Cafe,vegan,2025-08-24
3047,35-44,Haifa,Mexican,vegan,2025-02-11
3048,55+,Petah Tikva,Burger,none,2024-11-13
3049,45-54,Tel Aviv,Japanese,none,2023-02-15
3050,18-24,Netanya,Thai,vegan,2023-04-27
3051,35-44,Ashdod,Israeli,kosher,2023-09-23
3052,45-54,Eilat,Sushi,gluten_free,2023-11-26
3053,45-54,Tel Aviv,Burger,vegetarian,2023-06-11
3054,35-44,Ramat Gan,Steakhouse,vegetarian,2025-06-05
3055,55+,Beer Sheva,Japanese,vegan,2025-06-24
3056,25-34,Rehovot,Indian,vegan,2023-08-22
3057,18-24,Kfar Saba,Italian,vegan,2023-09-15
3058,55+,Rishon LeZion,Vegan,kosher,2024-07-07
3059,18-24,Beer Sheva,Thai,none,2024-09-21
3060,45-54,Netanya,Sushi,vegan,2023-10-22
3061,35-44,Herzliya,Italian,gluten_free,2025-04-25
3062,45-54,Givatayim,Thai,halal,2024-02-12
3063,35-44,Ashdod,Thai,gluten_free,2023-05-08
3064,35-44,Beer Sheva,Steakhouse,kosher,2024-10-01
3065,18-24,Herzliya,Mexican,kosher,2024-06-15
3066,35-44,Petah Tikva,Thai,gluten_free,2023-09-19
3067,25-34,Beer Sheva,Mexican,low_carb,2023-10-12
3068,25-34,Tel Aviv,Cafe,vegan,2025-08-18
3069,45-54,Jerusalem,Indian,none,2025-08-11
3070,35-44,Jerusalem,Israeli,kosher,2023-08-12
3071,45-54,Ramat Gan,Burger,halal,2023-09-27
3072,55+,Netanya,Seafood,vegan,2023-11-20
3073,25-34,Herzliya,Mediterranean,halal,2023-04-10
3074,35-44,Rishon LeZion,Indian,kosher,2024-12-28
3075,25-34,Givatayim,Steakhouse,gluten_free,2024-04-08
3076,25-34,Haifa,Pizza,kosher,2024-05-07
3077,18-24,Rishon LeZion,Mexican,none,2023-04-06
3078,18-24,Eilat,Italian,gluten_free,2025-02-28
3079,35-44,Netanya,Vegan,kosher,2025-07-07
3080,18-24,Ramat Gan,Mediterranean,gluten_free,2023-11-11
3081,35-44,Jerusalem,Burger,low_carb,2023-10-27
3082,18-24,Petah Tikva,Israeli,kosher,2024-12-28
3083,55+,Kfar Saba,Sushi,kosher,2023-09-09
3084,55+,Holon,Mexican,vegetarian,2024-10-26
3085,18-24,Givatayim,Israeli,halal,2024-12-06
3086,35-44,Ramat Gan,Italian,gluten_free,2023-05-08
3087,25-34,Petah Tikva,Steakhouse,low_carb,2023-12-02
3088,55+,Haifa,Steakhouse,halal,2025-02-03
3089,45-54,Ashdod,Asian,halal,2025-08-17
3090,18-24,Ashdod,Seafood,kosher,2024-06-30
3091,18-24,Jerusalem,Vegan,none,2025-03-17
3092,55+,Jerusalem,Japanese,vegetarian,2025-03-06
3093,35-44,Ramat Gan,Cafe,kosher,2025-06-03
3094,35-44,Haifa,Burger,kosher,2023-10-19
3095,25-34,Jerusalem,Cafe,vegetarian,2023-05-17
3096,55+,Rishon LeZion,Greek,vegetarian,2023-03-16
3097,35-44,Rehovot,Greek,gluten_free,2024-07-12
3098,45-54,Ashdod,Vegan,halal,2025-02-15
3099,45-54,Haifa,Cafe,halal,2023-05-12
3100,18-24,Tel Aviv,Thai,none,2024-05-06
3101,55+,Ashdod,Mexican,none,2025-01-01
3102,18-24,Netanya,Sushi,gluten_free,2023-08-14
3103,18-24,Petah Tikva,Mexican,kosher,2024-12-31
3104,25-34,Eilat,Italian,low_carb,2025-08-31
3105,25-34,Petah Tikva,Mediterranean,vegan,2023-10-26
3106,55+,Kfar Saba,Japanese,halal,2025-05-12
3107,45-54,Haifa,Pizza,vegetarian,2023-11-14
3108,45-54,Ramat Gan,Burger,low_carb,2025-04-25
3109,35-44,Rishon LeZion,Steakhouse,kosher,2023-12-26
3110,18-24,Givatayim,Italian,vegetarian,2024-03-21
3111,25-34,Ramat Gan,Thai,low_carb,2023-01-04
3112,18-24,Netanya,Japanese,low_carb,2023-08-24
3113,18-24,Beer Sheva,Vegan,none,2023-04-23
3114,18-24,Ashdod,Mexican,kosher,2025-08-26
3115,35-44,Ramat Gan,Israeli,kosher,2024-01-26
3116,25-34,Ramat Gan,Steakhouse,none,2023-01-10
3117,25-34,Rehovot,Seafood,none,2023-12-16
3118,35-44,Holon,Greek,low_carb,2024-11-15
3119,35-44,Netanya,Vegan,halal,2025-08-29
3120,55+,Netanya,Cafe,none,2023-11-19
3121,55+,Givatayim,Mexican,halal,2023-09-08
3122,18-24,Netanya,Thai,kosher,2024-06-05
3123,18-24,Ashdod,Greek,halal,2024-08-13
3124,25-34,Kfar Saba,Pizza,halal,2023-08-12
3125,55+,Haifa,Cafe,vegetarian,2025-03-29
3126,45-54,Herzliya,Cafe,low_carb,2024-08-27
3127,45-54,Netanya,Mediterranean,kosher,2024-03-30
3128,55+,Beer Sheva,Steakhouse,kosher,2025-04-17
3129,18-24,Jerusalem,Indian,halal,2023-03-14
3130,45-54,Eilat,Pizza,gluten_free,2024-09-27
3131,45-54,Givatayim,Burger,vegetarian,2023-04-14
3132,18-24,Netanya,Pizza,kosher,2024-11-02
3133,25-34,Beer Sheva,Mexican,kosher,2023-08-16
3134,45-54,Herzliya,Japanese,none,2024-03-17
3135,45-54,Ramat Gan,Pizza,none,2024-04-04
3136,35-44,Rehovot,Pizza,vegetarian,2025-05-17
3137,35-44,Kfar Saba,Italian,gluten_free,2023-04-11
3138,25-34,Beer Sheva,Sushi,vegetarian,2023-04-13
3139,45-54,Givatayim,Greek,kosher,2023-11-12
3140,45-54,Kfar Saba,Israeli,gluten_free,2025-08-18
3141,35-44,Ashdod,Burger,kosher,2025-06-24
3142,25-34,Givatayim,Burger,none,2024-08-11
3143,45-54,Rishon LeZion,Vegan,kosher,2024-07-03
3144,45-54,Eilat,Seafood,kosher,2024-06-08
3145,25-34,Ramat Gan,Vegan,halal,2023-12-09
3146,45-54,Tel Aviv,Asian,vegetarian,2023-12-26
3147,18-24,Eilat,Thai,halal,2024-08-01
3148,55+,Givatayim,Seafood,vegetarian,2024-05-26
3149,45-54,Tel Aviv,Indian,vegan,2023-06-12
3150,25-34,Ashdod,Italian,vegan,2023-06-29
3151,18-24,Ramat Gan,Thai,none,2024-04-30
3152,25-34,Rishon LeZion,Greek,low_carb,2025-04-06
3153,18-24,Kfar Saba,Greek,halal,2025-05-11
3154,55+,Ashdod,Mediterranean,low_carb,2025-04-11
3155,18-24,Kfar Saba,Cafe,gluten_free,2023-07-31
3156,25-34,Tel Aviv,Indian,low_carb,2024-03-24
3157,55+,Ashdod,Thai,halal,2023-01-17
3158,25-34,Holon,Israeli,halal,2023-11-08
3159,18-24,Haifa,Greek,vegan,2023-01-28
3160,45-54,Rishon LeZion,Cafe,halal,2024-10-26
3161,45-54,Givatayim,Japanese,kosher,2025-04-26
3162,55+,Rishon LeZion,Israeli,kosher,2023-10-13
3163,45-54,Tel Aviv,Cafe,kosher,2023-02-27
3164,45-54,Jerusalem,Steakhouse,vegan,2025-01-09
3165,55+,Givatayim,Japanese,vegan,2025-01-08
3166,55+,Tel Aviv,Italian,gluten_free,2024-03-18
3167,35-44,Ramat Gan,Burger,halal,2023-01-16
3168,18-24,Tel Aviv,Steakhouse,vegetarian,2025-03-24
3169,45-54,Petah Tikva,Sushi,vegetarian,2025-04-01
3170,25-34,Eilat,Italian,halal,2025-01-18
3171,35-44,Rehovot,Thai,none,2023-09-10
3172,25-34,Givatayim,Sushi,halal,2025-01-10
3173,45-54,Beer Sheva,Cafe,vegetarian,2023-01-12
3174,25-34,Tel Aviv,Mexican,halal,2025-04-28
3175,35-44,Netanya,Israeli,low_carb,2023-11-25
3176,18-24,Jerusalem,Sushi,low_carb,2024-03-07
3177,45-54,Jerusalem,Burger,vegan,2025-07-19
3178,45-54,Netanya,Asian,low_carb,2023-03-15
3179,45-54,Holon,Italian,none,2025-02-11
3180,45-54,Netanya,Thai,low_carb,2024-08-19
3181,45-54,Jerusalem,Burger,none,2024-09-01
3182,45-54,Beer Sheva,Cafe,vegetarian,2024-09-23
3183,25-34,Petah Tikva,Sushi,halal,2023-03-13
3184,18-24,Netanya,Pizza,none,2023-05-28
3185,18-24,Ashdod,Cafe,halal,2025-03-20
3186,55+,Petah Tikva,Asian,none,2025-09-25
3187,25-34,Eilat,Sushi,none,2023-12-28
3188,35-44,Ramat Gan,Steakhouse,vegan,2025-03-10
3189,25-34,Eilat,Thai,gluten_free,2023-10-14
3190,45-54,Tel Aviv,Japanese,none,2024-04-15
3191,18-24,Rehovot,Thai,vegetarian,2023-01-15
3192,55+,Holon,Indian,low_carb,2025-09-24
3193,55+,Ramat Gan,Israeli,kosher,2025-04-15
3194,45-54,Rehovot,Thai,halal,2025-06-24
3195,45-54,Rehovot,Burger,vegetarian,2023-07-12
3196,18-24,Givatayim,Burger,low_carb,2023-01-02
3197,18-24,Givatayim,Mexican,low_carb,2023-04-08
3198,55+,Kfar Saba,Mexican,vegetarian,2023-02-09
3199,45-54,Ashdod,Asian,halal,2023-07-26
3200,25-34,Ashdod,Indian,low_carb,2025-08-30
3201,55+,Kfar Saba,Japanese,vegan,2024-09-17
3202,55+,Eilat,Cafe,none,2024-02-02
3203,25-34,Rehovot,Indian,vegetarian,2023-06-09
3204,55+,Ramat Gan,Israeli,gluten_free,2024-11-21
3205,18-24,Rehovot,Mexican,gluten_free,2023-05-01
3206,45-54,Holon,Sushi,vegan,2023-08-07
3207,18-24,Herzliya,Thai,vegetarian,2023-04-11
3208,45-54,Ashdod,Pizza,none,2023-08-31
3209,55+,Herzliya,Pizza,low_carb,2025-05-23
3210,55+,Holon,Indian,vegetarian,2024-04-07
3211,25-34,Netanya,Cafe,low_carb,2023-07-16
3212,25-34,Rishon LeZion,Indian,vegan,2024-03-03
3213,25-34,Jerusalem,Asian,low_carb,2025-06-07
3214,45-54,Herzliya,Indian,none,2023-02-28
3215,55+,Haifa,Italian,kosher,2023-11-18
3216,45-54,Kfar Saba,Pizza,halal,2024-08-21
3217,55+,Eilat,Thai,kosher,2025-02-22
3218,45-54,Herzliya,Japanese,low_carb,2025-07-04
3219,55+,Ramat Gan,Steakhouse,none,2023-03-11
3220,45-54,Haifa,Indian,gluten_free,2023-06-09
3221,45-54,Jerusalem,Burger,kosher,2023-02-14
3222,18-24,Rishon LeZion,Greek,gluten_free,2025-08-27
3223,18-24,Netanya,Pizza,halal,2024-04-05
3224,25-34,Rishon LeZion,Italian,low_carb,2023-08-31
3225,18-24,Holon,Steakhouse,vegetarian,2023-06-16
3226,25-34,Ramat Gan,Thai,vegetarian,2024-08-28
3227,35-44,Kfar Saba,Seafood,vegan,2023-03-23
3228,45-54,Kfar Saba,Mexican,vegan,2024-06-19
3229,25-34,Rishon LeZion,Italian,halal,2024-10-22
3230,18-24,Rehovot,Cafe,kosher,2024-06-28
3231,55+,Rishon LeZion,Japanese,gluten_free,2024-04-16
3232,18-24,Rishon LeZion,Mediterranean,vegetarian,2023-06-18
3233,18-24,Rehovot,Sushi,vegan,2024-09-05
3234,25-34,Beer Sheva,Sushi,gluten_free,2023-06-19
3235,25-34,Herzliya,Vegan,vegetarian,2023-12-22
3236,25-34,Petah Tikva,Asian,vegan,2023-09-17
3237,45-54,Ramat Gan,Cafe,none,2024-03-01
3238,25-34,Jerusalem,Mediterranean,vegan,2025-05-03
3239,45-54,Eilat,Pizza,vegan,2023-10-21
3240,35-44,Petah Tikva,Indian,halal,2023-12-12
3241,25-34,Haifa,Cafe,halal,2024-02-28
3242,25-34,Rehovot,Greek,kosher,2024-11-07
3243,25-34,Haifa,Vegan,halal,2024-06-17
3244,45-54,Rishon LeZion,Mediterranean,kosher,2023-05-28
3245,25-34,Ramat Gan,Burger,gluten_free,2023-10-10
3246,35-44,Eilat,Cafe,halal,2025-02-28
3247,35-44,Givatayim,Seafood,kosher,2023-01-11
3248,18-24,Kfar Saba,Seafood,halal,2024-09-01
3249,35-44,Herzliya,Cafe,vegan,2024-07-29
3250,18-24,Netanya,Asian,halal,2023-02-23
3251,25-34,Tel Aviv,Vegan,gluten_free,2024-02-04
3252,25-34,Ashdod,Greek,kosher,2024-12-19
3253,18-24,Netanya,Cafe,vegan,2023-11-15
3254,45-54,Tel Aviv,Japanese,halal,2023-02-16
3255,35-44,Haifa,Italian,gluten_free,2023-12-29
3256,55+,Eilat,Asian,low_carb,2024-10-30
3257,55+,Herzliya,Israeli,low_carb,2025-01-10
3258,25-34,Ashdod,Seafood,gluten_free,2025-05-28
3259,55+,Tel Aviv,Greek,vegan,2024-03-13
3260,55+,Haifa,Italian,vegan,2024-06-23
3261,25-34,Holon,Greek,kosher,2025-07-29
3262,35-44,Jerusalem,Indian,vegan,2025-09-01
3263,45-54,Jerusalem,Pizza,halal,2023-10-22
3264,25-34,Petah Tikva,Israeli,none,2025-05-09
3265,45-54,Ashdod,Pizza,kosher,2023-07-20
3266,55+,Netanya,Vegan,gluten_free,2023-12-18
3267,18-24,Eilat,Japanese,vegetarian,2025-07-30
3268,35-44,Petah Tikva,Pizza,halal,2024-05-17
3269,45-54,Petah Tikva,Cafe,vegan,2025-06-29
3270,18-24,Ashdod,Thai,kosher,2023-01-12
3271,18-24,Netanya,Burger,gluten_free,2024-12-13
3272,35-44,Rehovot,Greek,vegetarian,2023-06-06
3273,55+,Rishon LeZion,Seafood,low_carb,2023-07-20
3274,25-34,Haifa,Japanese,halal,2024-04-18
3275,18-24,Rehovot,Sushi,vegan,2023-05-16
3276,18-24,Beer Sheva,Cafe,halal,2025-07-19
3277,55+,Kfar Saba,Pizza,gluten_free,2023-04-11
3278,45-54,Rishon LeZion,Steakhouse,low_carb,2024-09-02
3279,55+,Petah Tikva,Asian,kosher,2025-06-17
3280,45-54,Tel Aviv,Cafe,low_carb,2024-02-20
3281,45-54,Petah Tikva,Seafood,none,2024-10-08
3282,25-34,Haifa,Israeli,kosher,2025-08-12
3283,25-34,Ashdod,Pizza,kosher,2024-10-21
3284,35-44,Holon,Sushi,vegan,2024-10-17
3285,45-54,Netanya,Italian,halal,2024-06-16
3286,35-44,Ramat Gan,Burger,none,2023-09-02
3287,25-34,Beer Sheva,Cafe,gluten_free,2023-11-07
3288,25-34,Jerusalem,Mediterranean,none,2024-01-27
3289,25-34,Kfar Saba,Steakhouse,vegan,2024-06-10
3290,55+,Herzliya,Israeli,vegetarian,2025-07-06
3291,25-34,Ashdod,Indian,halal,2023-01-22
3292,35-44,Holon,Vegan,halal,2023-12-06
3293,35-44,Petah Tikva,Seafood,none,2024-01-08
3294,18-24,Givatayim,Indian,halal,2024-12-07
3295,35-44,Rishon LeZion,Pizza,halal,2025-09-09
3296,45-54,Haifa,Indian,kosher,2025-02-03
3297,35-44,Holon,Vegan,kosher,2023-05-20
3298,35-44,Petah Tikva,Italian,vegan,2023-06-26
3299,35-44,Netanya,Indian,gluten_free,2023-05-22
3300,55+,Rishon LeZion,Cafe,low_carb,2023-06-05
3301,55+,Eilat,Asian,gluten_free,2025-08-31
3302,55+,Kfar Saba,Steakhouse,vegan,2024-10-05
3303,45-54,Givatayim,Israeli,none,2023-03-20
3304,35-44,Tel Aviv,Cafe,low_carb,2023-10-30
3305,55+,Rishon LeZion,Italian,kosher,2023-10-05
3306,45-54,Holon,Steakhouse,low_carb,2024-10-02
3307,35-44,Haifa,Indian,none,2023-10-02
3308,55+,Jerusalem,Thai,kosher,2023-05-29
3309,45-54,Holon,Mediterranean,gluten_free,2025-06-10
3310,55+,Eilat,Burger,gluten_free,2023-07-29
3311,25-34,Kfar Saba,Sushi,kosher,2023-11-14
3312,18-24,Holon,Vegan,kosher,2025-07-14
3313,25-34,Beer Sheva,Greek,gluten_free,2023-07-30
3314,18-24,Jerusalem,Italian,vegetarian,2025-08-15
3315,45-54,Ramat Gan,Mediterranean,gluten_free,2023-01-14
3316,45-54,Herzliya,Japanese,kosher,2023-11-20
3317,25-34,Kfar Saba,Asian,vegan,2024-07-04
3318,35-44,Jerusalem,Cafe,kosher,2023-05-28
3319,35-44,Kfar Saba,Steakhouse,kosher,2023-03-20
3320,45-54,Eilat,Vegan,low_carb,2025-09-09
3321,35-44,Tel Aviv,Seafood,gluten_free,2025-08-14
3322,55+,Tel Aviv,Pizza,vegan,2024-10-05
3323,45-54,Beer Sheva,Burger,halal,2023-12-26
3324,45-54,Holon,Asian,kosher,2023-01-04
3325,18-24,Netanya,Greek,halal,2025-01-31
3326,35-44,Rishon LeZion,Seafood,low_carb,2023-07-29
3327,25-34,Netanya,Thai,low_carb,2023-09-27
3328,25-34,Herzliya,Pizza,gluten_free,2023-02-23
3329,35-44,Givatayim,Sushi,halal,2023-03-04
3330,35-44,Tel Aviv,Burger,none,2024-07-11
3331,35-44,Kfar Saba,Steakhouse,vegan,2023-07-08
3332,18-24,Eilat,Israeli,vegan,2024-05-27
3333,35-44,Holon,Japanese,vegetarian,2025-05-13
3334,18-24,Rehovot,Vegan,vegetarian,2024-03-23
3335,55+,Ramat Gan,Vegan,gluten_free,2024-01-03
3336,18-24,Jerusalem,Thai,halal,2025-06-01
3337,55+,Beer Sheva,Asian,low_carb,2023-01-25
3338,18-24,Rishon LeZion,Mexican,none,2025-07-11
3339,25-34,Rishon LeZion,Italian,low_carb,2024-08-14
3340,18-24,Beer Sheva,Indian,none,2023-05-09
3341,18-24,Petah Tikva,Greek,halal,2023-04-30
3342,55+,Ramat Gan,Steakhouse,gluten_free,2023-12-30
3343,18-24,Haifa,Seafood,kosher,2023-01-13
3344,55+,Netanya,Asian,halal,2024-06-07
3345,18-24,Netanya,Asian,halal,2024-09-05
3346,45-54,Jerusalem,Steakhouse,vegan,2025-04-26
3347,35-44,Eilat,Cafe,vegetarian,2025-02-20
3348,55+,Kfar Saba,Israeli,vegan,2023-07-14
3349,35-44,Ramat Gan,Greek,low_carb,2023-10-23
3350,18-24,Eilat,Mediterranean,none,2025-06-12
3351,45-54,Ashdod,Japanese,vegetarian,2025-03-12
3352,55+,Haifa,Burger,vegan,2024-11-02
3353,25-34,Holon,Asian,gluten_free,2023-09-21
3354,45-54,Tel Aviv,Vegan,kosher,2024-09-11
3355,18-24,Holon,Cafe,low_carb,2024-07-03
3356,55+,Tel Aviv,Vegan,gluten_free,2024-12-18
3357,25-34,Rehovot,Japanese,vegetarian,2025-02-14
3358,55+,Rehovot,Greek,vegan,2024-08-14
3359,55+,Beer Sheva,Vegan,halal,2023-05-22
3360,18-24,Herzliya,Japanese,none,2024-08-29
3361,25-34,Ramat Gan,Italian,vegan,2023-08-10
3362,35-44,Kfar Saba,Steakhouse,halal,2023-11-01
3363,18-24,Haifa,Asian,low_carb,2024-09-14
3364,18-24,Jerusalem,Mexican,none,2024-05-18
3365,45-54,Petah Tikva,Greek,vegetarian,2025-06-19
3366,18-24,Kfar Saba,Mediterranean,vegetarian,2025-01-01
3367,55+,Ashdod,Italian,kosher,2023-04-08
3368,18-24,Kfar Saba,Burger,none,2023-07-18
3369,25-34,Ramat Gan,Burger,low_carb,2023-06-17
3370,35-44,Rehovot,Seafood,vegan,2024-04-04
3371,55+,Rishon LeZion,Burger,none,2025-06-05
3372,25-34,Holon,Thai,kosher,2023-10-02
3373,55+,Haifa,Burger,kosher,2025-01-12
3374,55+,Tel Aviv,Mexican,kosher,2023-05-21
3375,35-44,Rishon LeZion,Mediterranean,gluten_free,2024-02-05
3376,18-24,Givatayim,Greek,vegetarian,2025-01-08
3377,18-24,Beer Sheva,Greek,gluten_free,2023-12-03
3378,45-54,Jerusalem,Seafood,none,2023-04-11
3379,55+,Jerusalem,Pizza,halal,2023-05-17
3380,35-44,Kfar Saba,Pizza,none,2024-12-04
3381,25-34,Ramat Gan,Mexican,vegetarian,2023-09-22
3382,18-24,Haifa,Cafe,vegetarian,2025-06-26
3383,35-44,Holon,Mexican,gluten_free,2024-06-03
3384,25-34,Holon,Greek,low_carb,2023-10-18
3385,45-54,Rehovot,Cafe,vegan,2024-01-27
3386,45-54,Jerusalem,Mediterranean,low_carb,2024-03-13
3387,55+,Kfar Saba,Israeli,vegan,2025-03-08
3388,18-24,Netanya,Sushi,vegan,2024-08-13
3389,18-24,Holon,Cafe,kosher,2025-01-01
3390,35-44,Ashdod,Steakhouse,vegetarian,2024-08-19
3391,35-44,Ramat Gan,Israeli,low_carb,2023-01-28
3392,35-44,Jerusalem,Indian,vegetarian,2024-05-12
3393,25-34,Netanya,Seafood,vegetarian,2023-04-28
3394,45-54,Ramat Gan,Israeli,halal,2025-05-04
3395,18-24,Rehovot,Israeli,none,2024-06-13
3396,35-44,Rehovot,Steakhouse,vegetarian,2025-08-24
3397,18-24,Rehovot,Indian,gluten_free,2024-09-09
3398,45-54,Beer Sheva,Thai,vegetarian,2025-03-29
3399,25-34,Givatayim,Sushi,vegetarian,2025-02-12
3400,25-34,Jerusalem,Cafe,low_carb,2023-11-21
3401,45-54,Ramat Gan,Pizza,vegan,2023-09-10
3402,55+,Jerusalem,Sushi,halal,2025-08-05
3403,45-54,Eilat,Mexican,gluten_free,2024-09-07
3404,55+,Netanya,Italian,kosher,2023-06-12
3405,45-54,Netanya,Sushi,none,2024-01-05
3406,45-54,Kfar Saba,Vegan,low_carb,2025-04-11
3407,45-54,Herzliya,Burger,none,2023-02-24
3408,25-34,Ashdod,Japanese,low_carb,2024-11-07
3409,35-44,Ashdod,Italian,halal,2024-10-24
3410,35-44,Jerusalem,Vegan,vegan,2024-11-08
3411,45-54,Kfar Saba,Thai,halal,2025-02-27
3412,25-34,Beer Sheva,Seafood,kosher,2023-09-14
3413,25-34,Herzliya,Thai,low_carb,2023-07-24
3414,55+,Haifa,Greek,vegetarian,2025-05-25
3415,18-24,Rehovot,Burger,vegan,2024-02-02
3416,55+,Rishon LeZion,Japanese,vegetarian,2024-01-07
3417,55+,Ramat Gan,Burger,gluten_free,2025-02-19
3418,25-34,Netanya,Cafe,vegetarian,2024-11-04
3419,45-54,Netanya,Steakhouse,low_carb,2024-01-29
3420,35-44,Beer Sheva,Cafe,vegetarian,2024-03-29
3421,35-44,Kfar Saba,Japanese,none,2025-08-31
3422,55+,Jerusalem,Japanese,vegetarian,2024-02-20
3423,18-24,Holon,Indian,halal,2024-08-13
3424,55+,Ramat Gan,Seafood,none,2024-02-21
3425,18-24,Ashdod,Seafood,vegan,2025-05-31
3426,55+,Petah Tikva,Burger,gluten_free,2025-07-17
3427,55+,Kfar Saba,Steakhouse,none,2025-05-26
3428,45-54,Rehovot,Mediterranean,gluten_free,2023-01-08
3429,25-34,Eilat,Cafe,vegan,2025-04-15
3430,35-44,Tel Aviv,Sushi,halal,2024-11-20
3431,18-24,Ramat Gan,Asian,none,2023-10-03
3432,25-34,Rehovot,Cafe,gluten_free,2024-01-20
3433,35-44,Givatayim,Greek,none,2025-01-23
3434,18-24,Beer Sheva,Mexican,halal,2025-02-27
3435,35-44,Ashdod,Cafe,kosher,2024-11-30
3436,55+,Rishon LeZion,Greek,none,2024-10-10
3437,25-34,Givatayim,Steakhouse,gluten_free,2023-01-19
3438,45-54,Herzliya,Steakhouse,vegan,2024-08-02
3439,35-44,Rehovot,Burger,low_carb,2023-07-04
3440,25-34,Haifa,Mediterranean,low_carb,2023-12-22
3441,18-24,Holon,Indian,none,2025-03-09
3442,45-54,Eilat,Vegan,vegetarian,2025-08-23
3443,35-44,Ramat Gan,Japanese,gluten_free,2023-11-28
3444,25-34,Rehovot,Mediterranean,vegetarian,2023-05-11
3445,45-54,Tel Aviv,Mediterranean,vegetarian,2023-11-04
3446,55+,Holon,Steakhouse,kosher,2025-07-17
3447,18-24,Kfar Saba,Sushi,none,2024-07-28
3448,55+,Ashdod,Mediterranean,kosher,2025-09-14
3449,55+,Holon,Mexican,low_carb,2024-10-14
3450,18-24,Herzliya,Vegan,halal,2024-12-05
3451,18-24,Jerusalem,Japanese,low_carb,2024-10-21
3452,35-44,Jerusalem,Indian,vegan,2023-07-02
3453,45-54,Eilat,Japanese,gluten_free,2025-06-10
3454,45-54,Beer Sheva,Asian,gluten_free,2023-02-03
3455,55+,Beer Sheva,Steakhouse,none,2024-09-28
3456,45-54,Beer Sheva,Israeli,vegetarian,2025-09-21
3457,45-54,Eilat,Sushi,vegetarian,2025-06-07
3458,45-54,Givatayim,Cafe,low_carb,2023-06-30
3459,18-24,Herzliya,Asian,kosher,2023-06-16
3460,55+,Rehovot,Sushi,low_carb,2024-01-19
3461,55+,Jerusalem,Seafood,vegan,2023-09-11
3462,45-54,Ramat Gan,Pizza,low_carb,2024-11-16
3463,25-34,Ashdod,Greek,vegetarian,2024-05-07
3464,25-34,Holon,Israeli,none,2025-03-21
3465,18-24,Netanya,Burger,vegetarian,2025-01-09
3466,18-24,Haifa,Cafe,vegetarian,2025-01-20
3467,35-44,Herzliya,Japanese,kosher,2025-02-22
3468,55+,Tel Aviv,Steakhouse,vegan,2023-08-13
3469,18-24,Herzliya,Mexican,kosher,2025-01-13
3470,18-24,Netanya,Seafood,vegetarian,2023-03-19
3471,35-44,Tel Aviv,Indian,vegetarian,2024-10-07
3472,55+,Kfar Saba,Japanese,low_carb,2025-06-12
3473,18-24,Eilat,Burger,vegetarian,2025-07-14
3474,55+,Givatayim,Thai,none,2024-12-04
3475,18-24,Tel Aviv,Greek,none,2024-11-20
3476,55+,Holon,Italian,vegetarian,2024-03-24
3477,25-34,Petah Tikva,Asian,none,2023-12-19
3478,18-24,Herzliya,Seafood,low_carb,2023-04-15
3479,25-34,Rishon LeZion,Sushi,kosher,2024-06-25
3480,25-34,Rishon LeZion,Pizza,low_carb,2023-12-13
3481,45-54,Haifa,Burger,low_carb,2023-05-21
3482,45-54,Rishon LeZion,Sushi,none,2023-12-29
3483,55+,Petah Tikva,Indian,halal,2023-10-24
3484,45-54,Jerusalem,Asian,gluten_free,2023-10-18
3485,55+,Beer Sheva,Vegan,gluten_free,2023-02-27
3486,45-54,Rishon LeZion,Seafood,kosher,2023-08-29
3487,18-24,Herzliya,Japanese,gluten_free,2023-09-12
3488,18-24,Netanya,Cafe,halal,2024-07-18
3489,25-34,Eilat,Cafe,low_carb,2025-06-06
3490,35-44,Haifa,Mexican,low_carb,2024-03-12
3491,18-24,Rishon LeZion,Cafe,none,2025-02-07
3492,35-44,Eilat,Mexican,kosher,2024-04-25
3493,18-24,Rishon LeZion,Indian,gluten_free,2025-01-10
3494,35-44,Haifa,Cafe,vegan,2025-05-29
3495,45-54,Eilat,Vegan,vegan,2023-04-29
3496,55+,Holon,Israeli,vegetarian,2025-03-02
3497,35-44,Kfar Saba,Israeli,vegetarian,2024-07-06
3498,25-34,Ramat Gan,Burger,low_carb,2024-01-18
3499,55+,Netanya,Mediterranean,none,2023-10-23
3500,45-54,Rehovot,Indian,halal,2024-08-30
3501,35-44,Jerusalem,Seafood,kosher,2024-01-02
3502,18-24,Jerusalem,Sushi,none,2024-04-01
3503,45-54,Rehovot,Greek,low_carb,2025-06-10
3504,55+,Ashdod,Mexican,vegan,2024-05-15
3505,55+,Petah Tikva,Israeli,low_carb,2024-07-05
3506,35-44,Herzliya,Thai,none,2024-07-02
3507,18-24,Ashdod,Mexican,halal,2025-05-19
3508,25-34,Rishon LeZion,Cafe,low_carb,2023-06-26
3509,35-44,Givatayim,Italian,halal,2025-01-25
3510,35-44,Beer Sheva,Japanese,vegetarian,2023-05-10
3511,55+,Herzliya,Vegan,gluten_free,2024-04-08
3512,55+,Netanya,Cafe,none,2023-04-11
3513,25-34,Jerusalem,Cafe,halal,2023-11-06
3514,55+,Givatayim,Sushi,vegetarian,2023-02-27
3515,35-44,Jerusalem,Pizza,gluten_free,2024-03-17
3516,25-34,Haifa,Israeli,kosher,2025-09-08
3517,25-34,Givatayim,Cafe,kosher,2025-05-15
3518,25-34,Ramat Gan,Indian,vegan,2023-01-23
3519,35-44,Ashdod,Mexican,low_carb,2023-10-29
3520,18-24,Ashdod,Sushi,halal,2023-05-18
3521,45-54,Beer Sheva,Asian,vegetarian,2024-05-27
3522,55+,Rehovot,Italian,gluten_free,2023-12-14
3523,45-54,Holon,Vegan,gluten_free,2025-06-06
3524,18-24,Herzliya,Israeli,kosher,2023-12-06
3525,55+,Eilat,Thai,gluten_free,2024-02-01
3526,35-44,Jerusalem,Italian,gluten_free,2024-08-04
3527,45-54,Rehovot,Mediterranean,halal,2023-06-05
3528,55+,Ramat Gan,Mediterranean,none,2023-06-26
3529,35-44,Ashdod,Vegan,kosher,2024-11-24
3530,45-54,Beer Sheva,Vegan,vegetarian,2024-10-26
3531,25-34,Jerusalem,Thai,low_carb,2025-03-23
3532,55+,Givatayim,Cafe,gluten_free,2025-03-02
3533,25-34,Netanya,Cafe,halal,2024-05-01
3534,35-44,Jerusalem,Cafe,vegan,2023-08-15
3535,45-54,Kfar Saba,Seafood,halal,2024-08-06
3536,25-34,Eilat,Thai,vegan,2023-03-31
3537,45-54,Beer Sheva,Sushi,vegan,2025-06-03
3538,55+,Ramat Gan,Israeli,vegan,2025-01-31
3539,45-54,Eilat,Seafood,gluten_free,2023-11-11
3540,25-34,Beer Sheva,Indian,halal,2024-11-11
3541,35-44,Ashdod,Japanese,vegan,2023-09-18
3542,18-24,Herzliya,Greek,halal,2023-08-11
3543,25-34,Beer Sheva,Steakhouse,halal,2024-08-26
3544,55+,Herzliya,Vegan,vegan,2023-03-26
3545,55+,Rehovot,Sushi,kosher,2025-07-19
3546,35-44,Tel Aviv,Japanese,low_carb,2023-08-29
3547,55+,Petah Tikva,Israeli,vegetarian,2023-07-26
3548,35-44,Haifa,Steakhouse,low_carb,2024-10-03
3549,35-44,Kfar Saba,Steakhouse,vegan,2023-04-03
3550,45-54,Kfar Saba,Asian,low_carb,2024-04-14
3551,45-54,Herzliya,Indian,halal,2024-05-24
3552,25-34,Ramat Gan,Japanese,gluten_free,2024-03-05
3553,18-24,Haifa,Steakhouse,vegan,2023-10-26
3554,35-44,Haifa,Cafe,gluten_free,2025-07-25
3555,35-44,Holon,Asian,none,2023-09-25
3556,55+,Ramat Gan,Japanese,low_carb,2024-03-21
3557,45-54,Kfar Saba,Sushi,gluten_free,2025-01-20
3558,45-54,Ashdod,Italian,vegetarian,2023-03-16
3559,18-24,Haifa,Sushi,vegan,2025-06-07
3560,45-54,Eilat,Indian,vegan,2024-09-06
3561,35-44,Kfar Saba,Indian,vegan,2025-05-15
3562,35-44,Ramat Gan,Israeli,vegan,2025-04-28
3563,45-54,Rishon LeZion,Sushi,none,2023-05-12
3564,18-24,Givatayim,Japanese,halal,2024-05-18
3565,55+,Rehovot,Thai,kosher,2024-12-19
3566,18-24,Netanya,Vegan,kosher,2023-11-16
3567,55+,Netanya,Japanese,kosher,2023-11-08
3568,18-24,Haifa,Indian,low_carb,2023-02-18
3569,55+,Herzliya,Sushi,none,2023-11-16
3570,25-34,Herzliya,Greek,kosher,2024-12-20
3571,18-24,Herzliya,Indian,gluten_free,2023-09-12
3572,45-54,Jerusalem,Steakhouse,halal,2025-07-03
3573,25-34,Givatayim,Indian,none,2023-05-29
3574,35-44,Kfar Saba,Italian,vegan,2025-02-27
3575,55+,Petah Tikva,Italian,none,2025-05-10
3576,45-54,Rishon LeZion,Mediterranean,kosher,2025-03-15
3577,35-44,Givatayim,Steakhouse,gluten_free,2023-06-05
3578,45-54,Ashdod,Japanese,none,2023-11-06
3579,25-34,Ramat Gan,Japanese,low_carb,2023-05-16
3580,35-44,Rehovot,Indian,kosher,2025-03-07
3581,35-44,Kfar Saba,Israeli,kosher,2023-07-30
3582,25-34,Holon,Greek,gluten_free,2024-02-15
3583,35-44,Ashdod,Asian,halal,2025-06-04
3584,55+,Givatayim,Indian,kosher,2023-11-24
3585,18-24,Herzliya,Sushi,halal,2023-12-27
3586,35-44,Ramat Gan,Israeli,vegetarian,2023-03-24
3587,35-44,Tel Aviv,Burger,halal,2023-11-05
3588,35-44,Herzliya,Asian,kosher,2025-02-19
3589,35-44,Tel Aviv,Israeli,kosher,2024-11-30
3590,25-34,Beer Sheva,Israeli,none,2024-06-10
3591,45-54,Givatayim,Sushi,none,2023-10-04
3592,55+,Tel Aviv,Greek,kosher,2024-03-21
3593,45-54,Rishon LeZion,Pizza,kosher,2024-07-19
3594,45-54,Netanya,Sushi,vegetarian,2023-11-10
3595,55+,Tel Aviv,Pizza,vegan,2024-04-03
3596,18-24,Netanya,Mediterranean,gluten_free,2023-04-20
3597,35-44,Herzliya,Sushi,vegetarian,2023-05-08
3598,45-54,Petah Tikva,Pizza,none,2025-03-16
3599,55+,Herzliya,Sushi,halal,2023-12-14
3600,18-24,Netanya,Italian,vegan,2023-10-10
3601,35-44,Tel Aviv,Japanese,vegetarian,2024-02-05
3602,25-34,Rishon LeZion,Sushi,vegan,2025-05-24
3603,25-34,Ashdod,Mexican,low_carb,2025-02-28
3604,18-24,Eilat,Asian,vegan,2023-07-08
3605,35-44,Eilat,Greek,vegan,2024-02-10
3606,45-54,Kfar Saba,Burger,gluten_free,2024-12-10
3607,25-34,Beer Sheva,Greek,low_carb,2023-04-09
3608,18-24,Beer Sheva,Seafood,vegetarian,2024-08-31
3609,55+,Jerusalem,Pizza,gluten_free,2023-11-30
3610,45-54,Beer Sheva,Indian,low_carb,2025-09-20
3611,25-34,Eilat,Indian,kosher,2023-01-12
3612,45-54,Tel Aviv,Israeli,none,2025-06-28
3613,18-24,Beer Sheva,Greek,gluten_free,2025-03-29
3614,18-24,Beer Sheva,Greek,kosher,2024-04-14
3615,35-44,Rehovot,Seafood,kosher,2023-08-31
3616,55+,Ashdod,Greek,vegetarian,2023-08-22
3617,45-54,Eilat,Greek,low_carb,2023-12-05
3618,35-44,Petah Tikva,Seafood,vegetarian,2025-02-05
3619,35-44,Petah Tikva,Greek,vegan,2024-11-07
3620,45-54,Netanya,Sushi,gluten_free,2024-11-14
3621,45-54,Rishon LeZion,Japanese,vegan,2023-12-28
3622,45-54,Ashdod,Vegan,halal,2025-07-05
3623,25-34,Petah Tikva,Indian,kosher,2024-02-16
3624,25-34,Givatayim,Italian,gluten_free,2023-07-02
3625,45-54,Beer Sheva,Asian,gluten_free,2025-03-28
3626,55+,Ramat Gan,Vegan,gluten_free,2023-09-29
3627,55+,Ramat Gan,Steakhouse,none,2025-01-11
3628,25-34,Holon,Italian,vegan,2025-01-14
3629,25-34,Holon,Steakhouse,vegetarian,2024-09-22
3630,25-34,Eilat,Israeli,vegan,2024-09-25
3631,35-44,Givatayim,Seafood,vegetarian,2023-06-28
3632,55+,Eilat,Seafood,vegan,2024-09-29
3633,45-54,Ashdod,Greek,none,2025-08-27
3634,25-34,Eilat,Greek,gluten_free,2024-03-19
3635,35-44,Haifa,Cafe,vegetarian,2025-01-31
3636,18-24,Netanya,Vegan,vegetarian,2023-11-13
3637,25-34,Netanya,Vegan,halal,2025-03-15
3638,55+,Tel Aviv,Japanese,low_carb,2024-11-19
3639,25-34,Netanya,Vegan,none,2023-11-05
3640,25-34,Beer Sheva,Italian,vegetarian,2024-09-01
3641,45-54,Petah Tikva,Italian,gluten_free,2025-06-22
3642,18-24,Rehovot,Thai,low_carb,2023-01-07
3643,25-34,Ramat Gan,Thai,vegan,2025-01-29
3644,25-34,Beer Sheva,Sushi,vegetarian,2023-05-14
3645,45-54,Netanya,Greek,none,2023-06-06
3646,35-44,Netanya,Pizza,low_carb,2023-08-06
3647,25-34,Givatayim,Pizza,gluten_free,2025-02-16
3648,55+,Rehovot,Israeli,low_carb,2024-05-02
3649,18-24,Tel Aviv,Italian,none,2023-04-05
3650,18-24,Holon,Asian,low_carb,2025-03-15
3651,18-24,Jerusalem,Steakhouse,low_carb,2025-06-12
3652,45-54,Kfar Saba,Vegan,none,2023-10-13
3653,35-44,Beer Sheva,Asian,halal,2025-01-30
3654,18-24,Rehovot,Thai,low_carb,2023-09-27
3655,25-34,Ramat Gan,Steakhouse,none,2024-08-29
3656,35-44,Holon,Italian,halal,2024-05-20
3657,35-44,Herzliya,Steakhouse,low_carb,2023-05-15
3658,25-34,Ashdod,Pizza,none,2025-05-25
3659,55+,Ramat Gan,Italian,vegetarian,2024-02-13
3660,35-44,Haifa,Greek,none,2024-02-27
3661,25-34,Eilat,Japanese,halal,2025-04-02
3662,45-54,Herzliya,Pizza,vegetarian,2025-03-20
3663,45-54,Haifa,Thai,gluten_free,2025-01-12
3664,45-54,Holon,Asian,low_carb,2025-05-29
3665,18-24,Givatayim,Cafe,low_carb,2024-11-27
3666,55+,Ramat Gan,Asian,gluten_free,2024-01-14
3667,25-34,Ramat Gan,Japanese,gluten_free,2025-03-03
3668,35-44,Holon,Thai,low_carb,2025-01-30
3669,35-44,Haifa,Mediterranean,none,2023-09-17
3670,25-34,Tel Aviv,Steakhouse,halal,2023-09-04
3671,55+,Herzliya,Mediterranean,kosher,2024-01-20
3672,25-34,Haifa,Seafood,none,2024-07-08
3673,25-34,Netanya,Cafe,low_carb,2025-02-20
3674,55+,Herzliya,Mediterranean,kosher,2023-03-09
3675,35-44,Jerusalem,Sushi,low_carb,2024-11-10
3676,55+,Haifa,Greek,halal,2023-01-08
3677,45-54,Netanya,Sushi,vegetarian,2024-03-17
3678,35-44,Rishon LeZion,Thai,gluten_free,2024-09-11
3679,25-34,Haifa,Cafe,halal,2024-10-05
3680,35-44,Haifa,Vegan,gluten_free,2023-12-09
3681,55+,Netanya,Cafe,kosher,2025-01-01
3682,35-44,Ramat Gan,Indian,kosher,2024-10-27
3683,55+,Tel Aviv,Steakhouse,halal,2024-02-13
3684,55+,Haifa,Pizza,kosher,2025-04-20
3685,45-54,Netanya,Thai,gluten_free,2024-08-22
3686,45-54,Rishon LeZion,Burger,none,2024-10-12
3687,45-54,Herzliya,Israeli,low_carb,2024-02-05
3688,18-24,Eilat,Mediterranean,vegetarian,2023-04-14
3689,45-54,Rehovot,Greek,vegan,2024-03-31
3690,45-54,Holon,Asian,gluten_free,2024-12-11
3691,35-44,Eilat,Burger,low_carb,2023-12-20
3692,35-44,Haifa,Cafe,kosher,2023-05-14
3693,35-44,Petah Tikva,Italian,vegan,2025-02-04
3694,18-24,Tel Aviv,Italian,low_carb,2024-12-09
3695,55+,Jerusalem,Japanese,kosher,2023-04-29
3696,55+,Netanya,Vegan,gluten_free,2023-06-21
3697,35-44,Beer Sheva,Italian,gluten_free,2023-08-31
3698,18-24,Givatayim,Seafood,none,2023-06-06
3699,35-44,Tel Aviv,Japanese,kosher,2023-08-23
3700,55+,Ramat Gan,Asian,halal,2023-09-21
3701,18-24,Herzliya,Vegan,halal,2023-01-20
3702,18-24,Givatayim,Vegan,gluten_free,2025-05-31
3703,35-44,Beer Sheva,Pizza,none,2024-05-14
3704,55+,Rishon LeZion,Mexican,vegetarian,2023-02-14
3705,25-34,Ashdod,Indian,kosher,2023-10-15
3706,55+,Jerusalem,Seafood,halal,2023-10-09
3707,55+,Eilat,Pizza,kosher,2023-12-29
3708,35-44,Jerusalem,Italian,kosher,2023-08-14
3709,25-34,Petah Tikva,Seafood,none,2023-05-27
3710,35-44,Ashdod,Thai,gluten_free,2024-05-01
3711,25-34,Givatayim,Indian,none,2024-11-21
3712,25-34,Haifa,Sushi,gluten_free,2025-08-14
3713,55+,Petah Tikva,Italian,halal,2023-07-03
3714,55+,Haifa,Indian,low_carb,2023-05-21
3715,18-24,Eilat,Thai,gluten_free,2024-08-18
3716,45-54,Givatayim,Pizza,gluten_free,2023-12-27
3717,25-34,Ramat Gan,Thai,low_carb,2023-05-06
3718,35-44,Holon,Pizza,none,2025-05-27
3719,45-54,Netanya,Steakhouse,kosher,2024-07-02
3720,25-34,Givatayim,Mediterranean,vegetarian,2024-08-19
3721,18-24,Rishon LeZion,Greek,kosher,2025-02-14
3722,55+,Haifa,Steakhouse,low_carb,2024-12-03
3723,45-54,Haifa,Mexican,low_carb,2024-10-26
3724,45-54,Haifa,Sushi,halal,2024-01-07
3725,45-54,Petah Tikva,Vegan,kosher,2023-04-14
3726,55+,Kfar Saba,Cafe,halal,2023-09-20
3727,55+,Ashdod,Greek,halal,2024-11-02
3728,18-24,Ramat Gan,Seafood,none,2024-10-24
3729,18-24,Herzliya,Greek,halal,2025-08-26
3730,25-34,Rehovot,Mediterranean,gluten_free,2024-11-06
3731,18-24,Rishon LeZion,Italian,gluten_free,2023-02-12
3732,35-44,Herzliya,Burger,low_carb,2024-01-20
3733,35-44,Rehovot,Asian,halal,2025-04-08
3734,45-54,Givatayim,Pizza,none,2025-01-21
3735,35-44,Herzliya,Steakhouse,vegan,2023-02-14
3736,35-44,Tel Aviv,Sushi,vegan,2024-11-09
3737,25-34,Tel Aviv,Greek,halal,2025-04-06
3738,35-44,Kfar Saba,Steakhouse,kosher,2025-02-03
3739,25-34,Herzliya,Sushi,low_carb,2024-12-08
3740,35-44,Eilat,Thai,none,2024-01-06
3741,25-34,Eilat,Asian,kosher,2023-09-08
3742,45-54,Rishon LeZion,Indian,gluten_free,2023-02-12
3743,45-54,Rishon LeZion,Asian,halal,2023-02-14
3744,18-24,Ramat Gan,Pizza,gluten_free,2025-04-17
3745,45-54,Holon,Steakhouse,vegan,2024-02-11
3746,18-24,Rehovot,Seafood,gluten_free,2023-07-14
3747,18-24,Tel Aviv,Italian,gluten_free,2023-02-27
3748,45-54,Herzliya,Steakhouse,vegan,2025-03-31
3749,55+,Tel Aviv,Sushi,low_carb,2024-01-20
3750,25-34,Ramat Gan,Pizza,vegan,2024-07-30
3751,25-34,Rehovot,Vegan,vegetarian,2025-05-14
3752,55+,Petah Tikva,Thai,halal,2025-09-08
3753,45-54,Holon,Italian,low_carb,2023-10-21
3754,55+,Petah Tikva,Burger,halal,2024-02-28
3755,55+,Holon,Mexican,gluten_free,2025-09-02
3756,18-24,Haifa,Indian,kosher,2023-02-24
3757,35-44,Beer Sheva,Indian,kosher,2025-06-24
3758,25-34,Ramat Gan,Vegan,kosher,2024-09-06
3759,55+,Herzliya,Cafe,gluten_free,2023-02-26
3760,45-54,Herzliya,Asian,vegan,2023-08-28
3761,35-44,Rishon LeZion,Indian,vegan,2023-07-15
3762,35-44,Holon,Vegan,vegetarian,2024-05-12
3763,25-34,Petah Tikva,Sushi,low_carb,2024-05-16
3764,35-44,Haifa,Indian,low_carb,2025-09-17
3765,18-24,Jerusalem,Pizza,low_carb,2025-08-30
3766,35-44,Givatayim,Italian,low_carb,2024-07-02
3767,18-24,Netanya,Thai,vegetarian,2024-11-12
3768,35-44,Ramat Gan,Sushi,vegetarian,2024-02-02
3769,45-54,Givatayim,Pizza,vegan,2024-01-15
3770,55+,Haifa,Israeli,halal,2025-03-15
3771,35-44,Rishon LeZion,Japanese,low_carb,2024-12-12
3772,35-44,Rehovot,Cafe,gluten_free,2025-06-26
3773,45-54,Netanya,Pizza,kosher,2023-10-03
3774,35-44,Rishon LeZion,Thai,kosher,2023-12-13
3775,35-44,Beer Sheva,Sushi,halal,2025-08-09
3776,35-44,Eilat,Asian,halal,2024-06-06
3777,45-54,Ashdod,Indian,kosher,2023-01-11
3778,25-34,Ramat Gan,Mexican,vegetarian,2025-05-26
3779,55+,Haifa,Pizza,gluten_free,2024-12-14
3780,18-24,Tel Aviv,Japanese,none,2023-02-12
3781,55+,Givatayim,Seafood,gluten_free,2024-01-16
3782,55+,Eilat,Italian,gluten_free,2024-01-17
3783,55+,Ramat Gan,Mexican,none,2025-09-24
3784,45-54,Rehovot,Japanese,halal,2023-01-02
3785,18-24,Ramat Gan,Mexican,none,2025-03-24
3786,55+,Herzliya,Seafood,kosher,2024-09-02
3787,45-54,Holon,Asian,vegetarian,2023-05-20
3788,55+,Tel Aviv,Seafood,halal,2023-05-04
3789,45-54,Ramat Gan,Burger,kosher,2024-08-19
3790,55+,Holon,Pizza,halal,2023-04-06
3791,18-24,Rishon LeZion,Thai,low_carb,2025-03-06
3792,18-24,Rishon LeZion,Asian,low_carb,2024-11-15
3793,55+,Kfar Saba,Mexican,low_carb,2025-06-18
3794,35-44,Kfar Saba,Indian,vegan,2024-01-11
3795,55+,Haifa,Seafood,kosher,2023-04-26
3796,55+,Herzliya,Thai,kosher,2025-03-01
3797,18-24,Ashdod,Israeli,kosher,2023-11-28
3798,45-54,Haifa,Indian,gluten_free,2024-08-29
3799,55+,Beer Sheva,Mediterranean,none,2024-11-12
3800,35-44,Petah Tikva,Seafood,low_carb,2025-08-26
3801,35-44,Petah Tikva,Pizza,low_carb,2025-09-27
3802,55+,Jerusalem,Indian,low_carb,2025-03-28
3803,25-34,Ramat Gan,Japanese,low_carb,2024-04-17
3804,18-24,Holon,Burger,low_carb,2025-09-07
3805,45-54,Ramat Gan,Burger,low_carb,2023-11-14
3806,35-44,Rishon LeZion,Steakhouse,gluten_free,2024-10-04
3807,18-24,Jerusalem,Thai,none,2024-08-18
3808,25-34,Tel Aviv,Cafe,vegan,2025-08-09
3809,25-34,Kfar Saba,Greek,kosher,2024-01-06
3810,45-54,Netanya,Japanese,halal,2023-09-03
3811,25-34,Ashdod,Japanese,none,2023-04-04
3812,18-24,Beer Sheva,Sushi,vegetarian,2023-11-14
3813,35-44,Tel Aviv,Indian,none,2025-02-27
3814,45-54,Petah Tikva,Vegan,kosher,2024-04-30
3815,45-54,Petah Tikva,Seafood,kosher,2025-02-14
3816,55+,Holon,Mexican,low_carb,2024-09-05
3817,55+,Herzliya,Asian,halal,2023-08-08
3818,25-34,Ashdod,Mexican,vegan,2024-04-27
3819,18-24,Rehovot,Italian,low_carb,2025-05-22
3820,18-24,Holon,Seafood,kosher,2023-05-18
3821,35-44,Givatayim,Italian,vegetarian,2025-05-17
3822,18-24,Haifa,Israeli,vegan,2025-02-10
3823,45-54,Netanya,Mediterranean,vegan,2024-07-04
3824,25-34,Holon,Cafe,gluten_free,2024-06-22
3825,18-24,Ramat Gan,Vegan,vegetarian,2025-04-09
3826,18-24,Holon,Japanese,vegetarian,2024-03-17
3827,35-44,Givatayim,Japanese,halal,2023-11-12
3828,18-24,Beer Sheva,Burger,kosher,2025-01-10
3829,45-54,Herzliya,Indian,halal,2023-12-21
3830,55+,Kfar Saba,Mediterranean,vegetarian,2023-06-16
3831,55+,Givatayim,Thai,kosher,2023-05-03
3832,35-44,Jerusalem,Asian,halal,2024-10-24
3833,18-24,Petah Tikva,Thai,gluten_free,2025-08-15
3834,55+,Beer Sheva,Burger,vegetarian,2025-05-08
3835,18-24,Netanya,Greek,vegan,2024-05-15
3836,35-44,Petah Tikva,Mediterranean,gluten_free,2023-06-10
3837,25-34,Eilat,Italian,vegan,2025-08-30
3838,45-54,Haifa,Mediterranean,vegan,2025-07-17
3839,18-24,Tel Aviv,Pizza,low_carb,2024-03-03
3840,45-54,Kfar Saba,Sushi,gluten_free,2023-02-04
3841,55+,Ramat Gan,Greek,halal,2024-09-23
3842,25-34,Ashdod,Thai,none,2023-05-12
3843,25-34,Herzliya,Asian,none,2023-08-03
3844,45-54,Jerusalem,Asian,kosher,2024-07-21
3845,35-44,Petah Tikva,Vegan,halal,2024-10-12
3846,55+,Givatayim,Seafood,none,2023-01-27
3847,45-54,Eilat,Mediterranean,vegan,2024-07-09
3848,18-24,Ashdod,Steakhouse,vegetarian,2023-03-13
3849,45-54,Kfar Saba,Italian,none,2023-08-11
3850,55+,Givatayim,Japanese,vegetarian,2023-12-16
3851,25-34,Petah Tikva,Israeli,none,2025-01-28
3852,18-24,Eilat,Asian,kosher,2023-09-21
3853,45-54,Eilat,Japanese,kosher,2023-09-23
3854,25-34,Ramat Gan,Cafe,none,2025-02-26
3855,55+,Rehovot,Burger,vegan,2024-10-27
3856,25-34,Rehovot,Sushi,low_carb,2025-04-18
3857,45-54,Jerusalem,Italian,vegetarian,2025-01-31
3858,35-44,Netanya,Japanese,vegan,2024-02-10
3859,45-54,Herzliya,Israeli,gluten_free,2023-07-18
3860,18-24,Jerusalem,Mexican,vegetarian,2025-01-12
3861,45-54,Givatayim,Burger,vegan,2023-11-08
3862,18-24,Rishon LeZion,Cafe,vegan,2024-07-08
3863,25-34,Ramat Gan,Indian,gluten_free,2023-10-24
3864,35-44,Ashdod,Asian,gluten_free,2024-06-14
3865,55+,Haifa,Vegan,low_carb,2023-03-27
3866,45-54,Tel Aviv,Burger,gluten_free,2023-05-24
3867,25-34,Petah Tikva,Mediterranean,kosher,2023-12-16
3868,55+,Netanya,Seafood,vegan,2024-11-13
3869,18-24,Jerusalem,Burger,halal,2025-04-24
3870,45-54,Jerusalem,Mediterranean,vegan,2023-09-23
3871,25-34,Kfar Saba,Vegan,low_carb,2024-02-09
3872,55+,Holon,Indian,vegan,2025-08-13
3873,18-24,Rishon LeZion,Indian,vegan,2024-10-24
3874,45-54,Petah Tikva,Sushi,kosher,2024-09-06
3875,55+,Givatayim,Thai,kosher,2025-05-31
3876,18-24,Haifa,Mediterranean,gluten_free,2023-05-07
3877,35-44,Ashdod,Pizza,gluten_free,2025-01-21
3878,25-34,Eilat,Sushi,vegetarian,2024-07-01
3879,18-24,Holon,Burger,vegan,2024-04-04
3880,55+,Netanya,Mediterranean,vegetarian,2025-02-20
3881,25-34,Haifa,Italian,low_carb,2024-12-27
3882,18-24,Ashdod,Mexican,kosher,2023-05-27
3883,55+,Ramat Gan,Italian,none,2024-01-29
3884,55+,Rishon LeZion,Greek,none,2023-09-24
3885,35-44,Rehovot,Italian,kosher,2023-12-31
3886,55+,Eilat,Pizza,halal,2023-04-13
3887,55+,Eilat,Thai,none,2025-06-29
3888,45-54,Petah Tikva,Thai,kosher,2023-02-28
3889,55+,Rishon LeZion,Pizza,none,2024-03-05
3890,35-44,Rishon LeZion,Sushi,vegan,2023-09-08
3891,18-24,Givatayim,Thai,vegan,2024-03-01
3892,35-44,Holon,Israeli,low_carb,2023-09-15
3893,25-34,Holon,Burger,none,2023-12-15
3894,25-34,Jerusalem,Sushi,gluten_free,2024-03-23
3895,25-34,Jerusalem,Greek,vegetarian,2023-01-25
3896,18-24,Ashdod,Greek,vegan,2024-04-25
3897,35-44,Kfar Saba,Thai,gluten_free,2024-01-21
3898,18-24,Holon,Italian,halal,2024-02-29
3899,35-44,Eilat,Burger,kosher,2025-08-04
3900,25-34,Haifa,Greek,gluten_free,2024-10-10
3901,25-34,Holon,Sushi,vegan,2025-09-15
3902,18-24,Ashdod,Vegan,gluten_free,2025-05-09
3903,25-34,Netanya,Sushi,halal,2024-05-10
3904,55+,Haifa,Seafood,none,2025-02-25
3905,35-44,Eilat,Israeli,vegetarian,2025-09-17
3906,25-34,Herzliya,Steakhouse,none,2023-05-23
3907,18-24,Rehovot,Cafe,vegetarian,2025-07-14
3908,55+,Herzliya,Sushi,halal,2025-01-10
3909,45-54,Haifa,Israeli,kosher,2023-01-27
3910,35-44,Givatayim,Italian,vegetarian,2023-01-27
3911,25-34,Tel Aviv,Japanese,none,2025-07-31
3912,45-54,Ramat Gan,Japanese,low_carb,2025-03-21
3913,45-54,Ashdod,Pizza,gluten_free,2025-08-31
3914,55+,Holon,Pizza,halal,2025-02-27
3915,18-24,Petah Tikva,Indian,kosher,2023-03-09
3916,25-34,Haifa,Mexican,halal,2023-01-23
3917,25-34,Ramat Gan,Vegan,low_carb,2023-11-18
3918,25-34,Kfar Saba,Burger,kosher,2025-05-21
3919,45-54,Tel Aviv,Seafood,gluten_free,2023-09-07
3920,45-54,Ramat Gan,Japanese,halal,2024-09-21
3921,55+,Rishon LeZion,Seafood,vegetarian,2023-10-27
3922,35-44,Petah Tikva,Steakhouse,low_carb,2023-01-25
3923,35-44,Eilat,Sushi,vegan,2023-08-03
3924,35-44,Rishon LeZion,Indian,none,2023-08-08
3925,35-44,Eilat,Cafe,gluten_free,2024-03-26
3926,25-34,Jerusalem,Mediterranean,halal,2025-09-23
3927,18-24,Jerusalem,Seafood,vegan,2024-11-15
3928,45-54,Herzliya,Indian,vegan,2025-05-19
3929,18-24,Herzliya,Steakhouse,halal,2024-11-15
3930,18-24,Herzliya,Greek,gluten_free,2024-03-09
3931,25-34,Haifa,Vegan,vegan,2025-01-21
3932,18-24,Holon,Cafe,low_carb,2023-09-13
3933,25-34,Tel Aviv,Thai,low_carb,2024-01-31
3934,35-44,Jerusalem,Israeli,vegan,2024-09-15
3935,18-24,Givatayim,Vegan,halal,2025-04-01
3936,25-34,Jerusalem,Sushi,none,2023-04-17
3937,35-44,Haifa,Steakhouse,halal,2024-10-15
3938,55+,Herzliya,Israeli,vegetarian,2023-06-21
3939,25-34,Petah Tikva,Burger,kosher,2025-07-04
3940,55+,Eilat,Burger,low_carb,2024-04-09
3941,45-54,Tel Aviv,Greek,vegan,2023-06-14
3942,25-34,Eilat,Mexican,vegetarian,2024-05-11
3943,35-44,Kfar Saba,Mediterranean,vegetarian,2025-08-11
3944,55+,Haifa,Seafood,kosher,2025-02-19
3945,55+,Kfar Saba,Pizza,vegan,2023-01-28
3946,25-34,Petah Tikva,Steakhouse,vegetarian,2025-03-03
3947,18-24,Eilat,Burger,gluten_free,2024-12-14
3948,45-54,Petah Tikva,Vegan,vegetarian,2025-04-01
3949,45-54,Kfar Saba,Thai,halal,2023-12-30
3950,35-44,Ramat Gan,Vegan,low_carb,2024-09-04
3951,55+,Ashdod,Sushi,vegetarian,2024-05-07
3952,35-44,Kfar Saba,Seafood,vegetarian,2023-04-11
3953,25-34,Jerusalem,Mediterranean,kosher,2025-07-01
3954,25-34,Beer Sheva,Pizza,halal,2024-07-03
3955,45-54,Petah Tikva,Thai,gluten_free,2023-04-18
3956,45-54,Rishon LeZion,Asian,vegan,2023-02-24
3957,18-24,Ramat Gan,Sushi,vegan,2024-07-15
3958,45-54,Haifa,Mediterranean,vegetarian,2023-12-12
3959,18-24,Givatayim,Pizza,vegetarian,2025-09-18
3960,18-24,Rishon LeZion,Japanese,halal,2023-10-01
3961,35-44,Tel Aviv,Steakhouse,gluten_free,2023-05-11
3962,18-24,Ramat Gan,Mexican,kosher,2023-01-07
3963,35-44,Kfar Saba,Asian,vegetarian,2025-05-13
3964,45-54,Eilat,Cafe,low_carb,2023-05-02
3965,45-54,Holon,Asian,none,2024-01-23
3966,35-44,Beer Sheva,Indian,vegan,2025-09-09
3967,25-34,Rehovot,Steakhouse,low_carb,2024-03-12
3968,35-44,Netanya,Thai,halal,2024-08-08
3969,18-24,Netanya,Cafe,gluten_free,2025-02-26
3970,45-54,Ashdod,Greek,low_carb,2023-10-06
3971,35-44,Ashdod,Pizza,gluten_free,2025-01-26
3972,25-34,Kfar Saba,Vegan,halal,2023-08-26
3973,25-34,Netanya,Italian,vegan,2024-04-13
3974,25-34,Jerusalem,Vegan,gluten_free,2025-05-23
3975,25-34,Tel Aviv,Japanese,gluten_free,2025-06-26
3976,45-54,Ashdod,Thai,vegetarian,2023-11-17
3977,25-34,Herzliya,Mexican,vegan,2023-08-09
3978,35-44,Beer Sheva,Asian,none,2023-05-13
3979,35-44,Tel Aviv,Burger,gluten_free,2024-10-27
3980,18-24,Tel Aviv,Japanese,none,2025-02-07
3981,18-24,Rehovot,Mexican,none,2025-07-17
3982,25-34,Rehovot,Seafood,halal,2025-05-05
3983,35-44,Tel Aviv,Sushi,vegan,2025-07-30
3984,25-34,Ashdod,Indian,kosher,2023-07-28
3985,45-54,Petah Tikva,Vegan,low_carb,2024-10-29
3986,55+,Tel Aviv,Indian,halal,2025-03-24
3987,18-24,Eilat,Steakhouse,vegan,2023-03-07
3988,25-34,Jerusalem,Italian,low_carb,2023-11-13
3989,18-24,Ramat Gan,Pizza,none,2024-03-24
3990,35-44,Netanya,Steakhouse,vegan,2023-04-11
3991,18-24,Givatayim,Cafe,vegan,2023-02-26
3992,45-54,Petah Tikva,Sushi,low_carb,2023-06-30
3993,35-44,Rehovot,Cafe,none,2024-04-21
3994,35-44,Givatayim,Sushi,none,2024-10-27
3995,18-24,Holon,Israeli,vegetarian,2023-09-03
3996,35-44,Netanya,Steakhouse,gluten_free,2023-01-17
3997,45-54,Ramat Gan,Seafood,low_carb,2023-10-13
3998,18-24,Beer Sheva,Pizza,gluten_free,2025-08-23
3999,25-34,Beer Sheva,Sushi,halal,2023-04-18
4000,18-24,Tel Aviv,Mediterranean,kosher,2024-08-24
4001,45-54,Eilat,Indian,kosher,2023-05-04
4002,18-24,Beer Sheva,Mediterranean,none,2025-01-11
4003,55+,Jerusalem,Steakhouse,kosher,2023-10-30
4004,55+,Rishon LeZion,Mexican,kosher,2025-09-09
4005,25-34,Kfar Saba,Sushi,none,2024-03-02
4006,25-34,Tel Aviv,Sushi,vegan,2025-07-25
4007,35-44,Petah Tikva,Israeli,kosher,2024-09-13
4008,55+,Haifa,Mediterranean,kosher,2025-04-07
4009,25-34,Tel Aviv,Seafood,low_carb,2025-08-03
4010,18-24,Givatayim,Indian,low_carb,2024-08-03
4011,35-44,Holon,Steakhouse,vegetarian,2023-07-27
4012,55+,Ashdod,Italian,none,2025-02-11
4013,45-54,Jerusalem,Italian,vegetarian,2023-06-20
4014,45-54,Herzliya,Cafe,vegetarian,2023-01-22
4015,25-34,Holon,Pizza,vegetarian,2023-11-28
4016,18-24,Netanya,Thai,kosher,2023-08-18
4017,35-44,Beer Sheva,Sushi,kosher,2024-07-27
4018,45-54,Haifa,Indian,halal,2023-04-11
4019,45-54,Jerusalem,Mediterranean,halal,2024-08-16
4020,55+,Beer Sheva,Mediterranean,vegan,2024-09-14
4021,18-24,Tel Aviv,Cafe,none,2023-03-08
4022,45-54,Jerusalem,Pizza,vegan,2024-08-19
4023,18-24,Jerusalem,Vegan,gluten_free,2024-12-13
4024,55+,Rishon LeZion,Mexican,vegetarian,2024-12-05
4025,45-54,Kfar Saba,Indian,halal,2025-01-09
4026,55+,Ashdod,Asian,none,2024-07-31
4027,35-44,Eilat,Cafe,halal,2023-06-03
4028,25-34,Ashdod,Mediterranean,kosher,2023-12-08
4029,25-34,Ashdod,Greek,vegetarian,2024-01-11
4030,35-44,Rishon LeZion,Vegan,vegetarian,2025-08-11
4031,45-54,Ashdod,Japanese,gluten_free,2023-11-15
4032,35-44,Kfar Saba,Mexican,halal,2023-04-15
4033,55+,Netanya,Mediterranean,low_carb,2025-04-13
4034,35-44,Haifa,Thai,vegetarian,2024-03-06
4035,18-24,Rishon LeZion,Indian,halal,2023-10-06
4036,18-24,Givatayim,Japanese,vegan,2024-04-06
4037,55+,Kfar Saba,Greek,halal,2025-02-08
4038,25-34,Herzliya,Indian,vegetarian,2023-11-02
4039,45-54,Jerusalem,Israeli,gluten_free,2023-09-10
4040,25-34,Ramat Gan,Japanese,halal,2025-01-16
4041,25-34,Netanya,Mediterranean,gluten_free,2025-01-15
4042,25-34,Eilat,Israeli,kosher,2025-02-01
4043,45-54,Haifa,Burger,low_carb,2024-02-17
4044,18-24,Rishon LeZion,Sushi,gluten_free,2023-05-21
4045,45-54,Petah Tikva,Seafood,none,2024-03-22
4046,45-54,Ramat Gan,Mediterranean,halal,2023-05-31
4047,55+,Beer Sheva,Steakhouse,kosher,2024-02-25
4048,25-34,Ashdod,Cafe,kosher,2024-05-15
4049,25-34,Beer Sheva,Greek,gluten_free,2024-04-02
4050,35-44,Jerusalem,Burger,low_carb,2023-05-23
4051,55+,Eilat,Pizza,none,2025-01-22
4052,18-24,Eilat,Burger,vegetarian,2025-07-05
4053,18-24,Beer Sheva,Seafood,none,2025-01-19
4054,25-34,Ramat Gan,Israeli,low_carb,2025-05-09
4055,55+,Netanya,Mexican,vegetarian,2025-02-27
4056,45-54,Ashdod,Cafe,vegan,2024-11-06
4057,18-24,Netanya,Thai,low_carb,2024-05-23
4058,25-34,Jerusalem,Pizza,vegetarian,2024-02-20
4059,18-24,Tel Aviv,Asian,vegetarian,2024-04-03
4060,45-54,Rehovot,Sushi,vegetarian,2024-05-23
4061,18-24,Givatayim,Greek,low_carb,2023-03-11
4062,25-34,Netanya,Sushi,halal,2024-06-28
4063,18-24,Holon,Mexican,vegan,2023-03-21
4064,45-54,Kfar Saba,Burger,halal,2023-10-02
4065,55+,Petah Tikva,Steakhouse,vegetarian,2024-08-13
4066,45-54,Rehovot,Greek,low_carb,2024-07-31
4067,45-54,Givatayim,Thai,none,2025-01-29
4068,25-34,Kfar Saba,Seafood,low_carb,2025-01-12
4069,25-34,Beer Sheva,Cafe,vegetarian,2025-09-21
4070,45-54,Ramat Gan,Sushi,kosher,2024-02-06
4071,55+,Holon,Burger,low_carb,2023-12-30
4072,35-44,Jerusalem,Japanese,none,2023-12-30
4073,35-44,Ramat Gan,Seafood,low_carb,2023-10-12
4074,35-44,Ashdod,Italian,gluten_free,2023-06-18
4075,25-34,Holon,Mexican,vegetarian,2025-06-08
4076,18-24,Tel Aviv,Vegan,kosher,2023-09-01
4077,25-34,Eilat,Indian,vegan,2025-05-19
4078,45-54,Rishon LeZion,Indian,gluten_free,2024-05-13
4079,55+,Netanya,Burger,halal,2024-03-28
4080,18-24,Ramat Gan,Indian,none,2023-12-05
4081,18-24,Ramat Gan,Thai,kosher,2024-08-05
4082,45-54,Jerusalem,Sushi,halal,2025-04-07
4083,45-54,Petah Tikva,Mexican,vegan,2025-04-28
4084,25-34,Rehovot,Mediterranean,vegetarian,2024-11-06
4085,25-34,Tel Aviv,Seafood,low_carb,2023-01-28
4086,25-34,Beer Sheva,Sushi,low_carb,2024-12-14
4087,18-24,Jerusalem,Sushi,none,2023-02-06
4088,25-34,Holon,Cafe,kosher,2025-07-26
4089,55+,Ramat Gan,Burger,vegetarian,2024-11-30
4090,45-54,Ramat Gan,Seafood,kosher,2023-08-27
4091,18-24,Tel Aviv,Steakhouse,low_carb,2025-07-20
4092,18-24,Jerusalem,Japanese,vegetarian,2023-08-05
4093,55+,Ramat Gan,Thai,kosher,2024-02-28
4094,55+,Holon,Burger,gluten_free,2023-04-09
4095,35-44,Netanya,Cafe,gluten_free,2025-07-24
4096,18-24,Jerusalem,Asian,none,2024-12-04
4097,25-34,Petah Tikva,Italian,vegan,2023-02-26
4098,25-34,Herzliya,Cafe,vegetarian,2023-11-28
4099,35-44,Ramat Gan,Italian,vegetarian,2025-02-16
4100,35-44,Rehovot,Burger,low_carb,2023-07-20
4101,55+,Givatayim,Sushi,vegetarian,2024-01-05
4102,25-34,Holon,Asian,halal,2023-05-20
4103,18-24,Givatayim,Vegan,vegan,2023-04-18
4104,35-44,Beer Sheva,Mexican,vegetarian,2024-03-10
4105,18-24,Kfar Saba,Pizza,halal,2025-08-12
4106,35-44,Ramat Gan,Vegan,vegetarian,2023-12-18
4107,25-34,Petah Tikva,Cafe,vegetarian,2023-03-09
4108,25-34,Eilat,Steakhouse,halal,2025-08-19
4109,55+,Ashdod,Sushi,kosher,2024-01-05
4110,45-54,Herzliya,Seafood,vegan,2024-05-21
4111,18-24,Eilat,Burger,none,2023-09-07
4112,25-34,Eilat,Israeli,none,2024-05-14
4113,35-44,Netanya,Seafood,halal,2023-07-10
4114,45-54,Givatayim,Thai,kosher,2024-01-27
4115,55+,Rehovot,Japanese,vegan,2023-07-26
4116,45-54,Tel Aviv,Burger,none,2025-08-25
4117,25-34,Kfar Saba,Cafe,none,2024-03-14
4118,45-54,Herzliya,Seafood,gluten_free,2023-01-11
4119,55+,Eilat,Thai,none,2025-08-20
4120,25-34,Holon,Asian,kosher,2024-08-16
4121,25-34,Eilat,Thai,vegetarian,2025-07-09
4122,45-54,Rehovot,Israeli,low_carb,2023-04-21
4123,18-24,Ramat Gan,Pizza,vegan,2024-08-12
4124,35-44,Petah Tikva,Cafe,vegan,2024-09-02
4125,45-54,Jerusalem,Sushi,none,2023-05-15
4126,55+,Rehovot,Seafood,low_carb,2025-08-12
4127,35-44,Ramat Gan,Burger,none,2025-01-27
4128,55+,Rehovot,Burger,vegetarian,2024-08-21
4129,55+,Petah Tikva,Steakhouse,gluten_free,2023-12-22
4130,45-54,Kfar Saba,Pizza,kosher,2024-04-29
4131,35-44,Beer Sheva,Thai,kosher,2025-08-23
4132,45-54,Beer Sheva,Burger,vegan,2024-09-09
4133,18-24,Ashdod,Thai,vegan,2023-03-24
4134,35-44,Givatayim,Indian,gluten_free,2025-07-10
4135,18-24,Eilat,Mediterranean,gluten_free,2023-03-18
4136,18-24,Rehovot,Steakhouse,vegan,2023-11-10
4137,25-34,Rehovot,Cafe,gluten_free,2025-08-07
4138,55+,Jerusalem,Steakhouse,gluten_free,2024-07-22
4139,18-24,Givatayim,Indian,low_carb,2023-12-21
4140,18-24,Tel Aviv,Burger,halal,2024-08-05
4141,45-54,Beer Sheva,Indian,halal,2025-01-03
4142,18-24,Haifa,Pizza,none,2023-11-19
4143,18-24,Netanya,Italian,low_carb,2023-07-14
4144,55+,Kfar Saba,Indian,halal,2023-06-20
4145,35-44,Givatayim,Mexican,none,2025-08-27
4146,18-24,Holon,Thai,kosher,2025-09-09
4147,25-34,Ramat Gan,Mexican,gluten_free,2024-02-09
4148,25-34,Haifa,Vegan,vegetarian,2024-03-19
4149,35-44,Givatayim,Asian,vegan,2024-04-17
4150,25-34,Givatayim,Pizza,kosher,2025-09-15
4151,55+,Petah Tikva,Seafood,vegetarian,2025-06-17
4152,18-24,Beer Sheva,Mexican,low_carb,2023-11-13
4153,55+,Ramat Gan,Mexican,vegetarian,2024-11-04
4154,55+,Kfar Saba,Indian,vegetarian,2024-05-16
4155,45-54,Jerusalem,Mexican,vegetarian,2023-06-04
4156,18-24,Rehovot,Japanese,low_carb,2025-01-12
4157,18-24,Rishon LeZion,Steakhouse,kosher,2024-09-29
4158,45-54,Holon,Greek,halal,2023-11-21
4159,55+,Holon,Indian,halal,2024-04-04
4160,18-24,Givatayim,Mediterranean,none,2023-01-05
4161,25-34,Ramat Gan,Cafe,none,2025-05-15
4162,18-24,Ramat Gan,Israeli,vegan,2023-11-30
4163,35-44,Rishon LeZion,Seafood,vegetarian,2024-09-24
4164,25-34,Herzliya,Asian,low_carb,2024-04-02
4165,55+,Herzliya,Vegan,vegetarian,2024-03-12
4166,55+,Haifa,Mexican,vegetarian,2025-07-15
4167,18-24,Jerusalem,Mediterranean,halal,2025-05-30
4168,35-44,Beer Sheva,Steakhouse,kosher,2025-06-16
4169,35-44,Tel Aviv,Japanese,vegetarian,2023-10-19
4170,35-44,Jerusalem,Mexican,none,2024-01-12
4171,45-54,Rehovot,Cafe,gluten_free,2023-12-07
4172,45-54,Rehovot,Indian,kosher,2024-08-24
4173,25-34,Kfar Saba,Steakhouse,gluten_free,2023-04-11
4174,25-34,Haifa,Mediterranean,kosher,2024-11-12
4175,55+,Ramat Gan,Mexican,gluten_free,2025-03-19
4176,45-54,Givatayim,Sushi,vegan,2023-08-06
4177,45-54,Herzliya,Seafood,halal,2025-07-23
4178,45-54,Rehovot,Pizza,kosher,2023-12-30
4179,25-34,Ashdod,Japanese,kosher,2025-06-09
4180,55+,Ashdod,Sushi,none,2024-01-12
4181,55+,Rehovot,Indian,none,2023-08-03
4182,45-54,Tel Aviv,Greek,vegan,2025-01-12
4183,35-44,Herzliya,Greek,none,2025-04-19
4184,25-34,Holon,Mexican,kosher,2023-05-31
4185,18-24,Jerusalem,Mexican,vegan,2025-02-22
4186,18-24,Jerusalem,Burger,vegan,2024-06-13
4187,25-34,Tel Aviv,Israeli,low_carb,2024-01-17
4188,18-24,Tel Aviv,Sushi,none,2023-09-24
4189,18-24,Rishon LeZion,Steakhouse,low_carb,2023-03-17
4190,45-54,Haifa,Pizza,vegan,2023-12-30
4191,45-54,Tel Aviv,Mexican,gluten_free,2023-04-12
4192,55+,Haifa,Israeli,kosher,2023-04-20
4193,55+,Petah Tikva,Thai,none,2024-05-05
4194,45-54,Ashdod,Israeli,none,2024-08-04
4195,18-24,Eilat,Mexican,vegan,2025-02-02
4196,18-24,Herzliya,Cafe,low_carb,2024-07-30
4197,25-34,Beer Sheva,Indian,halal,2024-02-13
4198,55+,Ashdod,Mexican,kosher,2025-06-10
4199,45-54,Tel Aviv,Cafe,vegan,2025-05-18
4200,35-44,Petah Tikva,Indian,halal,2025-09-04
4201,55+,Petah Tikva,Italian,vegan,2024-01-06
4202,18-24,Rehovot,Israeli,halal,2024-05-29
4203,45-54,Ashdod,Sushi,vegetarian,2024-06-03
4204,18-24,Haifa,Burger,vegetarian,2024-05-27
4205,18-24,Petah Tikva,Italian,gluten_free,2024-01-25
4206,25-34,Beer Sheva,Israeli,kosher,2023-04-26
4207,18-24,Ramat Gan,Japanese,kosher,2023-01-16
4208,45-54,Eilat,Sushi,halal,2023-02-21
4209,18-24,Rehovot,Indian,low_carb,2023-07-22
4210,18-24,Herzliya,Mediterranean,none,2023-11-27
4211,18-24,Ramat Gan,Israeli,halal,2025-01-01
4212,35-44,Rehovot,Vegan,gluten_free,2024-02-22
4213,35-44,Ashdod,Israeli,vegan,2023-01-03
4214,35-44,Tel Aviv,Cafe,gluten_free,2025-07-01
4215,35-44,Holon,Asian,low_carb,2023-07-26
4216,18-24,Netanya,Japanese,vegetarian,2024-05-04
4217,45-54,Netanya,Vegan,vegetarian,2023-12-11
4218,25-34,Ramat Gan,Asian,vegetarian,2024-04-19
4219,45-54,Ramat Gan,Seafood,gluten_free,2023-10-06
4220,35-44,Ashdod,Vegan,gluten_free,2023-10-16
4221,45-54,Ashdod,Italian,vegetarian,2023-10-04
4222,35-44,Jerusalem,Greek,halal,2025-04-14
4223,45-54,Haifa,Mediterranean,halal,2024-05-11
4224,45-54,Kfar Saba,Sushi,halal,2023-05-20
4225,35-44,Jerusalem,Steakhouse,gluten_free,2024-04-20
4226,18-24,Rishon LeZion,Steakhouse,vegan,2025-07-17
4227,25-34,Rishon LeZion,Greek,kosher,2024-06-15
4228,45-54,Kfar Saba,Seafood,low_carb,2023-04-21
4229,35-44,Givatayim,Asian,vegan,2025-01-24
4230,35-44,Ramat Gan,Israeli,low_carb,2023-08-30
4231,35-44,Netanya,Pizza,vegetarian,2025-08-30
4232,25-34,Ashdod,Indian,low_carb,2023-09-07
4233,25-34,Eilat,Burger,vegetarian,2025-04-15
4234,45-54,Ashdod,Italian,halal,2023-07-22
4235,18-24,Petah Tikva,Thai,low_carb,2024-02-01
4236,35-44,Herzliya,Indian,gluten_free,2023-11-14
4237,35-44,Netanya,Seafood,low_carb,2024-09-08
4238,18-24,Beer Sheva,Japanese,vegan,2023-12-07
4239,55+,Beer Sheva,Mexican,none,2023-11-23
4240,25-34,Petah Tikva,Mediterranean,halal,2024-05-10
4241,25-34,Netanya,Indian,gluten_free,2025-06-12
4242,18-24,Givatayim,Steakhouse,halal,2023-06-04
4243,25-34,Kfar Saba,Greek,gluten_free,2023-04-17
4244,18-24,Eilat,Israeli,kosher,2024-08-24
4245,25-34,Rishon LeZion,Seafood,gluten_free,2023-12-16
4246,25-34,Givatayim,Cafe,vegan,2024-05-12
4247,45-54,Tel Aviv,Asian,vegan,2024-08-12
4248,45-54,Haifa,Vegan,none,2023-10-06
4249,55+,Ashdod,Burger,none,2023-03-08
4250,18-24,Petah Tikva,Japanese,none,2023-10-15
4251,35-44,Holon,Pizza,kosher,2023-04-18
4252,25-34,Rishon LeZion,Steakhouse,vegan,2024-11-13
4253,35-44,Rishon LeZion,Greek,vegetarian,2024-05-16
4254,45-54,Jerusalem,Italian,kosher,2025-07-30
4255,45-54,Herzliya,Burger,gluten_free,2023-08-26
4256,35-44,Givatayim,Burger,none,2025-02-01
4257,35-44,Kfar Saba,Burger,halal,2023-02-03
4258,35-44,Herzliya,Indian,kosher,2024-08-08
4259,25-34,Petah Tikva,Burger,kosher,2024-05-30
4260,45-54,Rehovot,Burger,kosher,2025-05-25
4261,35-44,Haifa,Burger,vegetarian,2025-02-21
4262,35-44,Netanya,Greek,vegetarian,2023-01-27
4263,55+,Jerusalem,Burger,vegetarian,2024-06-14
4264,25-34,Netanya,Israeli,low_carb,2025-09-15
4265,45-54,Holon,Israeli,low_carb,2024-10-07
4266,18-24,Eilat,Thai,gluten_free,2024-12-26
4267,25-34,Herzliya,Japanese,kosher,2023-12-27
4268,55+,Herzliya,Sushi,gluten_free,2025-05-11
4269,25-34,Holon,Burger,halal,2025-07-14
4270,55+,Haifa,Greek,vegan,2023-07-03
4271,25-34,Rishon LeZion,Pizza,gluten_free,2023-03-16
4272,45-54,Jerusalem,Steakhouse,vegetarian,2025-09-22
4273,35-44,Haifa,Mediterranean,gluten_free,2023-02-08
4274,45-54,Jerusalem,Pizza,none,2023-01-12
4275,25-34,Ramat Gan,Burger,gluten_free,2024-03-08
4276,35-44,Eilat,Sushi,gluten_free,2024-08-05
4277,55+,Givatayim,Mexican,vegan,2025-03-30
4278,45-54,Ramat Gan,Italian,none,2023-09-30
4279,55+,Eilat,Pizza,vegan,2024-06-09
4280,35-44,Petah Tikva,Burger,vegan,2024-02-28
4281,25-34,Netanya,Mexican,vegetarian,2023-08-12
4282,45-54,Jerusalem,Greek,vegan,2025-09-19
4283,35-44,Petah Tikva,Italian,vegetarian,2023-06-14
4284,25-34,Jerusalem,Italian,gluten_free,2024-09-26
4285,35-44,Haifa,Greek,kosher,2025-05-03
4286,25-34,Ramat Gan,Mexican,none,2024-02-26
4287,55+,Jerusalem,Greek,kosher,2023-02-25
4288,55+,Herzliya,Cafe,low_carb,2023-08-12
4289,18-24,Eilat,Greek,none,2023-03-29
4290,45-54,Rehovot,Mediterranean,vegetarian,2023-07-13
4291,55+,Rehovot,Cafe,vegan,2024-09-13
4292,25-34,Eilat,Japanese,gluten_free,2023-10-30
4293,18-24,Beer Sheva,Sushi,kosher,2023-10-07
4294,25-34,Haifa,Cafe,gluten_free,2024-08-21
4295,18-24,Jerusalem,Mediterranean,kosher,2024-08-29
4296,25-34,Ramat Gan,Thai,halal,2023-07-13
4297,45-54,Haifa,Israeli,halal,2024-04-04
4298,35-44,Rehovot,Seafood,low_carb,2024-10-12
4299,35-44,Beer Sheva,Greek,low_carb,2023-11-10
4300,55+,Netanya,Indian,gluten_free,2023-02-13
4301,35-44,Eilat,Indian,vegan,2024-03-07
4302,55+,Ashdod,Greek,gluten_free,2023-10-21
4303,45-54,Jerusalem,Indian,vegetarian,2024-05-02
4304,18-24,Haifa,Indian,halal,2024-11-11
4305,18-24,Rishon LeZion,Seafood,vegetarian,2025-04-16
4306,35-44,Kfar Saba,Seafood,vegetarian,2025-09-15
4307,55+,Rishon LeZion,Italian,gluten_free,2024-04-13
4308,45-54,Kfar Saba,Thai,kosher,2023-02-07
4309,25-34,Tel Aviv,Burger,halal,2023-02-01
4310,25-34,Tel Aviv,Seafood,none,2024-03-04
4311,55+,Holon,Cafe,low_carb,2024-04-16
4312,45-54,Rehovot,Cafe,vegetarian,2023-05-14
4313,25-34,Herzliya,Mexican,kosher,2023-12-03
4314,35-44,Ramat Gan,Indian,vegetarian,2024-02-12
4315,18-24,Rehovot,Italian,halal,2024-03-16
4316,45-54,Herzliya,Greek,kosher,2024-09-03
4317,55+,Kfar Saba,Sushi,vegetarian,2023-05-05
4318,35-44,Kfar Saba,Indian,vegetarian,2024-05-22
4319,45-54,Netanya,Greek,none,2023-04-13
4320,35-44,Givatayim,Italian,vegan,2023-01-14
4321,18-24,Rehovot,Israeli,none,2023-07-23
4322,55+,Petah Tikva,Greek,vegan,2023-07-28
4323,55+,Petah Tikva,Indian,halal,2023-11-15
4324,55+,Holon,Italian,low_carb,2024-07-12
4325,55+,Rishon LeZion,Vegan,gluten_free,2023-03-27
4326,55+,Tel Aviv,Indian,halal,2024-03-28
4327,25-34,Givatayim,Italian,kosher,2023-06-18
4328,25-34,Rishon LeZion,Steakhouse,kosher,2025-03-09
4329,55+,Beer Sheva,Steakhouse,vegan,2024-07-15
4330,35-44,Ashdod,Asian,none,2024-01-26
4331,18-24,Tel Aviv,Seafood,gluten_free,2023-04-22
4332,35-44,Eilat,Asian,low_carb,2024-08-03
4333,18-24,Givatayim,Israeli,kosher,2024-12-30
4334,45-54,Kfar Saba,Thai,vegetarian,2024-08-04
4335,45-54,Ashdod,Seafood,vegetarian,2024-09-13
4336,55+,Givatayim,Pizza,low_carb,2025-01-31
4337,45-54,Beer Sheva,Israeli,halal,2023-01-02
4338,18-24,Givatayim,Greek,vegetarian,2024-10-24
4339,25-34,Rehovot,Mexican,halal,2023-07-12
4340,55+,Haifa,Vegan,vegan,2023-01-26
4341,45-54,Rehovot,Pizza,none,2025-08-30
4342,45-54,Ashdod,Japanese,vegan,2023-07-17
4343,45-54,Herzliya,Japanese,vegetarian,2025-07-14
4344,45-54,Petah Tikva,Seafood,vegetarian,2025-04-08
4345,55+,Tel Aviv,Israeli,vegan,2024-03-06
4346,55+,Netanya,Italian,gluten_free,2024-08-21
4347,18-24,Jerusalem,Greek,gluten_free,2025-05-31
4348,18-24,Ashdod,Mediterranean,low_carb,2024-08-20
4349,25-34,Haifa,Pizza,vegetarian,2024-05-20
4350,35-44,Beer Sheva,Vegan,none,2025-08-18
4351,55+,Rehovot,Burger,vegetarian,2025-01-01
4352,55+,Jerusalem,Asian,gluten_free,2023-11-25
4353,25-34,Rehovot,Thai,low_carb,2024-04-19
4354,55+,Tel Aviv,Seafood,none,2023-09-24
4355,18-24,Netanya,Mexican,none,2025-07-13
4356,35-44,Tel Aviv,Greek,kosher,2024-10-25
4357,55+,Netanya,Sushi,vegan,2025-08-10
4358,18-24,Petah Tikva,Burger,vegetarian,2024-05-17
4359,25-34,Givatayim,Vegan,gluten_free,2024-04-16
4360,45-54,Ramat Gan,Mexican,none,2024-11-12
4361,35-44,Tel Aviv,Asian,low_carb,2025-09-19
4362,25-34,Rishon LeZion,Thai,halal,2024-04-21
4363,45-54,Jerusalem,Pizza,none,2023-05-16
4364,55+,Beer Sheva,Asian,vegan,2025-02-16
4365,55+,Rehovot,Burger,kosher,2024-07-05
4366,35-44,Jerusalem,Burger,kosher,2023-06-11
4367,55+,Ashdod,Greek,none,2023-07-09
4368,35-44,Ramat Gan,Cafe,vegetarian,2024-11-26
4369,25-34,Petah Tikva,Steakhouse,kosher,2023-06-06
4370,45-54,Ramat Gan,Cafe,vegan,2025-06-20
4371,18-24,Ramat Gan,Pizza,none,2024-05-13
4372,25-34,Ramat Gan,Steakhouse,gluten_free,2023-08-02
4373,18-24,Kfar Saba,Asian,none,2024-08-12
4374,45-54,Givatayim,Mediterranean,none,2023-08-05
4375,35-44,Netanya,Seafood,halal,2023-04-03
4376,25-34,Givatayim,Vegan,gluten_free,2023-06-17
4377,35-44,Petah Tikva,Steakhouse,kosher,2025-06-08
4378,25-34,Tel Aviv,Sushi,vegan,2025-06-15
4379,35-44,Givatayim,Thai,halal,2025-09-14
4380,35-44,Netanya,Greek,gluten_free,2024-07-18
4381,35-44,Netanya,Seafood,vegetarian,2025-07-29
4382,25-34,Holon,Japanese,none,2024-03-13
4383,45-54,Petah Tikva,Burger,low_carb,2024-06-06
4384,35-44,Eilat,Pizza,halal,2024-09-21
4385,45-54,Herzliya,Sushi,low_carb,2024-07-12
4386,55+,Herzliya,Indian,vegan,2024-09-18
4387,35-44,Netanya,Indian,gluten_free,2024-07-06
4388,55+,Haifa,Vegan,none,2023-06-28
4389,55+,Kfar Saba,Thai,kosher,2024-08-20
4390,45-54,Tel Aviv,Vegan,kosher,2024-01-28
4391,45-54,Rehovot,Mexican,low_carb,2025-08-06
4392,18-24,Herzliya,Pizza,kosher,2023-09-26
4393,55+,Haifa,Sushi,vegetarian,2023-12-06
4394,18-24,Herzliya,Italian,low_carb,2025-01-17
4395,25-34,Beer Sheva,Burger,kosher,2023-04-27
4396,18-24,Ramat Gan,Sushi,vegetarian,2023-04-09
4397,45-54,Ramat Gan,Mexican,none,2024-07-31
4398,18-24,Eilat,Asian,vegan,2025-06-19
4399,55+,Ramat Gan,Mediterranean,vegetarian,2025-04-11
4400,18-24,Jerusalem,Pizza,kosher,2024-07-19
4401,18-24,Holon,Japanese,halal,2024-10-17
4402,25-34,Ashdod,Vegan,low_carb,2023-10-21
4403,35-44,Kfar Saba,Steakhouse,halal,2024-05-15
4404,35-44,Ramat Gan,Thai,vegetarian,2024-12-23
4405,18-24,Beer Sheva,Cafe,vegetarian,2025-01-13
4406,18-24,Kfar Saba,Italian,gluten_free,2024-01-29
4407,45-54,Haifa,Burger,none,2025-07-15
4408,45-54,Tel Aviv,Sushi,vegetarian,2024-08-22
4409,35-44,Haifa,Indian,vegan,2023-08-13
4410,45-54,Ashdod,Sushi,kosher,2023-01-01
4411,18-24,Beer Sheva,Israeli,gluten_free,2025-02-16
4412,35-44,Eilat,Steakhouse,kosher,2023-01-31
4413,18-24,Ramat Gan,Italian,vegan,2024-09-06
4414,18-24,Givatayim,Mediterranean,none,2023-01-14
4415,18-24,Rehovot,Mediterranean,kosher,2025-05-31
4416,55+,Netanya,Indian,gluten_free,2024-08-22
4417,55+,Kfar Saba,Israeli,gluten_free,2023-10-30
4418,55+,Rehovot,Vegan,halal,2025-07-06
4419,45-54,Rishon LeZion,Seafood,gluten_free,2023-02-28
4420,55+,Ramat Gan,Steakhouse,none,2023-08-24
4421,35-44,Holon,Mediterranean,vegan,2023-06-15
4422,25-34,Petah Tikva,Japanese,gluten_free,2024-06-15
4423,45-54,Beer Sheva,Cafe,vegan,2024-02-03
4424,35-44,Holon,Mediterranean,halal,2025-02-14
4425,55+,Haifa,Vegan,low_carb,2024-03-31
4426,45-54,Petah Tikva,Israeli,gluten_free,2025-04-25
4427,45-54,Eilat,Sushi,none,2023-07-31
4428,35-44,Kfar Saba,Vegan,halal,2024-05-17
4429,45-54,Haifa,Japanese,low_carb,2023-10-27
4430,35-44,Holon,Asian,halal,2023-03-24
4431,45-54,Tel Aviv,Steakhouse,halal,2025-05-24
4432,18-24,Beer Sheva,Sushi,low_carb,2023-09-30
4433,25-34,Beer Sheva,Seafood,gluten_free,2023-02-17
4434,45-54,Netanya,Israeli,none,2024-11-07
4435,35-44,Jerusalem,Pizza,vegan,2023-06-19
4436,55+,Rishon LeZion,Vegan,vegan,2024-09-24
4437,35-44,Jerusalem,Vegan,kosher,2025-06-30
4438,25-34,Rishon LeZion,Mexican,kosher,2024-06-03
4439,55+,Holon,Sushi,vegan,2024-10-11
4440,45-54,Rehovot,Seafood,none,2024-04-29
4441,35-44,Jerusalem,Steakhouse,low_carb,2025-04-20
4442,35-44,Haifa,Seafood,gluten_free,2024-05-24
4443,25-34,Netanya,Japanese,gluten_free,2023-12-13
4444,55+,Tel Aviv,Steakhouse,halal,2024-05-22
4445,55+,Givatayim,Thai,kosher,2024-02-26
4446,18-24,Jerusalem,Japanese,kosher,2025-01-04
4447,45-54,Holon,Steakhouse,halal,2023-10-23
4448,25-34,Kfar Saba,Thai,none,2023-01-19
4449,45-54,Beer Sheva,Burger,gluten_free,2025-06-09
4450,55+,Rehovot,Mexican,kosher,2024-09-25
4451,18-24,Haifa,Mediterranean,none,2025-02-07
4452,35-44,Jerusalem,Pizza,gluten_free,2023-09-30
4453,45-54,Rehovot,Seafood,vegetarian,2023-03-03
4454,25-34,Holon,Vegan,vegetarian,2023-02-12
4455,25-34,Tel Aviv,Greek,low_carb,2024-11-10
4456,25-34,Netanya,Thai,gluten_free,2025-09-10
4457,25-34,Petah Tikva,Italian,vegan,2025-04-17
4458,55+,Ashdod,Greek,halal,2023-06-09
4459,18-24,Rishon LeZion,Vegan,vegetarian,2024-09-29
4460,18-24,Herzliya,Burger,kosher,2023-06-24
4461,45-54,Holon,Japanese,none,2023-12-30
4462,18-24,Herzliya,Thai,halal,2023-08-19
4463,25-34,Jerusalem,Mexican,vegetarian,2024-10-25
4464,35-44,Rishon LeZion,Burger,vegetarian,2024-08-25
4465,18-24,Givatayim,Burger,kosher,2024-04-23
4466,45-54,Rehovot,Thai,kosher,2023-01-27
4467,35-44,Herzliya,Japanese,none,2024-11-06
4468,25-34,Haifa,Greek,none,2023-02-13
4469,45-54,Beer Sheva,Seafood,none,2024-06-19
4470,45-54,Kfar Saba,Seafood,kosher,2023-09-27
4471,25-34,Rehovot,Indian,halal,2025-08-10
4472,25-34,Haifa,Japanese,gluten_free,2025-07-15
4473,45-54,Jerusalem,Pizza,none,2024-11-22
4474,25-34,Eilat,Mediterranean,kosher,2024-04-19
4475,55+,Rishon LeZion,Seafood,vegan,2023-06-06
4476,45-54,Haifa,Greek,gluten_free,2024-06-20
4477,45-54,Givatayim,Burger,kosher,2024-04-30
4478,18-24,Haifa,Greek,halal,2025-03-23
4479,25-34,Eilat,Greek,vegetarian,2023-02-14
4480,55+,Haifa,Pizza,halal,2025-06-07
4481,18-24,Holon,Thai,gluten_free,2024-11-06
4482,18-24,Jerusalem,Greek,low_carb,2025-07-29
4483,18-24,Beer Sheva,Mexican,vegan,2023-12-09
4484,55+,Herzliya,Vegan,halal,2025-04-30
4485,35-44,Ramat Gan,Greek,low_carb,2024-03-08
4486,55+,Netanya,Italian,low_carb,2024-04-08
4487,55+,Holon,Thai,vegetarian,2024-01-17
4488,18-24,Jerusalem,Burger,none,2023-03-02
4489,18-24,Ramat Gan,Italian,vegetarian,2023-07-28
4490,18-24,Tel Aviv,Cafe,halal,2023-06-17
4491,45-54,Givatayim,Italian,kosher,2024-05-03
4492,18-24,Rehovot,Burger,vegan,2025-09-24
4493,18-24,Ashdod,Cafe,none,2025-03-14
4494,35-44,Herzliya,Steakhouse,none,2024-09-13
4495,55+,Tel Aviv,Sushi,vegetarian,2025-02-28
4496,35-44,Rishon LeZion,Sushi,kosher,2024-05-15
4497,18-24,Beer Sheva,Pizza,vegetarian,2025-05-02
4498,25-34,Tel Aviv,Israeli,gluten_free,2023-10-15
4499,45-54,Herzliya,Pizza,halal,2023-09-14
4500,55+,Jerusalem,Mexican,gluten_free,2025-04-05
4501,18-24,Tel Aviv,Seafood,kosher,2024-12-14
4502,55+,Jerusalem,Mediterranean,halal,2023-01-13
4503,45-54,Holon,Seafood,halal,2023-10-04
4504,35-44,Tel Aviv,Indian,kosher,2024-06-29
4505,55+,Tel Aviv,Vegan,low_carb,2025-01-16
4506,45-54,Kfar Saba,Asian,vegetarian,2023-01-15
4507,45-54,Herzliya,Asian,none,2024-04-04
4508,18-24,Herzliya,Mexican,vegan,2024-03-17
4509,18-24,Haifa,Mediterranean,none,2024-06-30
4510,18-24,Herzliya,Indian,gluten_free,2024-09-08
4511,35-44,Givatayim,Thai,gluten_free,2024-12-04
4512,35-44,Herzliya,Asian,kosher,2025-01-30
4513,55+,Eilat,Steakhouse,vegetarian,2025-03-01
4514,55+,Ramat Gan,Japanese,gluten_free,2023-02-04
4515,45-54,Holon,Steakhouse,vegetarian,2023-10-06
4516,45-54,Kfar Saba,Mediterranean,low_carb,2023-08-20
4517,55+,Rishon LeZion,Seafood,none,2023-02-25
4518,55+,Netanya,Indian,none,2023-04-14
4519,18-24,Tel Aviv,Asian,vegan,2023-11-03
4520,45-54,Eilat,Seafood,low_carb,2023-10-08
4521,55+,Herzliya,Asian,vegetarian,2025-01-26
4522,35-44,Ramat Gan,Sushi,low_carb,2025-05-21
4523,45-54,Tel Aviv,Mexican,vegan,2024-07-26
4524,55+,Givatayim,Steakhouse,low_carb,2025-05-17
4525,35-44,Kfar Saba,Thai,gluten_free,2023-12-04
4526,45-54,Givatayim,Seafood,none,2024-01-10
4527,18-24,Givatayim,Indian,none,2024-12-13
4528,45-54,Haifa,Steakhouse,none,2023-07-11
4529,18-24,Kfar Saba,Japanese,gluten_free,2025-04-18
4530,55+,Beer Sheva,Indian,gluten_free,2025-07-08
4531,25-34,Beer Sheva,Seafood,halal,2023-10-23
4532,55+,Ashdod,Seafood,vegetarian,2024-02-25
4533,45-54,Ashdod,Thai,kosher,2025-09-24
4534,35-44,Beer Sheva,Sushi,low_carb,2023-10-14
4535,45-54,Netanya,Greek,vegetarian,2024-06-14
4536,18-24,Netanya,Mediterranean,kosher,2024-12-07
4537,55+,Netanya,Italian,vegetarian,2024-08-09
4538,25-34,Netanya,Israeli,halal,2025-04-24
4539,18-24,Ramat Gan,Israeli,low_carb,2023-08-29
4540,45-54,Herzliya,Thai,low_carb,2023-03-31
4541,35-44,Ramat Gan,Italian,none,2024-12-09
4542,45-54,Netanya,Cafe,halal,2025-08-23
4543,55+,Kfar Saba,Pizza,vegetarian,2023-01-12
4544,35-44,Eilat,Seafood,vegetarian,2023-04-27
4545,25-34,Tel Aviv,Cafe,halal,2024-10-07
4546,45-54,Petah Tikva,Mexican,none,2024-06-08
4547,45-54,Holon,Japanese,kosher,2024-05-28
4548,45-54,Petah Tikva,Mexican,halal,2023-06-17
4549,35-44,Rehovot,Mexican,vegan,2025-07-27
4550,18-24,Netanya,Indian,kosher,2024-12-21
4551,35-44,Ashdod,Burger,gluten_free,2024-05-08
4552,45-54,Haifa,Vegan,none,2024-11-10
4553,18-24,Netanya,Mexican,vegan,2023-10-15
4554,35-44,Jerusalem,Pizza,vegan,2024-04-01
4555,45-54,Rishon LeZion,Seafood,gluten_free,2023-02-27
4556,25-34,Eilat,Israeli,kosher,2023-01-16
4557,55+,Ramat Gan,Seafood,gluten_free,2023-05-25
4558,18-24,Jerusalem,Burger,vegetarian,2023-10-30
4559,25-34,Tel Aviv,Greek,none,2024-07-11
4560,55+,Rehovot,Japanese,none,2023-12-05
4561,45-54,Tel Aviv,Burger,vegan,2024-08-20
4562,45-54,Rehovot,Mediterranean,vegetarian,2025-05-22
4563,25-34,Givatayim,Mexican,vegan,2023-04-11
4564,55+,Haifa,Mexican,gluten_free,2025-03-11
4565,35-44,Rehovot,Greek,none,2024-11-29
4566,25-34,Kfar Saba,Italian,vegetarian,2025-09-14
4567,35-44,Ashdod,Thai,halal,2023-12-12
4568,45-54,Herzliya,Israeli,vegetarian,2025-07-11
4569,35-44,Netanya,Italian,none,2024-10-14
4570,45-54,Haifa,Sushi,none,2023-03-02
4571,18-24,Ramat Gan,Pizza,none,2024-11-07
4572,45-54,Ashdod,Indian,vegan,2025-03-18
4573,55+,Givatayim,Israeli,halal,2025-01-14
4574,55+,Kfar Saba,Mediterranean,halal,2024-09-12
4575,35-44,Holon,Steakhouse,vegan,2023-05-20
4576,45-54,Ashdod,Italian,gluten_free,2024-10-14
4577,55+,Rehovot,Japanese,vegetarian,2023-07-18
4578,25-34,Kfar Saba,Sushi,kosher,2024-07-02
4579,35-44,Kfar Saba,Mexican,vegetarian,2023-10-01
4580,35-44,Eilat,Greek,kosher,2023-05-02
4581,35-44,Netanya,Steakhouse,vegan,2025-08-07
4582,18-24,Beer Sheva,Burger,gluten_free,2025-09-19
4583,35-44,Tel Aviv,Pizza,vegan,2025-03-18
4584,35-44,Tel Aviv,Pizza,vegan,2023-08-24
4585,45-54,Holon,Burger,kosher,2023-07-05
4586,25-34,Rehovot,Vegan,halal,2024-07-05
4587,55+,Ashdod,Asian,none,2023-08-26
4588,55+,Ashdod,Steakhouse,gluten_free,2024-10-25
4589,18-24,Rishon LeZion,Mediterranean,vegan,2023-10-09
4590,35-44,Tel Aviv,Sushi,vegan,2024-03-01
4591,55+,Ramat Gan,Steakhouse,halal,2023-05-26
4592,35-44,Rehovot,Japanese,gluten_free,2023-03-03
4593,25-34,Givatayim,Sushi,kosher,2023-06-29
4594,25-34,Herzliya,Burger,vegan,2023-01-15
4595,18-24,Ashdod,Cafe,halal,2024-01-28
4596,55+,Herzliya,Italian,none,2023-05-18
4597,55+,Tel Aviv,Mexican,low_carb,2024-02-19
4598,35-44,Herzliya,Vegan,gluten_free,2025-08-03
4599,18-24,Kfar Saba,Mexican,kosher,2024-05-02
4600,45-54,Ramat Gan,Asian,kosher,2025-08-08
4601,45-54,Holon,Indian,none,2024-10-05
4602,55+,Ashdod,Cafe,gluten_free,2023-08-31
4603,35-44,Herzliya,Burger,vegetarian,2023-11-10
4604,35-44,Beer Sheva,Thai,kosher,2025-06-08
4605,25-34,Tel Aviv,Pizza,vegetarian,2025-06-24
4606,45-54,Tel Aviv,Vegan,vegan,2024-01-09
4607,55+,Jerusalem,Pizza,vegetarian,2024-02-08
4608,55+,Givatayim,Vegan,vegan,2023-04-25
4609,55+,Herzliya,Greek,kosher,2025-05-02
4610,25-34,Ramat Gan,Steakhouse,halal,2023-12-01
4611,18-24,Beer Sheva,Italian,gluten_free,2024-06-20
4612,18-24,Eilat,Sushi,halal,2023-10-17
4613,18-24,Netanya,Steakhouse,gluten_free,2023-02-09
4614,35-44,Beer Sheva,Israeli,gluten_free,2023-12-28
4615,25-34,Rishon LeZion,Burger,halal,2024-06-08
4616,55+,Herzliya,Mediterranean,vegan,2024-12-20
4617,55+,Tel Aviv,Italian,vegan,2025-01-19
4618,18-24,Haifa,Burger,halal,2023-03-03
4619,55+,Eilat,Mediterranean,none,2025-07-25
4620,45-54,Tel Aviv,Italian,low_carb,2024-10-10
4621,55+,Ashdod,Burger,kosher,2023-01-01
4622,45-54,Rishon LeZion,Indian,low_carb,2023-05-01
4623,45-54,Petah Tikva,Mexican,vegan,2024-09-11
4624,25-34,Ashdod,Israeli,gluten_free,2023-11-27
4625,45-54,Holon,Sushi,low_carb,2023-12-22
4626,55+,Givatayim,Steakhouse,halal,2025-09-15
4627,55+,Jerusalem,Steakhouse,vegetarian,2025-06-13
4628,25-34,Tel Aviv,Japanese,low_carb,2024-02-16
4629,35-44,Eilat,Thai,halal,2024-03-02
4630,55+,Ramat Gan,Cafe,halal,2025-05-17
4631,45-54,Holon,Cafe,halal,2024-12-29
4632,55+,Ashdod,Indian,vegan,2024-04-26
4633,25-34,Holon,Cafe,gluten_free,2023-06-18
4634,35-44,Herzliya,Israeli,vegetarian,2023-04-27
4635,18-24,Holon,Mexican,vegetarian,2023-09-05
4636,35-44,Petah Tikva,Steakhouse,vegan,2024-10-25
4637,55+,Herzliya,Pizza,none,2023-07-24
4638,45-54,Kfar Saba,Italian,low_carb,2023-05-07
4639,35-44,Tel Aviv,Burger,kosher,2024-08-14
4640,55+,Kfar Saba,Mediterranean,halal,2024-09-24
4641,35-44,Tel Aviv,Sushi,kosher,2023-02-21
4642,45-54,Netanya,Steakhouse,vegan,2025-04-06
4643,18-24,Rehovot,Japanese,kosher,2024-06-15
4644,45-54,Ramat Gan,Indian,low_carb,2024-04-30
4645,45-54,Tel Aviv,Asian,halal,2023-02-18
4646,35-44,Herzliya,Israeli,vegan,2025-08-11
4647,35-44,Kfar Saba,Mexican,none,2024-01-09
4648,45-54,Tel Aviv,Vegan,vegan,2023-10-21
4649,35-44,Givatayim,Italian,gluten_free,2024-03-16
4650,25-34,Tel Aviv,Japanese,low_carb,2025-05-14
4651,45-54,Rishon LeZion,Burger,vegan,2024-09-19
4652,18-24,Rishon LeZion,Thai,vegetarian,2025-04-25
4653,45-54,Givatayim,Greek,gluten_free,2025-09-04
4654,35-44,Eilat,Italian,vegetarian,2023-05-12
4655,35-44,Rehovot,Pizza,none,2025-01-06
4656,35-44,Beer Sheva,Italian,gluten_free,2024-11-01
4657,55+,Givatayim,Japanese,gluten_free,2025-06-09
4658,35-44,Herzliya,Seafood,halal,2025-02-17
4659,25-34,Rishon LeZion,Pizza,gluten_free,2024-05-16
4660,55+,Herzliya,Cafe,kosher,2023-08-12
4661,25-34,Petah Tikva,Japanese,low_carb,2023-12-12
4662,18-24,Eilat,Mexican,kosher,2024-06-23
4663,18-24,Jerusalem,Japanese,low_carb,2024-06-05
4664,18-24,Ashdod,Israeli,low_carb,2024-09-05
4665,25-34,Petah Tikva,Italian,none,2023-06-12
4666,35-44,Rishon LeZion,Asian,gluten_free,2023-10-20
4667,35-44,Netanya,Asian,gluten_free,2024-10-22
4668,45-54,Jerusalem,Thai,halal,2023-02-25
4669,45-54,Ashdod,Burger,none,2025-02-28
4670,25-34,Holon,Seafood,vegan,2024-05-05
4671,55+,Eilat,Burger,kosher,2023-09-23
4672,25-34,Petah Tikva,Pizza,vegan,2024-04-27
4673,35-44,Ramat Gan,Sushi,halal,2024-05-02
4674,55+,Eilat,Japanese,vegan,2025-09-16
4675,18-24,Petah Tikva,Italian,none,2023-01-06
4676,18-24,Kfar Saba,Mexican,none,2025-07-06
4677,45-54,Holon,Thai,kosher,2023-08-26
4678,55+,Beer Sheva,Seafood,none,2024-05-07
4679,55+,Haifa,Mexican,vegetarian,2023-11-19
4680,35-44,Ramat Gan,Vegan,halal,2024-11-29
4681,55+,Tel Aviv,Cafe,kosher,2025-08-08
4682,18-24,Haifa,Steakhouse,low_carb,2025-04-08
4683,35-44,Ashdod,Israeli,none,2023-10-14
4684,45-54,Kfar Saba,Sushi,vegan,2023-10-15
4685,35-44,Holon,Japanese,kosher,2025-05-31
4686,25-34,Beer Sheva,Thai,halal,2025-05-05
4687,45-54,Netanya,Japanese,halal,2023-02-21
4688,18-24,Haifa,Italian,vegan,2023-02-21
4689,55+,Ashdod,Thai,vegetarian,2023-04-08
4690,35-44,Haifa,Asian,kosher,2025-02-17
4691,35-44,Beer Sheva,Thai,low_carb,2023-01-24
4692,35-44,Ramat Gan,Israeli,vegan,2025-07-28
4693,55+,Ramat Gan,Pizza,low_carb,2025-09-10
4694,35-44,Tel Aviv,Asian,halal,2023-03-27
4695,55+,Ashdod,Steakhouse,kosher,2023-08-24
4696,25-34,Ashdod,Cafe,none,2024-04-13
4697,35-44,Kfar Saba,Japanese,kosher,2024-10-18
4698,18-24,Holon,Burger,halal,2025-07-09
4699,18-24,Ramat Gan,Indian,gluten_free,2023-10-25
4700,35-44,Ramat Gan,Cafe,kosher,2025-02-09
4701,45-54,Kfar Saba,Sushi,vegetarian,2023-12-18
4702,35-44,Givatayim,Sushi,vegetarian,2025-07-23
4703,18-24,Eilat,Mediterranean,low_carb,2023-05-03
4704,25-34,Rishon LeZion,Sushi,gluten_free,2024-02-09
4705,18-24,Givatayim,Pizza,low_carb,2024-12-01
4706,25-34,Eilat,Mediterranean,vegan,2023-04-04
4707,35-44,Netanya,Burger,halal,2025-04-30
4708,35-44,Haifa,Pizza,gluten_free,2023-11-30
4709,55+,Tel Aviv,Israeli,low_carb,2025-07-13
4710,55+,Rishon LeZion,Mexican,vegetarian,2025-01-28
4711,35-44,Holon,Steakhouse,none,2023-05-27
4712,35-44,Eilat,Pizza,none,2024-03-30
4713,45-54,Jerusalem,Seafood,low_carb,2023-01-31
4714,18-24,Rehovot,Mexican,vegan,2025-03-03
4715,35-44,Kfar Saba,Vegan,none,2024-11-19
4716,55+,Jerusalem,Indian,none,2025-04-11
4717,25-34,Netanya,Cafe,kosher,2023-12-26
4718,18-24,Beer Sheva,Japanese,low_carb,2023-06-21
4719,55+,Herzliya,Mediterranean,halal,2025-05-24
4720,35-44,Petah Tikva,Sushi,kosher,2024-05-25
4721,25-34,Jerusalem,Sushi,vegan,2023-02-15
4722,25-34,Ashdod,Vegan,none,2023-11-29
4723,45-54,Herzliya,Thai,vegan,2025-03-12
4724,55+,Netanya,Greek,none,2024-10-08
4725,25-34,Holon,Mexican,vegan,2023-01-14
4726,55+,Kfar Saba,Seafood,gluten_free,2024-09-02
4727,18-24,Haifa,Cafe,halal,2024-02-27
4728,18-24,Herzliya,Mexican,vegetarian,2024-01-01
4729,35-44,Ramat Gan,Greek,kosher,2025-04-17
4730,45-54,Jerusalem,Italian,vegan,2023-08-01
4731,55+,Eilat,Japanese,gluten_free,2024-11-19
4732,25-34,Beer Sheva,Mediterranean,low_carb,2023-02-27
4733,55+,Netanya,Thai,vegan,2025-09-22
4734,45-54,Beer Sheva,Asian,gluten_free,2024-11-05
4735,45-54,Rehovot,Mediterranean,kosher,2024-03-23
4736,35-44,Eilat,Burger,vegan,2024-07-03
4737,18-24,Rishon LeZion,Mediterranean,none,2023-11-08
4738,18-24,Ramat Gan,Indian,low_carb,2025-01-11
4739,18-24,Herzliya,Pizza,low_carb,2025-04-14
4740,45-54,Jerusalem,Sushi,halal,2025-01-16
4741,35-44,Herzliya,Burger,halal,2024-02-23
4742,25-34,Kfar Saba,Cafe,kosher,2024-01-23
4743,18-24,Haifa,Italian,kosher,2024-05-25
4744,35-44,Petah Tikva,Greek,gluten_free,2024-07-14
4745,45-54,Tel Aviv,Sushi,kosher,2023-02-01
4746,18-24,Givatayim,Greek,none,2023-04-10
4747,25-34,Rishon LeZion,Israeli,low_carb,2024-03-02
4748,45-54,Petah Tikva,Seafood,kosher,2024-01-13
4749,35-44,Haifa,Indian,none,2024-07-07
4750,25-34,Tel Aviv,Cafe,none,2023-11-05
4751,45-54,Ashdod,Pizza,vegan,2024-10-02
4752,18-24,Herzliya,Indian,vegan,2024-08-21
4753,25-34,Ashdod,Sushi,vegetarian,2023-04-24
4754,45-54,Ashdod,Thai,vegetarian,2023-01-10
4755,55+,Beer Sheva,Asian,kosher,2024-09-23
4756,55+,Beer Sheva,Burger,vegan,2024-11-16
4757,18-24,Haifa,Pizza,vegan,2025-07-08
4758,55+,Ashdod,Vegan,gluten_free,2025-07-08
4759,55+,Ramat Gan,Steakhouse,kosher,2024-07-06
4760,35-44,Ramat Gan,Thai,halal,2025-04-13
4761,18-24,Ramat Gan,Pizza,halal,2025-02-13
4762,35-44,Jerusalem,Japanese,vegan,2025-01-24
4763,45-54,Ramat Gan,Cafe,vegan,2023-02-25
4764,18-24,Holon,Greek,vegetarian,2025-04-02
4765,25-34,Haifa,Indian,kosher,2023-05-05
4766,18-24,Holon,Sushi,none,2024-05-09
4767,55+,Rehovot,Burger,gluten_free,2024-02-25
4768,25-34,Tel Aviv,Steakhouse,vegan,2025-03-26
4769,18-24,Beer Sheva,Sushi,vegan,2025-01-25
4770,35-44,Jerusalem,Steakhouse,none,2024-02-26
4771,55+,Holon,Mediterranean,kosher,2024-01-11
4772,35-44,Ashdod,Sushi,kosher,2024-05-19
4773,35-44,Beer Sheva,Mediterranean,none,2023-08-26
4774,45-54,Ashdod,Thai,low_carb,2023-02-20
4775,25-34,Kfar Saba,Vegan,vegetarian,2023-10-16
4776,35-44,Ramat Gan,Vegan,low_carb,2023-07-31
4777,25-34,Eilat,Mediterranean,gluten_free,2023-11-28
4778,25-34,Tel Aviv,Sushi,none,2025-01-12
4779,45-54,Haifa,Pizza,halal,2024-10-08
4780,55+,Netanya,Seafood,none,2024-12-23
4781,25-34,Holon,Israeli,none,2023-02-28
4782,35-44,Haifa,Israeli,gluten_free,2023-07-05
4783,45-54,Holon,Pizza,halal,2024-09-14
4784,25-34,Netanya,Steakhouse,vegetarian,2024-07-08
4785,45-54,Haifa,Italian,vegetarian,2024-06-30
4786,45-54,Herzliya,Pizza,none,2024-01-29
4787,45-54,Haifa,Steakhouse,halal,2025-07-27
4788,18-24,Tel Aviv,Italian,vegan,2024-03-14
4789,35-44,Givatayim,Indian,vegetarian,2025-04-15
4790,25-34,Eilat,Burger,low_carb,2023-11-27
4791,25-34,Jerusalem,Asian,low_carb,2023-01-15
4792,35-44,Ramat Gan,Mediterranean,low_carb,2023-07-02
4793,45-54,Herzliya,Sushi,vegan,2023-10-18
4794,35-44,Petah Tikva,Israeli,kosher,2024-02-10
4795,35-44,Kfar Saba,Mexican,low_carb,2023-01-28
4796,25-34,Haifa,Israeli,vegan,2024-05-01
4797,25-34,Jerusalem,Israeli,none,2025-05-22
4798,45-54,Haifa,Mediterranean,vegetarian,2024-10-07
4799,45-54,Givatayim,Greek,gluten_free,2023-01-23
4800,35-44,Eilat,Italian,gluten_free,2024-07-18
4801,45-54,Rehovot,Vegan,gluten_free,2023-02-12
4802,45-54,Givatayim,Seafood,kosher,2023-09-25
4803,55+,Ashdod,Vegan,gluten_free,2024-06-18
4804,25-34,Netanya,Sushi,halal,2024-09-19
4805,18-24,Kfar Saba,Sushi,halal,2025-07-30
4806,25-34,Rishon LeZion,Japanese,none,2023-12-13
4807,55+,Eilat,Thai,vegan,2024-01-06
4808,18-24,Kfar Saba,Sushi,gluten_free,2025-08-22
4809,55+,Ashdod,Italian,low_carb,2024-12-09
4810,55+,Jerusalem,Israeli,halal,2023-04-14
4811,55+,Ramat Gan,Mediterranean,halal,2023-12-08
4812,55+,Eilat,Seafood,halal,2024-01-15
4813,35-44,Jerusalem,Asian,vegan,2024-04-28
4814,55+,Petah Tikva,Mexican,gluten_free,2025-04-03
4815,35-44,Beer Sheva,Seafood,halal,2023-06-10
4816,18-24,Rehovot,Mexican,low_carb,2024-08-16
4817,35-44,Beer Sheva,Steakhouse,none,2023-01-05
4818,35-44,Rishon LeZion,Pizza,none,2024-02-19
4819,45-54,Ashdod,Mexican,vegetarian,2024-07-20
4820,45-54,Eilat,Greek,vegetarian,2023-06-10
4821,35-44,Ramat Gan,Sushi,kosher,2024-12-04
4822,45-54,Beer Sheva,Mediterranean,none,2024-08-31
4823,35-44,Eilat,Greek,vegetarian,2025-06-21
4824,25-34,Holon,Cafe,vegetarian,2023-06-02
4825,55+,Kfar Saba,Mediterranean,gluten_free,2024-06-27
4826,55+,Holon,Indian,vegetarian,2024-02-13
4827,45-54,Beer Sheva,Greek,kosher,2024-10-29
4828,55+,Beer Sheva,Cafe,vegan,2023-09-29
4829,45-54,Holon,Seafood,halal,2024-07-04
4830,25-34,Holon,Steakhouse,vegetarian,2023-08-26
4831,25-34,Herzliya,Greek,vegan,2024-07-01
4832,18-24,Haifa,Sushi,gluten_free,2024-07-03
4833,45-54,Kfar Saba,Greek,halal,2025-03-30
4834,18-24,Rishon LeZion,Japanese,gluten_free,2024-11-12
4835,18-24,Ashdod,Greek,kosher,2023-06-28
4836,18-24,Givatayim,Burger,none,2023-09-24
4837,35-44,Rishon LeZion,Italian,halal,2024-05-24
4838,35-44,Rishon LeZion,Mediterranean,none,2023-07-05
4839,35-44,Rehovot,Cafe,vegetarian,2023-01-04
4840,35-44,Beer Sheva,Greek,kosher,2023-09-26
4841,35-44,Netanya,Mediterranean,halal,2023-08-31
4842,45-54,Tel Aviv,Seafood,halal,2024-02-19
4843,25-34,Petah Tikva,Vegan,halal,2025-08-26
4844,45-54,Givatayim,Asian,halal,2025-03-07
4845,35-44,Haifa,Vegan,vegan,2023-01-13
4846,55+,Petah Tikva,Vegan,halal,2023-02-21
4847,55+,Ramat Gan,Pizza,none,2025-05-13
4848,35-44,Rehovot,Asian,gluten_free,2025-08-18
4849,18-24,Petah Tikva,Israeli,none,2023-02-18
4850,55+,Jerusalem,Sushi,none,2025-07-26
4851,18-24,Ashdod,Thai,vegan,2024-05-01
4852,35-44,Givatayim,Burger,none,2023-10-23
4853,35-44,Givatayim,Burger,low_carb,2023-01-11
4854,45-54,Jerusalem,Cafe,vegan,2024-01-20
4855,18-24,Givatayim,Mexican,none,2024-10-15
4856,35-44,Jerusalem,Mexican,vegan,2025-06-22
4857,18-24,Eilat,Mediterranean,vegetarian,2024-05-27
4858,25-34,Petah Tikva,Mediterranean,vegan,2023-10-29
4859,35-44,Ramat Gan,Indian,none,2024-11-26
4860,45-54,Ramat Gan,Italian,gluten_free,2025-08-28
4861,18-24,Kfar Saba,Israeli,vegan,2023-12-06
4862,25-34,Jerusalem,Indian,halal,2024-10-02
4863,45-54,Beer Sheva,Sushi,vegetarian,2024-11-01
4864,18-24,Jerusalem,Indian,gluten_free,2025-01-17
4865,35-44,Haifa,Steakhouse,gluten_free,2024-03-01
4866,45-54,Ramat Gan,Thai,halal,2024-04-12
4867,25-34,Ramat Gan,Mediterranean,kosher,2025-08-31
4868,25-34,Eilat,Japanese,gluten_free,2025-06-23
4869,25-34,Givatayim,Thai,vegetarian,2025-02-04
4870,18-24,Petah Tikva,Seafood,none,2023-02-11
4871,55+,Eilat,Japanese,kosher,2024-07-03
4872,35-44,Haifa,Mexican,vegan,2023-11-06
4873,18-24,Rehovot,Japanese,kosher,2023-04-06
4874,35-44,Ashdod,Greek,none,2024-01-27
4875,35-44,Ramat Gan,Greek,vegan,2025-06-13
4876,25-34,Holon,Steakhouse,vegetarian,2023-12-21
4877,25-34,Haifa,Mediterranean,vegan,2023-05-03
4878,45-54,Ramat Gan,Steakhouse,none,2025-02-28
4879,55+,Petah Tikva,Thai,vegan,2024-05-14
4880,55+,Ashdod,Pizza,low_carb,2023-09-18
4881,18-24,Eilat,Sushi,halal,2023-01-09
4882,35-44,Jerusalem,Israeli,none,2023-04-26
4883,35-44,Kfar Saba,Burger,kosher,2025-08-15
4884,18-24,Ashdod,Steakhouse,low_carb,2024-05-26
4885,18-24,Tel Aviv,Vegan,kosher,2024-01-09
4886,25-34,Eilat,Steakhouse,vegan,2024-07-18
4887,18-24,Beer Sheva,Greek,kosher,2024-09-12
4888,45-54,Tel Aviv,Mediterranean,gluten_free,2023-09-01
4889,25-34,Tel Aviv,Seafood,none,2023-10-05
4890,25-34,Tel Aviv,Mexican,gluten_free,2023-06-08
4891,25-34,Rehovot,Mexican,none,2024-04-14
4892,55+,Rishon LeZion,Indian,gluten_free,2024-08-11
4893,25-34,Netanya,Indian,vegan,2023-08-11
4894,35-44,Petah Tikva,Cafe,gluten_free,2025-09-01
4895,55+,Ashdod,Steakhouse,halal,2023-03-21
4896,25-34,Givatayim,Seafood,none,2024-09-04
4897,18-24,Beer Sheva,Sushi,kosher,2025-04-11
4898,35-44,Holon,Vegan,gluten_free,2024-09-26
4899,18-24,Tel Aviv,Seafood,low_carb,2024-03-11
4900,25-34,Jerusalem,Italian,gluten_free,2024-07-26
4901,18-24,Ashdod,Mexican,none,2023-09-08
4902,45-54,Rishon LeZion,Sushi,halal,2023-03-01
4903,35-44,Kfar Saba,Burger,vegan,2024-05-24
4904,55+,Rishon LeZion,Pizza,none,2023-04-02
4905,55+,Kfar Saba,Thai,low_carb,2024-11-18
4906,45-54,Ramat Gan,Indian,kosher,2024-10-04
4907,55+,Rishon LeZion,Cafe,kosher,2024-05-10
4908,35-44,Givatayim,Cafe,kosher,2024-04-26
4909,45-54,Netanya,Italian,low_carb,2024-11-13
4910,45-54,Rishon LeZion,Steakhouse,gluten_free,2024-05-08
4911,25-34,Tel Aviv,Pizza,halal,2024-10-21
4912,55+,Herzliya,Indian,vegan,2025-03-10
4913,18-24,Eilat,Pizza,gluten_free,2024-03-26
4914,18-24,Herzliya,Steakhouse,vegetarian,2025-09-02
4915,55+,Jerusalem,Sushi,kosher,2023-08-25
4916,25-34,Netanya,Indian,low_carb,2024-04-13
4917,25-34,Kfar Saba,Mediterranean,low_carb,2023-09-02
4918,18-24,Netanya,Seafood,none,2023-04-18
4919,18-24,Ashdod,Italian,low_carb,2023-07-05
4920,45-54,Netanya,Sushi,kosher,2024-08-02
4921,25-34,Rehovot,Burger,halal,2025-03-13
4922,35-44,Kfar Saba,Thai,halal,2023-06-20
4923,25-34,Haifa,Sushi,none,2023-01-17
4924,45-54,Ramat Gan,Thai,vegan,2024-04-08
4925,55+,Ashdod,Burger,low_carb,2025-03-26
4926,45-54,Jerusalem,Israeli,none,2024-02-17
4927,55+,Eilat,Greek,vegan,2023-08-25
4928,35-44,Kfar Saba,Mexican,halal,2025-08-25
4929,18-24,Ashdod,Thai,kosher,2023-02-01
4930,25-34,Ramat Gan,Israeli,low_carb,2023-12-03
4931,45-54,Netanya,Asian,vegan,2023-06-12
4932,45-54,Jerusalem,Mexican,vegetarian,2024-10-02
4933,35-44,Netanya,Sushi,vegetarian,2023-08-30
4934,45-54,Netanya,Mexican,vegetarian,2024-07-20
4935,25-34,Ramat Gan,Pizza,vegetarian,2023-04-20
4936,35-44,Kfar Saba,Israeli,vegan,2023-11-01
4937,35-44,Ashdod,Asian,halal,2024-03-18
4938,55+,Ashdod,Burger,halal,2025-03-27
4939,55+,Ashdod,Mexican,halal,2024-03-20
4940,35-44,Kfar Saba,Italian,vegetarian,2024-05-13
4941,45-54,Jerusalem,Cafe,gluten_free,2024-04-09
4942,55+,Eilat,Mediterranean,none,2023-11-02
4943,18-24,Jerusalem,Steakhouse,kosher,2025-01-21
4944,25-34,Ashdod,Seafood,gluten_free,2023-12-15
4945,35-44,Jerusalem,Vegan,low_carb,2023-04-08
4946,45-54,Netanya,Japanese,vegan,2025-01-08
4947,25-34,Rishon LeZion,Italian,low_carb,2023-11-04
4948,45-54,Haifa,Burger,none,2023-08-25
4949,18-24,Rehovot,Mediterranean,vegan,2023-06-23
4950,45-54,Petah Tikva,Thai,vegan,2025-02-11
4951,25-34,Rehovot,Seafood,none,2024-07-05
4952,45-54,Ramat Gan,Vegan,gluten_free,2023-02-22
4953,18-24,Holon,Thai,gluten_free,2025-04-02
4954,35-44,Tel Aviv,Asian,halal,2024-10-07
4955,25-34,Rehovot,Israeli,kosher,2023-12-28
4956,35-44,Eilat,Steakhouse,halal,2023-02-05
4957,18-24,Eilat,Italian,gluten_free,2025-06-22
4958,55+,Jerusalem,Steakhouse,gluten_free,2023-06-27
4959,25-34,Herzliya,Indian,vegetarian,2025-03-01
4960,45-54,Herzliya,Pizza,kosher,2023-05-27
4961,45-54,Kfar Saba,Steakhouse,gluten_free,2024-02-06
4962,18-24,Herzliya,Pizza,none,2023-02-04
4963,45-54,Herzliya,Sushi,halal,2024-12-09
4964,18-24,Jerusalem,Cafe,low_carb,2024-05-09
4965,45-54,Holon,Greek,vegan,2025-09-14
4966,25-34,Netanya,Thai,low_carb,2023-02-21
4967,45-54,Netanya,Israeli,gluten_free,2024-04-13
4968,45-54,Rishon LeZion,Sushi,gluten_free,2024-12-05
4969,35-44,Herzliya,Burger,kosher,2024-10-04
4970,55+,Eilat,Steakhouse,vegan,2024-01-15
4971,45-54,Tel Aviv,Burger,gluten_free,2023-06-17
4972,25-34,Holon,Sushi,vegan,2024-07-04
4973,25-34,Ashdod,Burger,halal,2024-01-22
4974,18-24,Eilat,Japanese,low_carb,2024-01-09
4975,55+,Herzliya,Steakhouse,low_carb,2023-01-04
4976,55+,Beer Sheva,Seafood,vegan,2024-04-09
4977,45-54,Ashdod,Italian,vegan,2024-05-09
4978,45-54,Ashdod,Cafe,gluten_free,2024-06-04
4979,55+,Petah Tikva,Steakhouse,halal,2024-12-23
4980,45-54,Ramat Gan,Israeli,gluten_free,2023-02-17
4981,35-44,Rehovot,Italian,low_carb,2024-12-02
4982,18-24,Jerusalem,Seafood,vegan,2023-08-22
4983,18-24,Herzliya,Italian,halal,2025-01-10
4984,55+,Eilat,Steakhouse,none,2023-05-23
4985,45-54,Rishon LeZion,Israeli,halal,2025-08-22
4986,45-54,Beer Sheva,Mediterranean,vegan,2024-09-20
4987,25-34,Eilat,Vegan,low_carb,2025-08-05
4988,55+,Tel Aviv,Vegan,kosher,2023-02-10
4989,18-24,Herzliya,Thai,vegetarian,2024-12-14
4990,45-54,Rishon LeZion,Mediterranean,vegan,2023-02-10
4991,25-34,Ashdod,Italian,halal,2024-02-22
4992,25-34,Petah Tikva,Steakhouse,vegetarian,2025-01-11
4993,18-24,Netanya,Pizza,low_carb,2023-04-13
4994,55+,Herzliya,Greek,vegetarian,2025-04-22
4995,35-44,Rehovot,Cafe,vegan,2024-07-26
4996,25-34,Eilat,Burger,low_carb,2024-12-19
4997,18-24,Eilat,Indian,low_carb,2024-02-02
4998,45-54,Herzliya,Seafood,gluten_free,2024-01-23
4999,35-44,Petah Tikva,Israeli,vegan,2024-02-17
5000,35-44,Netanya,Pizza,gluten_free,2023-06-05
5001,25-34,Givatayim,Sushi,gluten_free,2024-02-18
5002,18-24,Beer Sheva,Mediterranean,halal,2024-06-21
5003,18-24,Ashdod,Italian,kosher,2024-02-12
5004,45-54,Ramat Gan,Mediterranean,halal,2023-08-27
5005,45-54,Rehovot,Indian,low_carb,2025-08-24
5006,25-34,Beer Sheva,Mediterranean,gluten_free,2024-09-26
5007,55+,Eilat,Israeli,none,2025-03-19
5008,18-24,Netanya,Indian,gluten_free,2025-05-15
5009,55+,Haifa,Steakhouse,none,2023-09-27
5010,25-34,Tel Aviv,Sushi,vegetarian,2023-03-29
5011,45-54,Beer Sheva,Thai,low_carb,2023-02-15
5012,55+,Kfar Saba,Seafood,vegan,2023-04-12
5013,45-54,Kfar Saba,Cafe,vegetarian,2024-03-23
5014,25-34,Rishon LeZion,Israeli,low_carb,2024-04-17
5015,25-34,Ashdod,Italian,none,2023-06-27
5016,45-54,Eilat,Indian,kosher,2023-08-03
5017,18-24,Ramat Gan,Pizza,low_carb,2025-06-15
5018,45-54,Eilat,Steakhouse,none,2025-01-16
5019,35-44,Jerusalem,Sushi,vegan,2025-01-04
5020,45-54,Netanya,Burger,vegan,2023-03-26
5021,45-54,Petah Tikva,Pizza,vegan,2023-02-23
5022,25-34,Kfar Saba,Cafe,halal,2024-07-16
5023,55+,Kfar Saba,Japanese,vegetarian,2023-03-14
5024,45-54,Haifa,Steakhouse,gluten_free,2024-05-26
5025,35-44,Tel Aviv,Pizza,none,2024-01-02
5026,55+,Rishon LeZion,Mediterranean,halal,2025-06-09
5027,55+,Netanya,Vegan,low_carb,2024-09-07
5028,55+,Jerusalem,Mexican,vegan,2024-05-09
5029,25-34,Jerusalem,Burger,none,2025-01-07
5030,18-24,Rishon LeZion,Vegan,vegetarian,2023-04-19
5031,25-34,Petah Tikva,Vegan,vegetarian,2023-02-05
5032,35-44,Kfar Saba,Steakhouse,vegetarian,2024-05-13
5033,35-44,Rishon LeZion,Asian,gluten_free,2025-03-02
5034,55+,Ramat Gan,Pizza,halal,2025-08-14
5035,55+,Holon,Cafe,low_carb,2023-08-29
5036,18-24,Rishon LeZion,Asian,halal,2023-11-09
5037,45-54,Ramat Gan,Pizza,none,2024-01-09
5038,18-24,Kfar Saba,Sushi,gluten_free,2025-09-16
5039,45-54,Ramat Gan,Sushi,low_carb,2024-09-07
5040,18-24,Tel Aviv,Mediterranean,gluten_free,2025-04-01
5041,45-54,Ramat Gan,Italian,kosher,2023-08-26
5042,45-54,Rehovot,Indian,gluten_free,2023-10-12
5043,55+,Ashdod,Cafe,gluten_free,2024-07-13
5044,55+,Ramat Gan,Steakhouse,gluten_free,2023-08-31
5045,45-54,Holon,Mexican,vegetarian,2025-05-15
5046,45-54,Rishon LeZion,Japanese,vegetarian,2024-05-28
5047,35-44,Rehovot,Cafe,kosher,2023-11-07
5048,35-44,Haifa,Greek,vegan,2023-08-17
5049,18-24,Haifa,Italian,none,2024-01-03
5050,35-44,Rehovot,Greek,vegetarian,2023-03-19
5051,25-34,Kfar Saba,Cafe,gluten_free,2025-01-26
5052,25-34,Tel Aviv,Japanese,vegetarian,2023-10-13
5053,25-34,Beer Sheva,Israeli,vegetarian,2023-12-25
5054,35-44,Beer Sheva,Thai,low_carb,2023-10-04
5055,18-24,Petah Tikva,Thai,gluten_free,2024-07-27
5056,35-44,Kfar Saba,Burger,halal,2024-04-22
5057,25-34,Givatayim,Steakhouse,low_carb,2024-01-28
5058,45-54,Holon,Italian,kosher,2023-07-15
5059,55+,Ashdod,Steakhouse,kosher,2025-05-11
5060,35-44,Ramat Gan,Thai,vegetarian,2025-07-21
5061,55+,Givatayim,Italian,none,2023-01-06
5062,35-44,Ashdod,Thai,low_carb,2024-09-20
5063,35-44,Rehovot,Japanese,gluten_free,2025-03-31
5064,45-54,Beer Sheva,Asian,none,2024-03-23
5065,55+,Beer Sheva,Sushi,none,2025-07-02
5066,45-54,Netanya,Pizza,low_carb,2023-11-05
5067,45-54,Netanya,Vegan,vegan,2023-10-20
5068,35-44,Jerusalem,Israeli,kosher,2025-05-19
5069,25-34,Kfar Saba,Italian,vegetarian,2024-06-16
5070,55+,Petah Tikva,Burger,vegetarian,2023-10-02
5071,55+,Beer Sheva,Japanese,none,2025-02-08
5072,18-24,Holon,Sushi,vegan,2023-03-08
5073,35-44,Beer Sheva,Japanese,none,2025-01-12
5074,55+,Tel Aviv,Sushi,vegan,2024-07-24
5075,45-54,Givatayim,Cafe,halal,2023-03-13
5076,45-54,Ashdod,Cafe,low_carb,2024-07-20
5077,35-44,Tel Aviv,Vegan,gluten_free,2025-08-07
5078,55+,Tel Aviv,Italian,none,2023-03-13
5079,45-54,Haifa,Sushi,halal,2024-11-11
5080,55+,Jerusalem,Burger,none,2024-02-15
5081,18-24,Eilat,Burger,none,2023-03-20
5082,55+,Kfar Saba,Indian,vegan,2024-03-21
5083,25-34,Ashdod,Cafe,low_carb,2024-05-09
5084,25-34,Jerusalem,Indian,halal,2024-06-17
5085,18-24,Ramat Gan,Italian,none,2023-03-05
5086,18-24,Jerusalem,Israeli,vegetarian,2023-07-29
5087,25-34,Ramat Gan,Mexican,low_carb,2024-05-23
5088,35-44,Holon,Italian,halal,2024-08-05
5089,55+,Eilat,Seafood,halal,2023-11-01
5090,55+,Tel Aviv,Mexican,vegan,2024-12-20
5091,55+,Eilat,Japanese,kosher,2024-03-06
5092,45-54,Kfar Saba,Greek,none,2025-06-02
5093,45-54,Eilat,Mediterranean,none,2023-08-30
5094,35-44,Holon,Japanese,gluten_free,2025-09-14
5095,55+,Haifa,Vegan,vegetarian,2024-01-29
5096,25-34,Petah Tikva,Mexican,halal,2023-02-10
5097,25-34,Holon,Mexican,low_carb,2024-05-26
5098,45-54,Rehovot,Japanese,vegetarian,2023-03-16
5099,25-34,Herzliya,Asian,halal,2025-05-22
5100,55+,Rehovot,Mexican,low_carb,2024-08-06
5101,25-34,Petah Tikva,Thai,none,2024-11-29
5102,55+,Haifa,Indian,vegetarian,2024-05-04
5103,25-34,Ashdod,Asian,kosher,2023-04-12
5104,25-34,Ashdod,Japanese,none,2025-05-25
5105,55+,Holon,Mediterranean,halal,2023-08-07
5106,45-54,Givatayim,Mediterranean,low_carb,2025-07-30
5107,45-54,Kfar Saba,Vegan,low_carb,2025-07-17
5108,55+,Ashdod,Seafood,vegan,2025-01-15
5109,25-34,Ramat Gan,Mediterranean,none,2023-04-26
5110,25-34,Jerusalem,Italian,low_carb,2024-02-27
5111,35-44,Petah Tikva,Mediterranean,none,2024-02-10
5112,35-44,Tel Aviv,Thai,vegetarian,2025-05-24
5113,45-54,Petah Tikva,Asian,vegan,2025-06-09
5114,55+,Tel Aviv,Mexican,halal,2023-06-23
5115,45-54,Rehovot,Greek,kosher,2023-05-29
5116,45-54,Rehovot,Indian,gluten_free,2023-01-06
5117,45-54,Petah Tikva,Seafood,halal,2025-07-20
5118,18-24,Ramat Gan,Burger,gluten_free,2024-03-20
5119,25-34,Petah Tikva,Mediterranean,gluten_free,2024-09-19
5120,45-54,Beer Sheva,Burger,kosher,2025-04-15
5121,35-44,Netanya,Israeli,low_carb,2023-01-12
5122,45-54,Ramat Gan,Mexican,none,2023-02-14
5123,55+,Givatayim,Cafe,none,2023-02-11
5124,25-34,Netanya,Seafood,gluten_free,2025-06-02
5125,18-24,Eilat,Pizza,low_carb,2025-06-18
5126,18-24,Beer Sheva,Indian,vegetarian,2024-01-21
5127,25-34,Jerusalem,Thai,vegetarian,2024-12-25
5128,55+,Rehovot,Sushi,vegan,2025-05-19
5129,25-34,Rehovot,Japanese,low_carb,2023-03-13
5130,18-24,Givatayim,Israeli,low_carb,2023-08-06
5131,18-24,Kfar Saba,Steakhouse,halal,2025-06-25
5132,45-54,Kfar Saba,Indian,vegetarian,2023-06-14
5133,25-34,Givatayim,Sushi,vegetarian,2023-01-24
5134,35-44,Netanya,Mediterranean,gluten_free,2025-09-02
5135,35-44,Beer Sheva,Italian,kosher,2025-08-20
5136,45-54,Herzliya,Mexican,low_carb,2025-08-17
5137,25-34,Holon,Vegan,kosher,2024-08-31
5138,45-54,Rehovot,Cafe,vegan,2025-08-04
5139,25-34,Ashdod,Mediterranean,vegetarian,2024-01-04
5140,35-44,Beer Sheva,Cafe,gluten_free,2023-03-27
5141,35-44,Kfar Saba,Thai,kosher,2023-07-23
5142,35-44,Holon,Greek,none,2024-08-11
5143,45-54,Kfar Saba,Indian,halal,2023-02-18
5144,45-54,Ashdod,Mexican,low_carb,2025-01-03
5145,45-54,Jerusalem,Pizza,halal,2024-03-23
5146,25-34,Beer Sheva,Thai,none,2025-04-13
5147,45-54,Tel Aviv,Vegan,kosher,2023-04-20
5148,18-24,Givatayim,Mexican,gluten_free,2023-01-22
5149,18-24,Petah Tikva,Asian,vegan,2025-07-12
5150,55+,Herzliya,Israeli,halal,2024-09-19
5151,25-34,Rehovot,Sushi,low_carb,2023-02-09
5152,25-34,Rishon LeZion,Indian,vegetarian,2025-04-17
5153,45-54,Kfar Saba,Indian,none,2023-12-03
5154,35-44,Beer Sheva,Burger,none,2025-08-10
5155,55+,Kfar Saba,Asian,low_carb,2023-04-29
5156,45-54,Rehovot,Thai,vegetarian,2023-04-28
5157,55+,Ramat Gan,Italian,vegan,2025-06-27
5158,25-34,Beer Sheva,Indian,vegan,2024-12-02
5159,55+,Petah Tikva,Cafe,gluten_free,2024-08-25
5160,18-24,Netanya,Asian,vegetarian,2024-04-27
5161,55+,Beer Sheva,Greek,vegetarian,2025-01-25
5162,45-54,Tel Aviv,Pizza,vegan,2023-08-24
5163,35-44,Petah Tikva,Cafe,none,2025-03-26
5164,45-54,Jerusalem,Israeli,low_carb,2023-11-08
5165,55+,Netanya,Vegan,low_carb,2024-09-21
5166,25-34,Kfar Saba,Italian,vegan,2023-06-01
5167,25-34,Petah Tikva,Pizza,gluten_free,2023-10-11
5168,18-24,Rishon LeZion,Italian,kosher,2024-05-24
5169,55+,Rehovot,Japanese,gluten_free,2025-09-16
5170,18-24,Rishon LeZion,Mediterranean,halal,2025-06-26
5171,35-44,Rishon LeZion,Sushi,low_carb,2025-03-20
5172,18-24,Kfar Saba,Israeli,kosher,2025-02-17
5173,25-34,Holon,Burger,vegan,2024-11-30
5174,18-24,Jerusalem,Vegan,vegetarian,2024-11-04
5175,45-54,Rishon LeZion,Italian,vegan,2025-09-26
5176,45-54,Ashdod,Indian,vegan,2023-02-19
5177,55+,Netanya,Indian,kosher,2023-09-05
5178,45-54,Ashdod,Sushi,vegan,2023-01-27
5179,25-34,Haifa,Indian,kosher,2025-09-02
5180,25-34,Kfar Saba,Vegan,low_carb,2023-01-09
5181,25-34,Ramat Gan,Pizza,none,2024-06-14
5182,55+,Jerusalem,Thai,none,2023-07-02
5183,25-34,Haifa,Mexican,halal,2025-02-09
5184,25-34,Herzliya,Seafood,vegetarian,2023-02-08
5185,18-24,Ashdod,Israeli,gluten_free,2025-07-13
5186,18-24,Holon,Mediterranean,none,2024-03-20
5187,25-34,Petah Tikva,Cafe,kosher,2023-11-21
5188,18-24,Beer Sheva,Steakhouse,low_carb,2024-03-09
5189,35-44,Rehovot,Indian,none,2024-10-01
5190,35-44,Netanya,Vegan,halal,2024-03-31
5191,18-24,Haifa,Cafe,halal,2023-09-02
5192,45-54,Eilat,Burger,none,2024-12-10
5193,35-44,Rehovot,Asian,none,2023-03-30
5194,25-34,Ashdod,Japanese,low_carb,2023-02-23
5195,25-34,Tel Aviv,Cafe,halal,2024-12-16
5196,45-54,Netanya,Sushi,halal,2023-07-03
5197,25-34,Holon,Italian,vegetarian,2023-11-26
5198,45-54,Beer Sheva,Thai,kosher,2025-05-23
5199,25-34,Tel Aviv,Sushi,kosher,2025-09-02
5200,55+,Herzliya,Italian,kosher,2024-01-11
5201,25-34,Haifa,Greek,vegetarian,2023-04-05
5202,45-54,Rehovot,Asian,vegetarian,2024-03-28
5203,18-24,Givatayim,Thai,vegetarian,2023-05-14
5204,18-24,Herzliya,Cafe,halal,2023-04-21
5205,35-44,Ashdod,Vegan,none,2025-05-09
5206,35-44,Haifa,Steakhouse,vegetarian,2024-11-27
5207,18-24,Rehovot,Mediterranean,vegetarian,2024-09-29
5208,35-44,Rishon LeZion,Burger,low_carb,2024-11-08
5209,35-44,Haifa,Indian,gluten_free,2023-12-17
5210,35-44,Holon,Cafe,kosher,2025-03-11
5211,55+,Jerusalem,Greek,vegetarian,2023-08-05
5212,55+,Ashdod,Pizza,gluten_free,2025-08-28
5213,25-34,Beer Sheva,Steakhouse,none,2025-06-06
5214,45-54,Rehovot,Sushi,gluten_free,2025-07-12
5215,18-24,Petah Tikva,Mediterranean,halal,2025-04-30
5216,18-24,Kfar Saba,Asian,vegetarian,2023-08-23
5217,55+,Netanya,Mediterranean,halal,2023-09-24
5218,18-24,Beer Sheva,Cafe,none,2024-07-04
5219,45-54,Ramat Gan,Thai,vegan,2023-08-17
5220,45-54,Givatayim,Vegan,none,2024-01-06
5221,25-34,Rishon LeZion,Thai,halal,2023-06-03
5222,45-54,Ashdod,Asian,kosher,2023-06-26
5223,35-44,Rishon LeZion,Israeli,vegan,2024-03-21
5224,45-54,Petah Tikva,Israeli,kosher,2024-12-10
5225,45-54,Givatayim,Mediterranean,gluten_free,2024-05-10
5226,25-34,Tel Aviv,Italian,vegetarian,2025-04-15
5227,45-54,Givatayim,Vegan,vegan,2025-09-06
5228,45-54,Holon,Greek,kosher,2024-10-05
5229,35-44,Herzliya,Pizza,none,2023-11-19
5230,35-44,Haifa,Indian,vegetarian,2023-07-22
5231,35-44,Petah Tikva,Cafe,vegetarian,2024-08-30
5232,18-24,Rishon LeZion,Mediterranean,none,2023-10-26
5233,18-24,Rehovot,Seafood,halal,2024-09-17
5234,45-54,Haifa,Sushi,halal,2025-04-12
5235,35-44,Beer Sheva,Mexican,gluten_free,2024-02-29
5236,25-34,Givatayim,Seafood,halal,2024-05-18
5237,25-34,Netanya,Pizza,low_carb,2025-03-16
5238,35-44,Holon,Mediterranean,vegetarian,2023-03-14
5239,55+,Kfar Saba,Israeli,vegan,2025-06-02
5240,35-44,Rehovot,Thai,halal,2024-04-17
5241,35-44,Kfar Saba,Steakhouse,none,2023-11-18
5242,18-24,Kfar Saba,Israeli,low_carb,2023-08-20
5243,25-34,Holon,Italian,vegan,2023-02-19
5244,25-34,Rishon LeZion,Vegan,vegan,2025-02-22
5245,35-44,Eilat,Sushi,low_carb,2024-05-03
5246,35-44,Herzliya,Asian,gluten_free,2024-03-03
5247,18-24,Haifa,Mediterranean,kosher,2023-11-04
5248,55+,Netanya,Asian,vegetarian,2024-12-12
5249,35-44,Rishon LeZion,Japanese,vegetarian,2025-08-05
5250,45-54,Ashdod,Japanese,none,2023-04-05
5251,35-44,Jerusalem,Seafood,kosher,2025-01-04
5252,35-44,Ramat Gan,Burger,vegan,2024-09-18
5253,55+,Tel Aviv,Thai,gluten_free,2024-08-21
5254,55+,Beer Sheva,Sushi,halal,2024-02-29
5255,45-54,Eilat,Cafe,vegan,2023-09-05
5256,45-54,Rishon LeZion,Mexican,vegan,2023-06-28
5257,55+,Petah Tikva,Italian,none,2023-09-09
5258,55+,Givatayim,Israeli,gluten_free,2023-09-01
5259,35-44,Beer Sheva,Sushi,gluten_free,2023-03-26
5260,55+,Jerusalem,Pizza,gluten_free,2024-09-16
5261,25-34,Holon,Cafe,none,2025-02-20
5262,35-44,Haifa,Asian,vegetarian,2025-06-24
5263,55+,Ashdod,Indian,halal,2023-07-04
5264,35-44,Givatayim,Thai,vegan,2023-07-15
5265,18-24,Ashdod,Seafood,halal,2023-09-27
5266,55+,Herzliya,Indian,none,2025-07-03
5267,35-44,Ashdod,Asian,vegetarian,2024-05-18
5268,35-44,Netanya,Mexican,halal,2024-05-17
5269,25-34,Ashdod,Thai,low_carb,2024-05-12
5270,25-34,Eilat,Steakhouse,low_carb,2025-04-14
5271,55+,Rishon LeZion,Japanese,gluten_free,2024-08-25
5272,18-24,Haifa,Asian,halal,2025-05-20
5273,45-54,Givatayim,Vegan,vegetarian,2025-08-05
5274,45-54,Ramat Gan,Japanese,vegetarian,2025-09-06
5275,45-54,Tel Aviv,Italian,kosher,2023-10-01
5276,35-44,Kfar Saba,Burger,kosher,2024-06-09
5277,25-34,Tel Aviv,Cafe,vegan,2024-08-17
5278,18-24,Holon,Greek,vegan,2025-02-12
5279,55+,Netanya,Japanese,vegetarian,2023-09-08
5280,18-24,Givatayim,Asian,vegetarian,2023-11-04
5281,35-44,Jerusalem,Vegan,vegan,2024-01-15
5282,18-24,Givatayim,Greek,vegan,2025-03-16
5283,55+,Tel Aviv,Steakhouse,vegan,2025-05-29
5284,35-44,Rehovot,Mediterranean,vegan,2023-10-30
5285,55+,Petah Tikva,Italian,kosher,2024-02-01
5286,45-54,Beer Sheva,Steakhouse,none,2024-05-20
5287,55+,Haifa,Greek,vegan,2024-04-21
5288,25-34,Rehovot,Mexican,gluten_free,2025-05-31
5289,55+,Ashdod,Steakhouse,vegan,2025-08-15
5290,25-34,Ramat Gan,Mexican,vegan,2025-01-08
5291,25-34,Petah Tikva,Thai,halal,2023-11-06
5292,25-34,Tel Aviv,Seafood,gluten_free,2023-07-22
5293,55+,Rehovot,Steakhouse,vegan,2023-02-22
5294,45-54,Kfar Saba,Indian,none,2023-01-16
5295,35-44,Tel Aviv,Indian,none,2023-07-31
5296,25-34,Kfar Saba,Burger,none,2024-09-15
5297,55+,Haifa,Israeli,gluten_free,2023-06-03
5298,55+,Herzliya,Japanese,gluten_free,2023-09-29
5299,45-54,Jerusalem,Vegan,vegetarian,2024-07-16
5300,45-54,Petah Tikva,Asian,none,2023-05-07
5301,55+,Haifa,Israeli,vegetarian,2025-01-16
5302,25-34,Holon,Japanese,halal,2025-03-16
5303,18-24,Petah Tikva,Seafood,gluten_free,2023-07-22
5304,18-24,Rishon LeZion,Burger,none,2025-05-08
5305,35-44,Holon,Italian,kosher,2024-10-13
5306,45-54,Holon,Burger,gluten_free,2024-08-19
5307,45-54,Rishon LeZion,Cafe,kosher,2024-12-11
5308,45-54,Kfar Saba,Mediterranean,gluten_free,2024-05-18
5309,45-54,Rehovot,Cafe,low_carb,2024-09-08
5310,18-24,Holon,Pizza,halal,2023-10-04
5311,55+,Beer Sheva,Cafe,none,2024-07-09
5312,25-34,Tel Aviv,Mediterranean,vegan,2023-04-05
5313,18-24,Rishon LeZion,Pizza,low_carb,2024-08-12
5314,25-34,Netanya,Japanese,halal,2023-10-31
5315,45-54,Herzliya,Seafood,halal,2024-11-10
5316,45-54,Petah Tikva,Thai,halal,2024-10-12
5317,55+,Holon,Japanese,halal,2023-08-02
5318,35-44,Eilat,Vegan,gluten_free,2023-09-10
5319,45-54,Beer Sheva,Seafood,none,2023-02-18
5320,35-44,Kfar Saba,Thai,halal,2024-03-28
5321,35-44,Jerusalem,Mexican,none,2025-03-09
5322,55+,Givatayim,Burger,halal,2023-05-08
5323,55+,Eilat,Indian,vegan,2023-08-31
5324,55+,Haifa,Israeli,low_carb,2023-06-16
5325,25-34,Rehovot,Asian,none,2024-02-21
5326,18-24,Haifa,Seafood,halal,2024-05-04
5327,55+,Eilat,Steakhouse,kosher,2024-05-29
5328,35-44,Holon,Israeli,vegan,2025-05-13
5329,55+,Holon,Cafe,none,2023-05-18
5330,35-44,Holon,Seafood,kosher,2024-07-14
5331,25-34,Rehovot,Indian,vegan,2025-06-20
5332,55+,Petah Tikva,Mexican,halal,2023-10-20
5333,18-24,Rehovot,Indian,low_carb,2025-02-11
5334,45-54,Beer Sheva,Mexican,vegetarian,2025-04-10
5335,18-24,Eilat,Thai,vegetarian,2023-12-25
5336,55+,Eilat,Asian,kosher,2025-02-06
5337,55+,Eilat,Mediterranean,kosher,2024-04-16
5338,45-54,Rishon LeZion,Indian,vegan,2023-11-22
5339,25-34,Jerusalem,Sushi,vegan,2024-08-28
5340,25-34,Haifa,Greek,halal,2025-05-30
5341,55+,Jerusalem,Italian,none,2025-07-01
5342,35-44,Ashdod,Greek,vegetarian,2024-07-19
5343,55+,Jerusalem,Japanese,vegan,2024-12-22
5344,45-54,Holon,Mexican,halal,2025-05-13
5345,45-54,Tel Aviv,Steakhouse,none,2024-04-01
5346,25-34,Kfar Saba,Israeli,kosher,2024-12-31
5347,35-44,Kfar Saba,Vegan,kosher,2024-06-27
5348,35-44,Ashdod,Pizza,gluten_free,2025-03-13
5349,55+,Beer Sheva,Burger,halal,2025-01-17
5350,55+,Holon,Burger,low_carb,2024-07-14
5351,55+,Givatayim,Steakhouse,low_carb,2023-08-20
5352,55+,Beer Sheva,Pizza,halal,2025-04-20
5353,45-54,Holon,Seafood,halal,2024-04-10
5354,18-24,Herzliya,Seafood,none,2024-09-06
5355,55+,Haifa,Asian,none,2023-04-29
5356,55+,Netanya,Sushi,kosher,2024-06-15
5357,55+,Givatayim,Mediterranean,halal,2024-04-09
5358,25-34,Tel Aviv,Greek,halal,2023-11-19
5359,35-44,Ashdod,Cafe,halal,2023-04-09
5360,18-24,Netanya,Italian,none,2023-02-16
5361,18-24,Herzliya,Japanese,vegan,2024-08-05
5362,18-24,Netanya,Japanese,halal,2024-11-08
5363,55+,Ashdod,Greek,gluten_free,2024-01-07
5364,55+,Petah Tikva,Asian,vegan,2025-09-07
5365,55+,Tel Aviv,Italian,halal,2025-07-16
5366,45-54,Rehovot,Burger,vegetarian,2025-07-31
5367,25-34,Netanya,Burger,vegan,2024-12-28
5368,18-24,Herzliya,Burger,vegetarian,2023-03-14
5369,55+,Eilat,Thai,low_carb,2024-10-14
5370,18-24,Haifa,Thai,vegetarian,2024-02-13
5371,25-34,Holon,Japanese,kosher,2025-09-15
5372,18-24,Rehovot,Vegan,kosher,2025-07-30
5373,25-34,Herzliya,Japanese,vegan,2025-08-31
5374,35-44,Ramat Gan,Pizza,gluten_free,2024-08-06
5375,45-54,Rehovot,Pizza,none,2025-04-01
5376,35-44,Beer Sheva,Cafe,vegan,2023-04-15
5377,45-54,Tel Aviv,Sushi,kosher,2024-06-09
5378,25-34,Eilat,Steakhouse,none,2024-09-02
5379,55+,Ramat Gan,Cafe,vegetarian,2024-03-27
5380,55+,Petah Tikva,Burger,low_carb,2024-04-03
5381,35-44,Ramat Gan,Steakhouse,kosher,2025-03-25
5382,18-24,Ramat Gan,Cafe,vegan,2024-08-27
5383,25-34,Rishon LeZion,Greek,gluten_free,2025-02-12
5384,55+,Ramat Gan,Indian,kosher,2023-02-08
5385,18-24,Holon,Mexican,vegetarian,2024-02-18
5386,55+,Tel Aviv,Cafe,none,2024-06-30
5387,25-34,Ramat Gan,Burger,vegetarian,2023-10-21
5388,25-34,Rehovot,Steakhouse,low_carb,2024-03-04
5389,25-34,Jerusalem,Asian,gluten_free,2024-02-28
5390,45-54,Givatayim,Seafood,kosher,2023-06-26
5391,18-24,Petah Tikva,Burger,gluten_free,2025-02-18
5392,45-54,Herzliya,Japanese,vegetarian,2024-10-02
5393,18-24,Petah Tikva,Vegan,none,2023-03-30
5394,35-44,Rishon LeZion,Vegan,kosher,2025-02-17
5395,25-34,Jerusalem,Vegan,low_carb,2025-08-19
5396,55+,Holon,Asian,gluten_free,2025-02-19
5397,25-34,Ramat Gan,Steakhouse,vegan,2024-12-07
5398,45-54,Ramat Gan,Thai,none,2024-12-22
5399,55+,Givatayim,Asian,vegetarian,2025-07-21
5400,25-34,Petah Tikva,Thai,vegetarian,2024-10-13
5401,55+,Tel Aviv,Sushi,none,2023-12-22
5402,35-44,Eilat,Israeli,low_carb,2025-01-28
5403,45-54,Beer Sheva,Greek,low_carb,2023-04-23
5404,35-44,Holon,Sushi,halal,2023-07-02
5405,35-44,Holon,Indian,kosher,2025-04-10
5406,45-54,Jerusalem,Steakhouse,kosher,2023-07-29
5407,45-54,Haifa,Greek,none,2023-05-18
5408,25-34,Netanya,Vegan,vegetarian,2025-02-28
5409,45-54,Rehovot,Greek,halal,2023-03-24
5410,55+,Ashdod,Seafood,gluten_free,2024-06-02
5411,35-44,Jerusalem,Japanese,vegetarian,2023-07-16
5412,45-54,Ashdod,Japanese,halal,2025-02-06
5413,18-24,Beer Sheva,Greek,halal,2025-04-26
5414,45-54,Ramat Gan,Steakhouse,none,2025-02-17
5415,18-24,Ramat Gan,Sushi,halal,2024-01-15
5416,35-44,Tel Aviv,Greek,halal,2023-07-07
5417,35-44,Ashdod,Greek,none,2023-05-23
5418,55+,Ramat Gan,Italian,vegan,2023-01-11
5419,18-24,Eilat,Italian,low_carb,2023-03-22
5420,45-54,Herzliya,Mediterranean,gluten_free,2023-10-26
5421,35-44,Ramat Gan,Greek,none,2024-11-08
5422,25-34,Rishon LeZion,Italian,halal,2024-10-10
5423,35-44,Givatayim,Vegan,low_carb,2025-04-12
5424,45-54,Tel Aviv,Asian,vegetarian,2025-05-29
5425,35-44,Eilat,Vegan,none,2024-12-29
5426,18-24,Petah Tikva,Sushi,kosher,2024-11-18
5427,45-54,Haifa,Cafe,none,2025-04-27
5428,45-54,Herzliya,Sushi,vegetarian,2023-03-31
5429,35-44,Netanya,Italian,vegan,2025-06-08
5430,25-34,Givatayim,Greek,vegetarian,2025-07-19
5431,55+,Petah Tikva,Cafe,kosher,2023-12-28
5432,18-24,Givatayim,Sushi,vegan,2023-08-26
5433,45-54,Ashdod,Japanese,kosher,2023-06-12
5434,35-44,Beer Sheva,Italian,gluten_free,2024-04-18
5435,45-54,Haifa,Japanese,halal,2024-05-14
5436,55+,Givatayim,Burger,low_carb,2023-07-01
5437,55+,Ashdod,Israeli,halal,2025-08-18
5438,45-54,Givatayim,Italian,none,2024-05-22
5439,55+,Ramat Gan,Mexican,halal,2025-09-21
5440,45-54,Rishon LeZion,Thai,low_carb,2024-01-10
5441,45-54,Jerusalem,Japanese,vegan,2023-08-21
5442,55+,Ashdod,Mediterranean,vegan,2024-11-03
5443,25-34,Rehovot,Burger,gluten_free,2024-01-22
5444,18-24,Netanya,Mexican,gluten_free,2025-08-06
5445,18-24,Netanya,Italian,none,2025-05-06
5446,35-44,Givatayim,Israeli,kosher,2025-07-05
5447,18-24,Petah Tikva,Vegan,gluten_free,2023-01-12
5448,25-34,Ramat Gan,Vegan,halal,2025-03-04
5449,18-24,Petah Tikva,Japanese,kosher,2025-02-03
5450,18-24,Jerusalem,Mediterranean,vegetarian,2023-10-01
5451,55+,Tel Aviv,Sushi,halal,2024-12-21
5452,18-24,Beer Sheva,Mediterranean,kosher,2024-08-14
5453,45-54,Tel Aviv,Pizza,vegan,2025-07-30
5454,35-44,Rishon LeZion,Mexican,vegetarian,2023-12-02
5455,25-34,Beer Sheva,Seafood,vegetarian,2025-02-21
5456,25-34,Rishon LeZion,Burger,gluten_free,2023-04-28
5457,55+,Rehovot,Steakhouse,gluten_free,2025-04-28
5458,45-54,Givatayim,Vegan,none,2023-08-01
5459,25-34,Ramat Gan,Seafood,kosher,2024-03-17
5460,35-44,Netanya,Israeli,none,2023-01-24
5461,25-34,Ramat Gan,Seafood,halal,2023-11-14
5462,55+,Rishon LeZion,Thai,vegetarian,2023-09-23
5463,45-54,Beer Sheva,Mexican,low_carb,2023-12-24
5464,18-24,Rehovot,Thai,kosher,2024-01-12
5465,18-24,Haifa,Greek,vegetarian,2023-03-28
5466,18-24,Holon,Cafe,halal,2023-09-11
5467,35-44,Herzliya,Indian,vegan,2024-11-22
5468,45-54,Tel Aviv,Seafood,kosher,2023-10-21
5469,25-34,Eilat,Sushi,vegetarian,2024-12-02
5470,18-24,Holon,Vegan,none,2025-05-26
5471,45-54,Eilat,Cafe,kosher,2024-11-24
5472,45-54,Rehovot,Indian,none,2024-01-11
5473,18-24,Jerusalem,Sushi,low_carb,2023-09-16
5474,18-24,Tel Aviv,Japanese,kosher,2025-04-25
5475,35-44,Ashdod,Asian,vegetarian,2024-10-07
5476,25-34,Ramat Gan,Seafood,kosher,2023-03-24
5477,45-54,Rehovot,Indian,gluten_free,2024-01-17
5478,35-44,Haifa,Steakhouse,low_carb,2025-03-19
5479,25-34,Ashdod,Thai,vegetarian,2024-01-19
5480,35-44,Beer Sheva,Burger,vegetarian,2024-06-02
5481,35-44,Beer Sheva,Mexican,gluten_free,2024-03-07
5482,25-34,Beer Sheva,Asian,halal,2025-02-15
5483,55+,Holon,Burger,none,2023-07-02
5484,55+,Ramat Gan,Greek,kosher,2023-08-24
5485,25-34,Ramat Gan,Italian,vegetarian,2023-08-09
5486,35-44,Beer Sheva,Burger,kosher,2024-04-29
5487,45-54,Givatayim,Israeli,gluten_free,2024-04-07
5488,18-24,Herzliya,Asian,kosher,2023-11-04
5489,55+,Herzliya,Burger,none,2025-07-10
5490,18-24,Ashdod,Sushi,kosher,2025-07-31
5491,25-34,Rishon LeZion,Mexican,gluten_free,2024-01-17
5492,35-44,Tel Aviv,Greek,vegetarian,2024-08-06
5493,25-34,Herzliya,Seafood,vegetarian,2023-04-10
5494,35-44,Beer Sheva,Vegan,vegetarian,2023-02-19
5495,55+,Eilat,Mexican,none,2023-12-06
5496,35-44,Rishon LeZion,Thai,vegetarian,2024-06-26
5497,25-34,Ramat Gan,Cafe,halal,2024-04-26
5498,35-44,Netanya,Mexican,kosher,2023-12-02
5499,18-24,Ramat Gan,Italian,low_carb,2024-12-08
5500,25-34,Kfar Saba,Vegan,none,2024-07-03
5501,18-24,Ashdod,Sushi,none,2025-02-12
5502,35-44,Givatayim,Indian,kosher,2025-03-08
5503,25-34,Ramat Gan,Thai,gluten_free,2023-05-16
5504,18-24,Givatayim,Japanese,vegan,2023-08-03
5505,55+,Beer Sheva,Seafood,vegan,2025-02-20
5506,35-44,Ashdod,Japanese,kosher,2024-04-29
5507,55+,Givatayim,Thai,halal,2024-11-08
5508,25-34,Rehovot,Sushi,gluten_free,2024-08-23
5509,45-54,Netanya,Pizza,vegan,2025-08-22
5510,18-24,Rishon LeZion,Steakhouse,low_carb,2023-08-14
5511,45-54,Ramat Gan,Vegan,low_carb,2024-01-26
5512,45-54,Kfar Saba,Steakhouse,halal,2023-01-08
5513,35-44,Netanya,Mediterranean,none,2024-07-15
5514,25-34,Tel Aviv,Mexican,kosher,2025-02-04
5515,35-44,Kfar Saba,Mediterranean,vegan,2025-05-16
5516,18-24,Jerusalem,Indian,halal,2023-08-17
5517,45-54,Jerusalem,Vegan,halal,2023-11-12
5518,35-44,Tel Aviv,Mediterranean,vegan,2023-07-28
5519,25-34,Beer Sheva,Steakhouse,kosher,2024-11-30
5520,25-34,Ramat Gan,Seafood,halal,2023-12-07
5521,18-24,Rishon LeZion,Japanese,gluten_free,2025-08-09
5522,45-54,Rehovot,Steakhouse,halal,2024-07-10
5523,45-54,Rehovot,Thai,vegetarian,2024-07-13
5524,45-54,Ashdod,Steakhouse,kosher,2023-12-13
5525,55+,Rishon LeZion,Asian,vegan,2024-12-08
5526,25-34,Haifa,Seafood,low_carb,2025-08-03
5527,35-44,Beer Sheva,Sushi,gluten_free,2023-09-06
5528,25-34,Givatayim,Italian,low_carb,2025-03-18
5529,45-54,Rehovot,Asian,gluten_free,2024-01-14
5530,45-54,Herzliya,Seafood,vegetarian,2023-07-17
5531,55+,Holon,Vegan,kosher,2025-04-11
5532,35-44,Rehovot,Cafe,vegan,2025-08-29
5533,35-44,Beer Sheva,Cafe,kosher,2023-09-17
5534,25-34,Kfar Saba,Italian,gluten_free,2024-05-21
5535,25-34,Jerusalem,Mexican,kosher,2023-08-23
5536,35-44,Haifa,Mediterranean,vegan,2025-07-24
5537,35-44,Holon,Steakhouse,vegetarian,2024-06-27
5538,18-24,Jerusalem,Burger,gluten_free,2025-01-22
5539,25-34,Haifa,Burger,halal,2024-06-06
5540,45-54,Jerusalem,Indian,vegetarian,2023-03-19
5541,55+,Netanya,Japanese,vegan,2024-09-15
5542,45-54,Rehovot,Cafe,low_carb,2024-03-07
5543,25-34,Petah Tikva,Italian,halal,2024-08-23
5544,18-24,Rishon LeZion,Thai,gluten_free,2023-02-23
5545,35-44,Givatayim,Cafe,kosher,2024-02-15
5546,35-44,Tel Aviv,Indian,low_carb,2023-09-05
5547,35-44,Petah Tikva,Seafood,vegetarian,2024-01-30
5548,45-54,Haifa,Sushi,vegan,2023-12-16
5549,35-44,Petah Tikva,Burger,kosher,2024-03-12
5550,18-24,Beer Sheva,Mediterranean,kosher,2024-08-10
5551,35-44,Ramat Gan,Sushi,halal,2024-09-20
5552,35-44,Rehovot,Thai,vegan,2023-04-20
5553,25-34,Netanya,Greek,vegetarian,2025-09-24
5554,25-34,Jerusalem,Steakhouse,gluten_free,2023-12-12
5555,25-34,Rishon LeZion,Mediterranean,gluten_free,2024-11-14
5556,18-24,Tel Aviv,Mexican,gluten_free,2025-05-12
5557,35-44,Holon,Greek,none,2025-04-08
5558,55+,Rishon LeZion,Seafood,vegan,2023-10-31
5559,45-54,Ramat Gan,Mexican,low_carb,2023-06-13
5560,18-24,Kfar Saba,Greek,vegetarian,2025-07-13
5561,35-44,Ramat Gan,Vegan,gluten_free,2023-03-12
5562,55+,Beer Sheva,Indian,none,2023-08-20
5563,18-24,Jerusalem,Mediterranean,gluten_free,2023-12-02
5564,18-24,Netanya,Seafood,vegan,2023-09-13
5565,25-34,Givatayim,Indian,none,2024-04-22
5566,35-44,Ramat Gan,Vegan,kosher,2025-08-04
5567,45-54,Rishon LeZion,Cafe,kosher,2024-07-10
5568,25-34,Petah Tikva,Seafood,halal,2023-07-14
5569,45-54,Herzliya,Pizza,none,2023-10-07
5570,55+,Jerusalem,Indian,vegetarian,2023-12-25
5571,35-44,Jerusalem,Indian,gluten_free,2024-04-26
5572,25-34,Herzliya,Israeli,halal,2023-12-21
5573,45-54,Tel Aviv,Vegan,none,2023-11-02
5574,45-54,Haifa,Italian,low_carb,2024-04-17
5575,25-34,Netanya,Vegan,vegetarian,2024-11-10
5576,25-34,Haifa,Seafood,kosher,2024-09-30
5577,35-44,Herzliya,Mexican,vegetarian,2023-12-08
5578,55+,Eilat,Mexican,gluten_free,2024-04-01
5579,45-54,Herzliya,Indian,vegan,2025-04-24
5580,18-24,Netanya,Sushi,halal,2023-03-10
5581,35-44,Kfar Saba,Israeli,vegetarian,2023-08-06
5582,35-44,Kfar Saba,Thai,halal,2023-12-20
5583,25-34,Tel Aviv,Seafood,gluten_free,2024-11-14
5584,55+,Holon,Mexican,none,2024-12-14
5585,55+,Netanya,Steakhouse,vegan,2023-07-10
5586,25-34,Holon,Sushi,vegan,2025-04-17
5587,35-44,Netanya,Asian,vegan,2023-12-01
5588,25-34,Haifa,Mexican,halal,2024-11-07
5589,25-34,Tel Aviv,Cafe,gluten_free,2023-12-05
5590,25-34,Haifa,Greek,none,2025-07-27
5591,45-54,Eilat,Seafood,vegetarian,2025-08-24
5592,55+,Kfar Saba,Sushi,kosher,2025-05-01
5593,25-34,Eilat,Sushi,halal,2024-03-04
5594,35-44,Givatayim,Pizza,low_carb,2024-01-13
5595,55+,Givatayim,Pizza,gluten_free,2025-07-23
5596,55+,Jerusalem,Burger,vegetarian,2025-03-21
5597,55+,Petah Tikva,Cafe,low_carb,2025-06-02
5598,35-44,Petah Tikva,Pizza,halal,2023-09-30
5599,35-44,Holon,Vegan,halal,2023-01-06
5600,45-54,Jerusalem,Pizza,low_carb,2024-11-16
5601,35-44,Tel Aviv,Steakhouse,low_carb,2024-02-19
5602,55+,Haifa,Mexican,vegan,2023-08-13
5603,55+,Jerusalem,Seafood,kosher,2023-11-13
5604,18-24,Herzliya,Thai,halal,2024-07-08
5605,18-24,Givatayim,Mexican,vegan,2023-11-27
5606,35-44,Haifa,Mediterranean,kosher,2023-07-29
5607,55+,Ashdod,Steakhouse,halal,2024-04-12
5608,55+,Rishon LeZion,Cafe,low_carb,2024-08-10
5609,45-54,Eilat,Sushi,none,2025-06-21
5610,25-34,Tel Aviv,Steakhouse,gluten_free,2024-01-08
5611,35-44,Kfar Saba,Seafood,none,2024-11-20
5612,18-24,Herzliya,Seafood,vegetarian,2024-12-11
5613,45-54,Eilat,Sushi,none,2024-05-19
5614,55+,Netanya,Indian,gluten_free,2023-12-04
5615,35-44,Eilat,Greek,none,2024-07-17
5616,18-24,Kfar Saba,Burger,none,2023-08-03
5617,45-54,Herzliya,Burger,vegan,2024-03-15
5618,45-54,Jerusalem,Steakhouse,vegetarian,2023-12-27
5619,55+,Rehovot,Mexican,none,2025-01-23
5620,35-44,Netanya,Greek,low_carb,2025-05-14
5621,35-44,Petah Tikva,Thai,vegetarian,2023-10-04
5622,35-44,Rishon LeZion,Greek,halal,2023-04-13
5623,18-24,Netanya,Mediterranean,vegetarian,2023-10-06
5624,55+,Ashdod,Mediterranean,vegan,2024-05-12
5625,18-24,Herzliya,Vegan,halal,2024-11-15
5626,45-54,Haifa,Israeli,halal,2024-08-23
5627,35-44,Holon,Steakhouse,kosher,2023-01-22
5628,35-44,Eilat,Greek,vegan,2024-07-23
5629,55+,Givatayim,Thai,vegan,2023-07-14
5630,35-44,Petah Tikva,Seafood,vegan,2024-09-12
5631,55+,Jerusalem,Mexican,kosher,2024-09-19
5632,35-44,Petah Tikva,Steakhouse,kosher,2024-03-27
5633,35-44,Herzliya,Indian,vegan,2023-08-06
5634,25-34,Ramat Gan,Indian,gluten_free,2023-02-15
5635,55+,Jerusalem,Indian,kosher,2023-10-09
5636,25-34,Haifa,Mexican,kosher,2024-03-24
5637,45-54,Ramat Gan,Greek,low_carb,2025-03-15
5638,45-54,Givatayim,Mediterranean,none,2024-05-11
5639,55+,Haifa,Mediterranean,kosher,2024-10-30
5640,55+,Holon,Steakhouse,vegetarian,2023-09-27
5641,45-54,Rehovot,Burger,none,2023-01-07
5642,25-34,Beer Sheva,Cafe,low_carb,2023-01-10
5643,18-24,Ramat Gan,Pizza,vegan,2025-02-19
5644,18-24,Ramat Gan,Cafe,gluten_free,2023-01-02
5645,35-44,Kfar Saba,Sushi,none,2024-08-03
5646,55+,Rehovot,Mediterranean,halal,2024-08-04
5647,55+,Kfar Saba,Seafood,none,2023-07-05
5648,25-34,Tel Aviv,Mediterranean,halal,2023-10-19
5649,25-34,Eilat,Mediterranean,none,2024-10-24
5650,35-44,Netanya,Italian,none,2023-02-16
5651,55+,Beer Sheva,Steakhouse,halal,2024-12-26
5652,55+,Kfar Saba,Italian,vegetarian,2024-11-21
5653,25-34,Rishon LeZion,Japanese,gluten_free,2024-03-05
5654,35-44,Beer Sheva,Cafe,low_carb,2025-09-24
5655,18-24,Jerusalem,Greek,gluten_free,2023-01-03
5656,35-44,Jerusalem,Indian,low_carb,2024-03-31
5657,35-44,Holon,Mediterranean,gluten_free,2023-08-24
5658,55+,Haifa,Thai,none,2024-07-30
5659,35-44,Jerusalem,Greek,low_carb,2023-06-19
5660,18-24,Ashdod,Pizza,vegetarian,2023-10-01
5661,35-44,Ashdod,Italian,vegan,2025-06-09
5662,35-44,Petah Tikva,Cafe,vegan,2024-06-12
5663,25-34,Haifa,Burger,low_carb,2023-08-30
5664,25-34,Kfar Saba,Mediterranean,vegetarian,2023-03-17
5665,25-34,Rehovot,Japanese,low_carb,2025-09-20
5666,18-24,Rishon LeZion,Cafe,kosher,2023-06-22
5667,45-54,Netanya,Burger,none,2025-01-23
5668,18-24,Beer Sheva,Mediterranean,vegetarian,2023-03-25
5669,18-24,Eilat,Greek,none,2023-07-25
5670,55+,Holon,Indian,kosher,2023-01-07
5671,45-54,Rishon LeZion,Indian,vegan,2025-04-12
5672,35-44,Rehovot,Steakhouse,kosher,2024-01-11
5673,55+,Rishon LeZion,Vegan,halal,2025-01-08
5674,45-54,Tel Aviv,Mediterranean,low_carb,2023-05-18
5675,55+,Ramat Gan,Pizza,vegan,2023-01-28
5676,35-44,Jerusalem,Seafood,kosher,2024-01-03
5677,45-54,Rehovot,Italian,gluten_free,2023-02-16
5678,35-44,Givatayim,Steakhouse,vegetarian,2025-03-11
5679,35-44,Ashdod,Israeli,low_carb,2024-03-11
5680,18-24,Kfar Saba,Steakhouse,gluten_free,2023-10-19
5681,18-24,Rehovot,Mexican,vegetarian,2023-04-22
5682,35-44,Ramat Gan,Pizza,low_carb,2023-02-03
5683,55+,Givatayim,Thai,none,2023-12-23
5684,18-24,Rishon LeZion,Italian,gluten_free,2024-06-22
5685,35-44,Eilat,Japanese,none,2025-03-10
5686,18-24,Givatayim,Mediterranean,gluten_free,2024-05-28
5687,45-54,Kfar Saba,Seafood,none,2024-07-03
5688,25-34,Tel Aviv,Vegan,gluten_free,2024-10-27
5689,25-34,Herzliya,Mexican,halal,2025-07-31
5690,45-54,Holon,Burger,none,2025-02-11
5691,55+,Kfar Saba,Steakhouse,vegan,2025-02-27
5692,55+,Rishon LeZion,Burger,low_carb,2023-06-08
5693,45-54,Eilat,Asian,gluten_free,2023-01-19
5694,25-34,Eilat,Vegan,halal,2023-07-04
5695,18-24,Holon,Cafe,none,2023-03-13
5696,45-54,Eilat,Mediterranean,kosher,2023-07-19
5697,45-54,Tel Aviv,Indian,low_carb,2023-06-29
5698,55+,Eilat,Israeli,low_carb,2023-07-01
5699,25-34,Beer Sheva,Steakhouse,kosher,2024-01-13
5700,18-24,Haifa,Mediterranean,none,2024-03-03
5701,55+,Beer Sheva,Burger,none,2024-03-25
5702,35-44,Givatayim,Israeli,low_carb,2023-12-04
5703,35-44,Kfar Saba,Mexican,kosher,2024-02-26
5704,45-54,Kfar Saba,Thai,halal,2025-04-16
5705,25-34,Ashdod,Asian,vegetarian,2024-04-17
5706,45-54,Ashdod,Greek,halal,2023-07-29
5707,45-54,Rishon LeZion,Israeli,none,2024-07-08
5708,18-24,Rishon LeZion,Cafe,low_carb,2024-07-16
5709,35-44,Rehovot,Thai,halal,2024-05-25
5710,55+,Ramat Gan,Vegan,gluten_free,2025-02-16
5711,45-54,Ramat Gan,Cafe,kosher,2025-08-03
5712,18-24,Tel Aviv,Japanese,gluten_free,2024-01-29
5713,55+,Ramat Gan,Asian,low_carb,2024-01-18
5714,45-54,Netanya,Mexican,kosher,2025-06-05
5715,25-34,Netanya,Vegan,none,2024-02-28
5716,35-44,Beer Sheva,Pizza,vegan,2024-05-09
5717,55+,Holon,Mexican,kosher,2023-04-24
5718,25-34,Eilat,Cafe,gluten_free,2024-04-11
5719,55+,Rishon LeZion,Mediterranean,kosher,2023-02-09
5720,18-24,Ramat Gan,Mediterranean,gluten_free,2025-01-06
5721,25-34,Tel Aviv,Cafe,vegetarian,2023-02-08
5722,18-24,Tel Aviv,Asian,vegetarian,2025-05-25
5723,35-44,Eilat,Steakhouse,low_carb,2024-02-20
5724,25-34,Jerusalem,Pizza,vegetarian,2023-06-01
5725,35-44,Tel Aviv,Mexican,low_carb,2025-04-20
5726,45-54,Netanya,Japanese,halal,2024-07-13
5727,45-54,Eilat,Burger,halal,2023-05-15
5728,25-34,Rehovot,Sushi,none,2023-05-06
5729,55+,Haifa,Steakhouse,low_carb,2023-06-15
5730,35-44,Holon,Israeli,none,2024-02-20
5731,45-54,Beer Sheva,Indian,none,2025-02-03
5732,55+,Herzliya,Seafood,kosher,2023-03-08
5733,35-44,Eilat,Burger,kosher,2025-01-20
5734,18-24,Eilat,Burger,vegetarian,2023-02-07
5735,18-24,Netanya,Sushi,halal,2025-07-02
5736,35-44,Rishon LeZion,Thai,gluten_free,2024-02-16
5737,45-54,Rehovot,Indian,vegan,2024-09-08
5738,18-24,Herzliya,Seafood,gluten_free,2023-06-24
5739,18-24,Jerusalem,Asian,halal,2024-03-05
5740,35-44,Eilat,Cafe,low_carb,2023-03-26
5741,45-54,Netanya,Seafood,low_carb,2025-05-06
5742,55+,Jerusalem,Steakhouse,kosher,2023-05-04
5743,25-34,Haifa,Japanese,vegan,2024-10-29
5744,25-34,Haifa,Burger,vegan,2023-03-17
5745,18-24,Beer Sheva,Greek,gluten_free,2023-06-01
5746,35-44,Ashdod,Indian,vegetarian,2023-04-27
5747,35-44,Herzliya,Asian,kosher,2023-09-01
5748,45-54,Givatayim,Sushi,halal,2024-08-03
5749,25-34,Beer Sheva,Thai,vegan,2025-08-18
5750,35-44,Jerusalem,Seafood,vegetarian,2025-06-01
5751,18-24,Tel Aviv,Mediterranean,low_carb,2024-04-22
5752,25-34,Ramat Gan,Thai,none,2023-02-26
5753,55+,Rishon LeZion,Seafood,gluten_free,2025-05-26
5754,45-54,Petah Tikva,Thai,gluten_free,2023-08-20
5755,18-24,Ashdod,Vegan,kosher,2024-10-04
5756,18-24,Beer Sheva,Mediterranean,kosher,2023-02-04
5757,18-24,Jerusalem,Pizza,gluten_free,2023-07-12
5758,45-54,Holon,Seafood,none,2025-04-16
5759,35-44,Herzliya,Japanese,vegan,2024-10-09
5760,18-24,Ramat Gan,Japanese,low_carb,2025-04-17
5761,55+,Eilat,Mediterranean,kosher,2023-04-23
5762,18-24,Petah Tikva,Steakhouse,halal,2025-05-29
5763,18-24,Netanya,Asian,vegetarian,2024-12-25
5764,25-34,Eilat,Mediterranean,kosher,2024-05-06
5765,25-34,Givatayim,Italian,kosher,2024-07-01
5766,45-54,Ramat Gan,Thai,vegan,2023-12-26
5767,55+,Netanya,Mediterranean,vegetarian,2023-08-31
5768,45-54,Ashdod,Mediterranean,halal,2025-05-04
5769,35-44,Ashdod,Pizza,halal,2024-12-02
5770,45-54,Tel Aviv,Steakhouse,halal,2023-12-26
5771,18-24,Kfar Saba,Steakhouse,low_carb,2023-04-12
5772,45-54,Haifa,Japanese,halal,2023-07-30
5773,45-54,Rishon LeZion,Indian,low_carb,2024-12-06
5774,18-24,Beer Sheva,Mediterranean,none,2024-11-18
5775,45-54,Rishon LeZion,Greek,vegan,2025-04-05
5776,35-44,Rehovot,Asian,gluten_free,2024-10-08
5777,25-34,Givatayim,Steakhouse,vegan,2025-02-08
5778,25-34,Rishon LeZion,Seafood,gluten_free,2024-09-05
5779,25-34,Holon,Mediterranean,vegetarian,2023-08-28
5780,45-54,Jerusalem,Seafood,vegetarian,2024-12-14
5781,55+,Rishon LeZion,Pizza,low_carb,2025-05-25
5782,35-44,Tel Aviv,Japanese,kosher,2025-08-18
5783,45-54,Rehovot,Mediterranean,kosher,2023-05-25
5784,45-54,Beer Sheva,Indian,low_carb,2023-05-05
5785,18-24,Ramat Gan,Sushi,vegetarian,2025-06-24
5786,18-24,Kfar Saba,Thai,low_carb,2025-07-14
5787,45-54,Holon,Steakhouse,vegetarian,2025-01-30
5788,25-34,Ashdod,Mexican,vegan,2024-08-26
5789,45-54,Ashdod,Indian,vegetarian,2025-09-14
5790,35-44,Givatayim,Israeli,gluten_free,2024-06-29
5791,45-54,Rishon LeZion,Cafe,gluten_free,2024-06-28
5792,55+,Jerusalem,Asian,gluten_free,2023-04-14
5793,25-34,Netanya,Japanese,low_carb,2025-06-25
5794,55+,Rehovot,Mediterranean,gluten_free,2024-04-05
5795,55+,Ramat Gan,Vegan,low_carb,2025-02-13
5796,35-44,Eilat,Steakhouse,low_carb,2023-08-25
5797,35-44,Holon,Seafood,halal,2023-01-21
5798,35-44,Petah Tikva,Cafe,none,2025-08-16
5799,18-24,Tel Aviv,Greek,halal,2023-06-09
5800,18-24,Tel Aviv,Burger,low_carb,2023-11-05
5801,45-54,Ashdod,Steakhouse,low_carb,2024-11-28
5802,25-34,Eilat,Asian,vegetarian,2025-01-01
5803,35-44,Holon,Japanese,gluten_free,2023-09-26
5804,45-54,Herzliya,Asian,kosher,2023-06-15
5805,45-54,Kfar Saba,Sushi,none,2023-11-07
5806,35-44,Holon,Israeli,low_carb,2023-01-24
5807,35-44,Holon,Indian,gluten_free,2024-04-07
5808,35-44,Beer Sheva,Mexican,vegetarian,2023-06-14
5809,25-34,Tel Aviv,Seafood,vegan,2025-05-30
5810,55+,Tel Aviv,Steakhouse,vegetarian,2023-10-12
5811,18-24,Jerusalem,Mediterranean,halal,2024-03-17
5812,35-44,Ramat Gan,Greek,gluten_free,2025-08-01
5813,55+,Beer Sheva,Thai,vegan,2024-11-19
5814,25-34,Eilat,Israeli,vegetarian,2024-10-31
5815,18-24,Eilat,Mexican,gluten_free,2024-02-04
5816,18-24,Rishon LeZion,Seafood,none,2023-01-31
5817,35-44,Haifa,Pizza,kosher,2025-06-22
5818,45-54,Beer Sheva,Israeli,vegetarian,2023-03-29
5819,55+,Herzliya,Pizza,none,2023-06-26
5820,18-24,Petah Tikva,Seafood,vegetarian,2025-07-05
5821,18-24,Beer Sheva,Italian,halal,2025-03-20
5822,25-34,Jerusalem,Burger,gluten_free,2024-02-22
5823,25-34,Haifa,Mexican,gluten_free,2023-03-29
5824,45-54,Netanya,Vegan,vegan,2024-07-17
5825,45-54,Eilat,Asian,vegan,2023-11-28
5826,45-54,Rehovot,Asian,none,2024-12-19
5827,55+,Kfar Saba,Seafood,halal,2023-03-07
5828,45-54,Herzliya,Mediterranean,kosher,2024-10-21
5829,55+,Givatayim,Greek,none,2023-12-03
5830,35-44,Rehovot,Indian,low_carb,2023-09-04
5831,35-44,Haifa,Vegan,vegan,2024-09-09
5832,18-24,Kfar Saba,Pizza,vegetarian,2024-04-20
5833,45-54,Holon,Burger,none,2023-05-22
5834,35-44,Eilat,Japanese,gluten_free,2025-05-18
5835,18-24,Beer Sheva,Pizza,gluten_free,2024-10-24
5836,45-54,Petah Tikva,Thai,gluten_free,2023-02-03
5837,45-54,Ashdod,Italian,gluten_free,2024-03-04
5838,25-34,Holon,Greek,vegetarian,2025-02-02
5839,55+,Beer Sheva,Thai,gluten_free,2025-02-08
5840,25-34,Jerusalem,Greek,kosher,2023-12-13
5841,18-24,Haifa,Cafe,vegetarian,2023-10-21
5842,18-24,Rehovot,Seafood,vegetarian,2025-03-27
5843,35-44,Ramat Gan,Sushi,halal,2023-05-09
5844,25-34,Kfar Saba,Mexican,gluten_free,2025-04-15
5845,55+,Kfar Saba,Seafood,vegetarian,2023-07-06
5846,18-24,Ramat Gan,Asian,halal,2025-07-03
5847,35-44,Ashdod,Burger,none,2025-07-06
5848,25-34,Tel Aviv,Indian,none,2023-07-20
5849,45-54,Ramat Gan,Sushi,none,2024-06-03
5850,55+,Ashdod,Japanese,kosher,2024-05-21
5851,35-44,Holon,Israeli,vegetarian,2023-04-01
5852,35-44,Givatayim,Pizza,gluten_free,2024-06-10
5853,55+,Tel Aviv,Mexican,gluten_free,2025-08-06
5854,45-54,Tel Aviv,Japanese,low_carb,2023-08-07
5855,18-24,Herzliya,Japanese,low_carb,2024-11-11
5856,35-44,Beer Sheva,Asian,vegetarian,2025-03-11
5857,35-44,Ramat Gan,Japanese,vegetarian,2024-09-25
5858,55+,Holon,Mediterranean,none,2023-06-16
5859,35-44,Netanya,Burger,vegan,2025-04-27
5860,45-54,Eilat,Pizza,low_carb,2025-09-20
5861,45-54,Petah Tikva,Mexican,gluten_free,2023-04-20
5862,18-24,Holon,Cafe,vegetarian,2023-01-03
5863,45-54,Givatayim,Sushi,vegan,2025-07-13
5864,45-54,Jerusalem,Mediterranean,low_carb,2023-07-18
5865,18-24,Netanya,Greek,halal,2025-01-29
5866,25-34,Rishon LeZion,Vegan,low_carb,2023-03-15
5867,25-34,Eilat,Indian,vegan,2024-12-07
5868,55+,Holon,Asian,gluten_free,2023-02-05
5869,55+,Rishon LeZion,Mexican,halal,2024-07-28
5870,35-44,Petah Tikva,Pizza,vegetarian,2023-03-02
5871,18-24,Ramat Gan,Italian,kosher,2025-06-25
5872,25-34,Rishon LeZion,Italian,kosher,2023-08-30
5873,55+,Netanya,Italian,low_carb,2025-05-01
5874,25-34,Ramat Gan,Indian,vegan,2024-01-24
5875,25-34,Ashdod,Thai,vegetarian,2025-02-23
5876,45-54,Ramat Gan,Burger,vegetarian,2024-07-06
5877,25-34,Tel Aviv,Sushi,vegan,2023-07-04
5878,18-24,Jerusalem,Italian,none,2025-09-10
5879,45-54,Haifa,Cafe,kosher,2023-08-17
5880,18-24,Petah Tikva,Steakhouse,vegetarian,2024-02-04
5881,45-54,Jerusalem,Pizza,vegetarian,2023-05-04
5882,18-24,Holon,Thai,kosher,2023-12-06
5883,55+,Netanya,Burger,vegetarian,2023-02-03
5884,18-24,Kfar Saba,Steakhouse,vegetarian,2024-09-02
5885,18-24,Haifa,Thai,halal,2024-08-10
5886,35-44,Givatayim,Greek,kosher,2025-01-28
5887,18-24,Petah Tikva,Steakhouse,kosher,2024-04-06
5888,55+,Tel Aviv,Pizza,kosher,2024-08-06
5889,25-34,Jerusalem,Greek,vegetarian,2023-05-01
5890,55+,Holon,Sushi,none,2024-11-06
5891,18-24,Ashdod,Seafood,low_carb,2024-12-07
5892,45-54,Eilat,Vegan,gluten_free,2024-12-14
5893,18-24,Ashdod,Cafe,kosher,2024-01-02
5894,18-24,Eilat,Thai,halal,2024-04-04
5895,55+,Eilat,Israeli,none,2024-04-02
5896,35-44,Rehovot,Sushi,kosher,2025-08-11
5897,55+,Haifa,Thai,kosher,2023-04-21
5898,55+,Jerusalem,Indian,kosher,2025-02-28
5899,45-54,Kfar Saba,Cafe,gluten_free,2024-01-31
5900,45-54,Netanya,Burger,kosher,2023-03-22
5901,35-44,Kfar Saba,Mediterranean,vegetarian,2023-05-21
5902,45-54,Kfar Saba,Burger,kosher,2025-08-02
5903,45-54,Rehovot,Steakhouse,gluten_free,2024-01-08
5904,18-24,Netanya,Israeli,vegan,2024-02-02
5905,55+,Rishon LeZion,Italian,none,2024-08-29
5906,45-54,Haifa,Vegan,vegetarian,2024-06-29
5907,45-54,Petah Tikva,Pizza,none,2025-02-27
5908,45-54,Netanya,Mediterranean,vegetarian,2025-03-28
5909,45-54,Tel Aviv,Israeli,vegan,2024-06-15
5910,55+,Haifa,Thai,low_carb,2025-02-21
5911,18-24,Beer Sheva,Israeli,low_carb,2025-01-08
5912,45-54,Beer Sheva,Japanese,gluten_free,2023-05-08
5913,25-34,Rishon LeZion,Mediterranean,none,2023-01-16
5914,25-34,Beer Sheva,Burger,vegetarian,2023-09-12
5915,35-44,Rishon LeZion,Burger,kosher,2025-02-20
5916,55+,Rishon LeZion,Greek,vegetarian,2025-04-24
5917,55+,Rehovot,Steakhouse,halal,2023-10-08
5918,25-34,Petah Tikva,Japanese,halal,2024-12-27
5919,18-24,Tel Aviv,Thai,kosher,2023-07-20
5920,25-34,Ashdod,Vegan,halal,2023-06-08
5921,55+,Herzliya,Italian,vegetarian,2023-07-21
5922,55+,Netanya,Seafood,halal,2023-10-08
5923,35-44,Ramat Gan,Seafood,low_carb,2025-01-25
5924,18-24,Ramat Gan,Asian,vegan,2025-02-18
5925,25-34,Kfar Saba,Sushi,halal,2025-06-08
5926,55+,Givatayim,Japanese,gluten_free,2025-02-09
5927,35-44,Rehovot,Steakhouse,vegan,2024-10-29
5928,55+,Haifa,Sushi,low_carb,2024-10-01
5929,18-24,Haifa,Seafood,halal,2023-12-05
5930,18-24,Ashdod,Pizza,kosher,2025-08-27
5931,35-44,Beer Sheva,Seafood,halal,2023-11-28
5932,25-34,Ashdod,Greek,gluten_free,2024-12-01
5933,18-24,Givatayim,Cafe,low_carb,2023-03-03
5934,18-24,Rehovot,Vegan,gluten_free,2025-06-22
5935,45-54,Holon,Indian,kosher,2024-01-25
5936,35-44,Herzliya,Sushi,none,2024-11-27
5937,35-44,Tel Aviv,Israeli,vegan,2025-02-03
5938,45-54,Rishon LeZion,Sushi,kosher,2023-02-26
5939,35-44,Eilat,Steakhouse,gluten_free,2025-06-24
5940,18-24,Rehovot,Pizza,low_carb,2025-07-13
5941,45-54,Herzliya,Cafe,gluten_free,2024-03-17
5942,25-34,Ashdod,Seafood,low_carb,2023-01-16
5943,55+,Haifa,Mexican,halal,2023-07-29
5944,25-34,Holon,Asian,low_carb,2023-01-19
5945,18-24,Kfar Saba,Thai,halal,2025-08-03
5946,45-54,Ashdod,Thai,gluten_free,2023-10-28
5947,18-24,Haifa,Greek,low_carb,2023-09-14
5948,25-34,Holon,Cafe,vegan,2025-03-06
5949,45-54,Netanya,Burger,vegetarian,2024-11-24
5950,35-44,Tel Aviv,Asian,low_carb,2024-09-30
5951,45-54,Rehovot,Mexican,gluten_free,2023-03-11
5952,18-24,Netanya,Mexican,vegetarian,2024-12-12
5953,25-34,Kfar Saba,Pizza,gluten_free,2025-01-05
5954,35-44,Givatayim,Sushi,low_carb,2023-10-31
5955,55+,Herzliya,Pizza,low_carb,2025-02-04
5956,35-44,Jerusalem,Pizza,vegan,2024-05-31
5957,35-44,Kfar Saba,Burger,kosher,2024-08-22
5958,35-44,Ramat Gan,Israeli,low_carb,2024-09-15
5959,25-34,Tel Aviv,Greek,low_carb,2025-05-14
5960,45-54,Beer Sheva,Vegan,vegetarian,2024-09-24
5961,45-54,Netanya,Steakhouse,none,2024-04-25
5962,45-54,Rishon LeZion,Israeli,kosher,2023-09-24
5963,55+,Rishon LeZion,Greek,gluten_free,2023-03-28
5964,35-44,Jerusalem,Sushi,low_carb,2023-12-03
5965,55+,Rehovot,Japanese,vegetarian,2024-11-27
5966,55+,Jerusalem,Indian,halal,2023-10-28
5967,25-34,Rehovot,Thai,kosher,2024-01-29
5968,25-34,Jerusalem,Sushi,none,2024-11-14
5969,45-54,Netanya,Israeli,gluten_free,2024-03-24
5970,35-44,Beer Sheva,Seafood,halal,2024-04-02
5971,25-34,Tel Aviv,Asian,none,2024-07-30
5972,45-54,Kfar Saba,Indian,low_carb,2024-08-16
5973,25-34,Rishon LeZion,Steakhouse,kosher,2025-02-18
5974,25-34,Jerusalem,Italian,halal,2025-07-31
5975,18-24,Beer Sheva,Pizza,vegetarian,2024-10-12
5976,55+,Givatayim,Sushi,low_carb,2023-05-01
5977,18-24,Tel Aviv,Seafood,kosher,2025-03-20
5978,55+,Tel Aviv,Italian,halal,2023-01-21
5979,25-34,Netanya,Greek,vegan,2023-04-03
5980,55+,Herzliya,Cafe,vegan,2024-09-03
5981,55+,Ramat Gan,Seafood,low_carb,2025-07-18
5982,18-24,Kfar Saba,Vegan,vegan,2023-11-28
5983,45-54,Jerusalem,Mexican,kosher,2024-04-26
5984,45-54,Holon,Asian,vegan,2023-10-11
5985,18-24,Holon,Thai,gluten_free,2024-05-14
5986,45-54,Tel Aviv,Mediterranean,kosher,2025-09-15
5987,25-34,Rehovot,Seafood,gluten_free,2023-09-13
5988,45-54,Haifa,Cafe,halal,2023-06-30
5989,45-54,Beer Sheva,Israeli,vegan,2023-04-12
5990,25-34,Herzliya,Seafood,vegan,2025-03-26
5991,25-34,Ashdod,Pizza,vegan,2025-09-03
5992,25-34,Tel Aviv,Mediterranean,vegan,2023-09-14
5993,55+,Eilat,Israeli,low_carb,2025-05-09
5994,18-24,Ramat Gan,Greek,kosher,2024-10-18
5995,45-54,Netanya,Steakhouse,vegan,2023-04-15
5996,25-34,Netanya,Mediterranean,low_carb,2024-04-05
5997,55+,Givatayim,Japanese,vegan,2024-03-28
5998,55+,Kfar Saba,Israeli,halal,2025-05-17
5999,25-34,Givatayim,Israeli,halal,2025-07-19
6000,25-34,Netanya,Asian,none,2024-10-24
6001,25-34,Herzliya,Pizza,kosher,2024-08-11
6002,55+,Givatayim,Indian,gluten_free,2024-01-04
6003,18-24,Rehovot,Indian,gluten_free,2025-07-31
6004,45-54,Netanya,Mexican,kosher,2025-04-18
6005,18-24,Holon,Greek,vegetarian,2024-07-31
6006,45-54,Jerusalem,Vegan,none,2023-03-14
6007,45-54,Petah Tikva,Steakhouse,vegan,2023-03-08
6008,25-34,Holon,Sushi,none,2024-02-28
6009,45-54,Tel Aviv,Thai,vegan,2023-06-18
6010,55+,Netanya,Sushi,vegetarian,2024-07-08
6011,18-24,Jerusalem,Seafood,kosher,2024-02-02
6012,18-24,Haifa,Greek,halal,2025-08-16
6013,35-44,Rehovot,Asian,low_carb,2023-10-05
6014,45-54,Holon,Seafood,low_carb,2025-02-22
6015,35-44,Jerusalem,Israeli,vegetarian,2023-05-05
6016,45-54,Rishon LeZion,Burger,kosher,2024-02-05
6017,45-54,Rehovot,Burger,gluten_free,2023-08-21
6018,25-34,Holon,Vegan,none,2024-02-24
6019,35-44,Ramat Gan,Italian,low_carb,2024-05-02
6020,55+,Givatayim,Italian,vegetarian,2023-06-04
6021,55+,Ramat Gan,Mediterranean,kosher,2025-05-13
6022,35-44,Petah Tikva,Mexican,gluten_free,2023-01-12
6023,55+,Beer Sheva,Mexican,vegetarian,2023-03-23
6024,55+,Rehovot,Steakhouse,vegan,2024-07-29
6025,25-34,Kfar Saba,Asian,vegetarian,2023-01-23
6026,55+,Herzliya,Japanese,halal,2023-10-11
6027,18-24,Tel Aviv,Pizza,vegan,2023-02-02
6028,55+,Petah Tikva,Seafood,none,2024-07-29
6029,18-24,Herzliya,Cafe,vegetarian,2024-11-04
6030,55+,Kfar Saba,Thai,vegan,2023-03-23
6031,35-44,Beer Sheva,Italian,kosher,2023-05-19
6032,18-24,Ashdod,Italian,vegan,2023-11-04
6033,25-34,Holon,Italian,kosher,2023-07-26
6034,55+,Herzliya,Seafood,vegan,2024-02-18
6035,45-54,Haifa,Mexican,vegetarian,2023-07-04
6036,18-24,Herzliya,Mexican,halal,2024-11-20
6037,45-54,Jerusalem,Mexican,halal,2024-05-06
6038,25-34,Givatayim,Pizza,gluten_free,2023-12-24
6039,18-24,Netanya,Steakhouse,gluten_free,2023-11-12
6040,18-24,Netanya,Seafood,vegetarian,2023-01-12
6041,45-54,Givatayim,Indian,none,2025-02-15
6042,25-34,Givatayim,Greek,kosher,2024-03-04
6043,45-54,Rehovot,Cafe,low_carb,2025-08-22
6044,18-24,Herzliya,Sushi,none,2023-06-26
6045,35-44,Ashdod,Mediterranean,vegetarian,2025-03-22
6046,18-24,Givatayim,Asian,gluten_free,2024-10-04
6047,18-24,Haifa,Indian,vegan,2023-10-15
6048,25-34,Eilat,Greek,kosher,2025-06-06
6049,25-34,Jerusalem,Italian,vegan,2023-01-12
6050,55+,Petah Tikva,Asian,gluten_free,2023-08-13
6051,55+,Givatayim,Israeli,none,2023-12-25
6052,55+,Givatayim,Burger,low_carb,2025-05-13
6053,18-24,Tel Aviv,Asian,low_carb,2023-12-23
6054,25-34,Rehovot,Japanese,vegan,2025-07-29
6055,55+,Rishon LeZion,Burger,vegan,2024-04-23
6056,45-54,Tel Aviv,Indian,kosher,2023-11-21
6057,18-24,Holon,Cafe,vegan,2025-01-20
6058,18-24,Ramat Gan,Israeli,vegetarian,2024-05-23
6059,55+,Givatayim,Asian,low_carb,2024-03-29
6060,45-54,Netanya,Greek,kosher,2024-04-15
6061,35-44,Netanya,Indian,halal,2024-10-14
6062,25-34,Jerusalem,Vegan,vegan,2024-12-03
6063,45-54,Haifa,Italian,halal,2024-12-20
6064,25-34,Holon,Greek,vegan,2023-07-14
6065,25-34,Ashdod,Mediterranean,low_carb,2023-06-02
6066,25-34,Holon,Steakhouse,halal,2023-12-22
6067,25-34,Petah Tikva,Thai,none,2023-11-07
6068,35-44,Givatayim,Thai,vegan,2025-02-14
6069,35-44,Tel Aviv,Mexican,kosher,2023-10-02
6070,45-54,Herzliya,Japanese,vegetarian,2024-12-03
6071,25-34,Eilat,Italian,halal,2023-11-28
6072,55+,Eilat,Burger,none,2024-04-17
6073,35-44,Rishon LeZion,Sushi,halal,2024-03-20
6074,55+,Eilat,Indian,kosher,2023-06-06
6075,45-54,Beer Sheva,Japanese,vegetarian,2023-06-20
6076,18-24,Givatayim,Indian,halal,2024-01-21
6077,18-24,Rishon LeZion,Japanese,gluten_free,2024-03-01
6078,45-54,Ashdod,Italian,vegan,2025-08-26
6079,18-24,Ashdod,Pizza,none,2023-04-13
6080,45-54,Herzliya,Mexican,vegetarian,2023-07-24
6081,35-44,Haifa,Seafood,halal,2024-02-27
6082,25-34,Holon,Mediterranean,low_carb,2024-12-14
6083,35-44,Jerusalem,Greek,kosher,2023-02-11
6084,18-24,Jerusalem,Italian,none,2023-10-06
6085,18-24,Herzliya,Steakhouse,none,2024-04-14
6086,45-54,Petah Tikva,Indian,halal,2025-01-31
6087,45-54,Jerusalem,Israeli,gluten_free,2024-12-27
6088,55+,Givatayim,Israeli,halal,2025-02-22
6089,18-24,Holon,Mediterranean,halal,2024-01-01
6090,55+,Rishon LeZion,Vegan,gluten_free,2025-01-21
6091,45-54,Ashdod,Indian,low_carb,2023-01-10
6092,25-34,Holon,Burger,halal,2024-04-02
6093,55+,Herzliya,Asian,halal,2025-05-15
6094,18-24,Ramat Gan,Italian,low_carb,2025-06-15
6095,45-54,Rehovot,Israeli,vegan,2023-08-20
6096,35-44,Rishon LeZion,Vegan,low_carb,2025-06-27
6097,55+,Herzliya,Greek,gluten_free,2024-01-29
6098,35-44,Netanya,Italian,kosher,2023-03-12
6099,18-24,Givatayim,Sushi,gluten_free,2023-06-05
6100,25-34,Netanya,Cafe,vegan,2023-05-16
6101,35-44,Rishon LeZion,Burger,low_carb,2025-02-10
6102,35-44,Jerusalem,Sushi,low_carb,2025-08-28
6103,55+,Beer Sheva,Asian,halal,2025-04-17
6104,18-24,Eilat,Burger,none,2023-12-06
6105,18-24,Beer Sheva,Pizza,vegan,2023-08-29
6106,55+,Beer Sheva,Asian,vegan,2023-10-06
6107,35-44,Petah Tikva,Steakhouse,low_carb,2023-11-10
6108,35-44,Netanya,Vegan,halal,2024-08-21
6109,45-54,Holon,Israeli,kosher,2024-08-13
6110,25-34,Ashdod,Thai,gluten_free,2025-02-11
6111,55+,Kfar Saba,Cafe,gluten_free,2025-02-04
6112,18-24,Rishon LeZion,Asian,kosher,2023-04-17
6113,25-34,Rehovot,Japanese,gluten_free,2024-05-30
6114,55+,Eilat,Sushi,kosher,2024-07-28
6115,35-44,Givatayim,Cafe,none,2024-02-22
6116,18-24,Givatayim,Mediterranean,gluten_free,2024-09-04
6117,55+,Herzliya,Cafe,vegan,2024-07-03
6118,25-34,Ashdod,Cafe,kosher,2025-03-01
6119,18-24,Rishon LeZion,Pizza,halal,2023-07-28
6120,55+,Givatayim,Mediterranean,vegetarian,2023-06-05
6121,45-54,Rehovot,Seafood,vegetarian,2024-08-30
6122,35-44,Givatayim,Cafe,none,2025-03-14
6123,25-34,Petah Tikva,Indian,gluten_free,2025-08-25
6124,55+,Herzliya,Mediterranean,kosher,2025-03-26
6125,55+,Rehovot,Indian,halal,2025-03-31
6126,18-24,Herzliya,Pizza,gluten_free,2023-02-11
6127,35-44,Rehovot,Asian,vegetarian,2024-03-29
6128,25-34,Beer Sheva,Cafe,low_carb,2025-07-26
6129,35-44,Jerusalem,Asian,vegan,2023-04-27
6130,45-54,Ramat Gan,Japanese,low_carb,2025-07-07
6131,18-24,Jerusalem,Thai,none,2025-02-22
6132,35-44,Givatayim,Japanese,vegetarian,2024-10-01
6133,25-34,Netanya,Pizza,vegan,2024-12-02
6134,35-44,Rishon LeZion,Seafood,kosher,2023-01-25
6135,55+,Givatayim,Steakhouse,vegetarian,2023-03-24
6136,18-24,Rehovot,Mexican,vegetarian,2023-06-11
6137,55+,Tel Aviv,Greek,none,2025-01-22
6138,55+,Kfar Saba,Pizza,vegan,2024-09-15
6139,18-24,Netanya,Italian,vegetarian,2025-04-15
6140,18-24,Rehovot,Indian,none,2025-03-11
6141,55+,Holon,Sushi,vegetarian,2024-02-25
6142,18-24,Rehovot,Vegan,none,2025-04-05
6143,35-44,Kfar Saba,Italian,none,2023-12-19
6144,18-24,Rishon LeZion,Israeli,halal,2023-10-02
6145,25-34,Petah Tikva,Pizza,vegetarian,2025-08-13
6146,35-44,Tel Aviv,Asian,vegetarian,2023-08-30
6147,45-54,Netanya,Israeli,halal,2025-03-15
6148,35-44,Haifa,Japanese,vegan,2025-02-22
6149,55+,Eilat,Steakhouse,low_carb,2024-12-16
6150,18-24,Ramat Gan,Cafe,gluten_free,2025-06-25
6151,18-24,Rehovot,Sushi,vegan,2023-11-07
6152,55+,Tel Aviv,Pizza,vegan,2024-06-11
6153,45-54,Herzliya,Seafood,gluten_free,2023-12-10
6154,45-54,Tel Aviv,Pizza,vegan,2023-03-03
6155,45-54,Kfar Saba,Burger,kosher,2025-04-27
6156,35-44,Holon,Greek,kosher,2023-04-05
6157,35-44,Netanya,Pizza,vegetarian,2024-02-09
6158,55+,Ramat Gan,Thai,none,2024-05-01
6159,35-44,Beer Sheva,Burger,kosher,2025-01-29
6160,35-44,Beer Sheva,Greek,vegan,2023-08-19
6161,25-34,Holon,Greek,halal,2023-02-14
6162,35-44,Jerusalem,Burger,gluten_free,2024-02-01
6163,25-34,Beer Sheva,Pizza,vegetarian,2023-04-04
6164,55+,Jerusalem,Indian,vegetarian,2025-06-18
6165,25-34,Herzliya,Indian,halal,2025-04-05
6166,55+,Haifa,Pizza,none,2024-10-17
6167,25-34,Holon,Vegan,vegetarian,2023-06-28
6168,18-24,Givatayim,Vegan,kosher,2024-08-11
6169,18-24,Holon,Burger,vegetarian,2023-11-04
6170,25-34,Eilat,Israeli,none,2024-02-04
6171,35-44,Tel Aviv,Israeli,vegan,2025-07-27
6172,35-44,Holon,Japanese,none,2024-08-03
6173,35-44,Tel Aviv,Greek,vegetarian,2023-06-26
6174,55+,Beer Sheva,Asian,vegan,2024-01-26
6175,18-24,Haifa,Pizza,none,2024-01-03
6176,35-44,Herzliya,Israeli,kosher,2025-02-18
6177,35-44,Haifa,Steakhouse,kosher,2025-03-18
6178,25-34,Eilat,Israeli,none,2024-12-10
6179,35-44,Herzliya,Japanese,vegan,2024-06-07
6180,18-24,Beer Sheva,Japanese,kosher,2023-09-21
6181,18-24,Kfar Saba,Mexican,low_carb,2025-09-09
6182,35-44,Givatayim,Pizza,vegetarian,2023-01-18
6183,55+,Petah Tikva,Asian,low_carb,2024-04-09
6184,55+,Herzliya,Burger,gluten_free,2025-09-15
6185,25-34,Kfar Saba,Sushi,gluten_free,2023-01-09
6186,18-24,Eilat,Thai,halal,2024-09-21
6187,45-54,Tel Aviv,Sushi,gluten_free,2025-04-30
6188,45-54,Netanya,Pizza,halal,2024-04-20
6189,25-34,Haifa,Sushi,none,2023-12-03
6190,35-44,Eilat,Vegan,low_carb,2024-12-16
6191,18-24,Ramat Gan,Mediterranean,halal,2024-04-10
6192,35-44,Kfar Saba,Steakhouse,vegetarian,2023-02-07
6193,18-24,Rishon LeZion,Israeli,low_carb,2024-01-14
6194,25-34,Eilat,Indian,kosher,2025-07-31
6195,35-44,Givatayim,Pizza,vegan,2023-08-22
6196,18-24,Tel Aviv,Burger,vegetarian,2025-01-09
6197,25-34,Ramat Gan,Japanese,gluten_free,2024-01-24
6198,18-24,Beer Sheva,Indian,kosher,2023-06-14
6199,35-44,Haifa,Japanese,low_carb,2023-05-19
6200,35-44,Eilat,Vegan,gluten_free,2024-11-21
6201,25-34,Kfar Saba,Vegan,gluten_free,2024-12-18
6202,55+,Ramat Gan,Greek,kosher,2024-01-19
6203,55+,Netanya,Israeli,halal,2023-09-01
6204,45-54,Tel Aviv,Seafood,halal,2025-09-24
6205,35-44,Holon,Asian,low_carb,2025-03-03
6206,55+,Petah Tikva,Thai,kosher,2023-02-09
6207,35-44,Ramat Gan,Asian,gluten_free,2023-06-27
6208,45-54,Rehovot,Greek,none,2023-11-21
6209,55+,Holon,Pizza,none,2025-04-17
6210,45-54,Givatayim,Indian,none,2024-10-02
6211,45-54,Ashdod,Mexican,halal,2023-01-17
6212,18-24,Rishon LeZion,Cafe,none,2024-03-01
6213,35-44,Rishon LeZion,Mediterranean,low_carb,2024-02-22
6214,55+,Beer Sheva,Japanese,none,2024-08-31
6215,25-34,Herzliya,Greek,none,2023-04-09
6216,25-34,Beer Sheva,Seafood,gluten_free,2025-09-18
6217,25-34,Rehovot,Sushi,vegetarian,2023-09-07
6218,25-34,Tel Aviv,Thai,none,2024-10-26
6219,45-54,Holon,Israeli,none,2024-11-22
6220,35-44,Holon,Cafe,vegetarian,2024-06-23
6221,35-44,Kfar Saba,Thai,gluten_free,2023-08-03
6222,35-44,Rehovot,Asian,gluten_free,2023-05-22
6223,18-24,Givatayim,Italian,gluten_free,2023-12-30
6224,55+,Holon,Mexican,low_carb,2025-01-27
6225,25-34,Rishon LeZion,Vegan,none,2023-05-11
6226,25-34,Rehovot,Seafood,none,2024-08-29
6227,35-44,Jerusalem,Israeli,gluten_free,2024-03-11
6228,55+,Rishon LeZion,Burger,kosher,2025-07-24
6229,55+,Jerusalem,Cafe,none,2025-02-02
6230,45-54,Petah Tikva,Thai,kosher,2024-01-05
6231,18-24,Givatayim,Seafood,vegan,2024-02-13
6232,25-34,Jerusalem,Indian,none,2023-03-05
6233,45-54,Beer Sheva,Italian,vegetarian,2024-07-10
6234,18-24,Herzliya,Cafe,vegan,2023-02-02
6235,25-34,Herzliya,Burger,halal,2025-01-11
6236,18-24,Petah Tikva,Pizza,low_carb,2025-08-19
6237,25-34,Jerusalem,Cafe,vegetarian,2024-12-23
6238,55+,Herzliya,Thai,vegetarian,2023-10-13
6239,18-24,Beer Sheva,Mediterranean,vegetarian,2024-12-12
6240,35-44,Givatayim,Israeli,vegan,2025-07-30
6241,55+,Herzliya,Sushi,halal,2025-01-16
6242,45-54,Jerusalem,Greek,vegan,2023-03-01
6243,18-24,Rishon LeZion,Seafood,halal,2024-12-01
6244,18-24,Beer Sheva,Burger,none,2024-12-26
6245,35-44,Ramat Gan,Italian,gluten_free,2025-09-09
6246,55+,Rehovot,Israeli,low_carb,2025-02-04
6247,55+,Petah Tikva,Indian,vegetarian,2023-06-30
6248,18-24,Holon,Asian,halal,2024-01-27
6249,25-34,Givatayim,Israeli,gluten_free,2024-12-12
6250,18-24,Petah Tikva,Vegan,kosher,2023-04-20
6251,45-54,Ramat Gan,Cafe,gluten_free,2023-11-06
6252,35-44,Holon,Mediterranean,gluten_free,2024-06-12
6253,35-44,Beer Sheva,Pizza,halal,2025-02-26
6254,55+,Jerusalem,Greek,gluten_free,2023-07-15
6255,35-44,Ashdod,Vegan,gluten_free,2023-05-23
6256,45-54,Eilat,Seafood,kosher,2024-01-25
6257,18-24,Rehovot,Mediterranean,none,2025-09-22
6258,55+,Rehovot,Israeli,halal,2024-03-21
6259,25-34,Tel Aviv,Seafood,vegan,2023-04-02
6260,25-34,Ashdod,Greek,low_carb,2025-02-18
6261,55+,Rehovot,Japanese,vegetarian,2025-01-05
6262,45-54,Beer Sheva,Steakhouse,kosher,2025-01-05
6263,25-34,Petah Tikva,Pizza,none,2023-11-30
6264,25-34,Eilat,Greek,none,2023-01-21
6265,25-34,Tel Aviv,Japanese,vegetarian,2023-03-25
6266,18-24,Ramat Gan,Sushi,kosher,2023-11-18
6267,55+,Tel Aviv,Mexican,kosher,2024-06-20
6268,45-54,Petah Tikva,Cafe,vegetarian,2023-07-26
6269,25-34,Tel Aviv,Burger,kosher,2023-12-29
6270,45-54,Eilat,Indian,gluten_free,2023-02-17
6271,45-54,Netanya,Vegan,low_carb,2025-09-13
6272,18-24,Ashdod,Burger,vegetarian,2024-08-22
6273,35-44,Givatayim,Greek,none,2023-09-19
6274,25-34,Kfar Saba,Cafe,halal,2023-07-16
6275,55+,Beer Sheva,Italian,none,2024-09-07
6276,35-44,Holon,Indian,vegan,2024-10-15
6277,25-34,Rehovot,Thai,none,2025-01-24
6278,55+,Ashdod,Israeli,low_carb,2024-10-02
6279,18-24,Tel Aviv,Seafood,low_carb,2023-12-10
6280,55+,Beer Sheva,Mediterranean,none,2024-12-05
6281,18-24,Beer Sheva,Indian,vegan,2025-04-21
6282,45-54,Haifa,Burger,vegetarian,2025-08-01
6283,55+,Tel Aviv,Indian,none,2025-05-17
6284,55+,Kfar Saba,Israeli,none,2023-04-04
6285,45-54,Petah Tikva,Burger,vegan,2024-08-20
6286,25-34,Kfar Saba,Sushi,kosher,2023-05-09
6287,35-44,Herzliya,Steakhouse,vegetarian,2024-01-13
6288,18-24,Beer Sheva,Thai,vegetarian,2024-12-15
6289,18-24,Givatayim,Mexican,low_carb,2024-05-14
6290,35-44,Herzliya,Thai,low_carb,2023-02-13
6291,35-44,Petah Tikva,Vegan,vegan,2023-03-27
6292,18-24,Givatayim,Seafood,vegetarian,2024-04-04
6293,35-44,Haifa,Japanese,gluten_free,2023-08-30
6294,25-34,Rishon LeZion,Pizza,none,2023-01-24
6295,25-34,Holon,Japanese,gluten_free,2024-04-28
6296,45-54,Petah Tikva,Thai,vegetarian,2025-04-05
6297,35-44,Jerusalem,Vegan,vegetarian,2023-11-07
6298,35-44,Kfar Saba,Vegan,low_carb,2023-09-19
6299,55+,Eilat,Burger,halal,2023-05-24
6300,25-34,Ashdod,Israeli,gluten_free,2025-06-03
6301,25-34,Rehovot,Thai,none,2024-10-08
6302,25-34,Kfar Saba,Cafe,vegetarian,2025-05-02
6303,35-44,Petah Tikva,Italian,low_carb,2024-02-07
6304,25-34,Kfar Saba,Mexican,halal,2024-03-24
6305,25-34,Kfar Saba,Japanese,vegetarian,2025-01-18
6306,45-54,Eilat,Indian,kosher,2023-12-02
6307,45-54,Netanya,Burger,halal,2024-11-12
6308,18-24,Rishon LeZion,Sushi,gluten_free,2023-07-12
6309,18-24,Rehovot,Seafood,none,2023-11-12
6310,25-34,Netanya,Vegan,vegetarian,2024-01-30
6311,18-24,Kfar Saba,Italian,vegetarian,2023-06-10
6312,55+,Rishon LeZion,Asian,low_carb,2025-02-06
6313,35-44,Rehovot,Sushi,low_carb,2025-09-18
6314,35-44,Jerusalem,Asian,halal,2024-12-12
6315,35-44,Ashdod,Steakhouse,vegetarian,2024-07-22
6316,18-24,Herzliya,Japanese,kosher,2024-04-22
6317,18-24,Kfar Saba,Mediterranean,kosher,2025-03-05
6318,35-44,Holon,Italian,low_carb,2025-06-11
6319,55+,Givatayim,Japanese,vegetarian,2025-03-30
6320,18-24,Kfar Saba,Cafe,none,2025-09-12
6321,25-34,Givatayim,Israeli,vegan,2023-05-04
6322,35-44,Rehovot,Thai,vegan,2025-08-22
6323,25-34,Tel Aviv,Italian,vegan,2024-08-14
6324,18-24,Eilat,Vegan,halal,2024-10-03
6325,45-54,Herzliya,Cafe,none,2023-08-13
6326,55+,Holon,Vegan,low_carb,2023-03-06
6327,18-24,Ramat Gan,Burger,kosher,2023-08-28
6328,25-34,Netanya,Mexican,vegetarian,2025-03-16
6329,35-44,Ramat Gan,Greek,none,2024-08-05
6330,18-24,Tel Aviv,Greek,vegan,2025-08-14
6331,18-24,Ashdod,Cafe,low_carb,2024-01-06
6332,18-24,Petah Tikva,Mediterranean,gluten_free,2023-05-24
6333,35-44,Jerusalem,Greek,vegan,2024-11-22
6334,35-44,Ashdod,Cafe,gluten_free,2023-08-15
6335,55+,Holon,Italian,halal,2023-03-18
6336,18-24,Haifa,Mediterranean,kosher,2024-07-06
6337,25-34,Jerusalem,Israeli,vegetarian,2023-09-20
6338,25-34,Netanya,Mediterranean,low_carb,2023-07-05
6339,35-44,Rehovot,Thai,halal,2023-08-23
6340,45-54,Holon,Burger,kosher,2024-05-20
6341,35-44,Kfar Saba,Indian,vegan,2024-01-08
6342,35-44,Eilat,Sushi,low_carb,2024-11-25
6343,55+,Beer Sheva,Thai,halal,2024-06-21
6344,35-44,Petah Tikva,Seafood,vegan,2024-03-27
6345,35-44,Rehovot,Japanese,low_carb,2025-09-06
6346,25-34,Rehovot,Burger,gluten_free,2025-06-15
6347,25-34,Haifa,Vegan,vegetarian,2023-11-12
6348,35-44,Holon,Greek,halal,2025-08-01
6349,25-34,Rishon LeZion,Thai,kosher,2024-08-05
6350,55+,Holon,Asian,vegan,2024-04-04
6351,18-24,Beer Sheva,Japanese,vegetarian,2024-01-15
6352,35-44,Herzliya,Japanese,vegan,2024-10-15
6353,55+,Jerusalem,Asian,vegetarian,2023-08-17
6354,18-24,Rehovot,Burger,vegetarian,2024-08-28
6355,55+,Holon,Vegan,halal,2023-06-20
6356,25-34,Givatayim,Italian,halal,2025-03-16
6357,35-44,Eilat,Burger,kosher,2023-05-08
6358,55+,Givatayim,Vegan,vegetarian,2024-08-10
6359,25-34,Kfar Saba,Indian,low_carb,2025-05-09
6360,25-34,Herzliya,Sushi,none,2024-08-02
6361,35-44,Rehovot,Seafood,halal,2025-08-05
6362,25-34,Tel Aviv,Japanese,halal,2024-01-10
6363,18-24,Netanya,Mediterranean,vegetarian,2025-03-05
6364,18-24,Petah Tikva,Cafe,gluten_free,2023-02-23
6365,35-44,Holon,Pizza,halal,2023-08-26
6366,18-24,Rishon LeZion,Israeli,kosher,2024-05-09
6367,35-44,Givatayim,Mexican,vegetarian,2025-08-12
6368,55+,Tel Aviv,Israeli,halal,2024-10-05
6369,45-54,Ashdod,Steakhouse,kosher,2025-01-14
6370,45-54,Ashdod,Italian,kosher,2025-06-07
6371,35-44,Herzliya,Cafe,halal,2025-08-31
6372,18-24,Netanya,Mexican,low_carb,2023-08-26
6373,45-54,Tel Aviv,Vegan,none,2023-01-04
6374,55+,Netanya,Israeli,gluten_free,2023-08-14
6375,35-44,Ramat Gan,Greek,vegetarian,2025-05-03
6376,45-54,Eilat,Mediterranean,gluten_free,2025-04-03
6377,25-34,Givatayim,Italian,none,2024-10-13
6378,45-54,Holon,Italian,low_carb,2025-03-30
6379,25-34,Holon,Israeli,low_carb,2023-12-22
6380,55+,Tel Aviv,Japanese,none,2023-07-13
6381,55+,Beer Sheva,Asian,vegetarian,2023-07-21
6382,35-44,Jerusalem,Burger,gluten_free,2025-06-06
6383,18-24,Tel Aviv,Asian,none,2024-12-15
6384,25-34,Netanya,Greek,gluten_free,2025-01-23
6385,18-24,Givatayim,Pizza,vegetarian,2023-09-22
6386,25-34,Tel Aviv,Thai,halal,2023-01-08
6387,25-34,Eilat,Asian,none,2023-09-06
6388,18-24,Givatayim,Israeli,low_carb,2025-01-29
6389,55+,Beer Sheva,Greek,none,2023-12-24
6390,55+,Herzliya,Asian,kosher,2024-03-21
6391,35-44,Rishon LeZion,Israeli,vegan,2023-04-07
6392,18-24,Jerusalem,Asian,low_carb,2023-01-04
6393,25-34,Eilat,Japanese,kosher,2023-07-31
6394,18-24,Netanya,Indian,vegan,2025-02-02
6395,25-34,Haifa,Mediterranean,none,2025-04-07
6396,55+,Eilat,Asian,low_carb,2025-04-12
6397,35-44,Ramat Gan,Sushi,vegetarian,2025-07-25
6398,18-24,Ashdod,Israeli,vegetarian,2023-12-21
6399,35-44,Eilat,Thai,kosher,2024-06-15
6400,55+,Herzliya,Indian,vegetarian,2025-07-14
6401,35-44,Petah Tikva,Sushi,gluten_free,2023-04-06
6402,35-44,Beer Sheva,Seafood,vegan,2024-04-03
6403,18-24,Givatayim,Japanese,gluten_free,2023-04-09
6404,55+,Givatayim,Italian,vegan,2023-08-02
6405,25-34,Eilat,Sushi,none,2023-09-28
6406,25-34,Beer Sheva,Vegan,vegan,2023-01-24
6407,55+,Ashdod,Steakhouse,kosher,2025-03-19
6408,18-24,Rishon LeZion,Seafood,gluten_free,2024-07-23
6409,35-44,Ashdod,Pizza,kosher,2025-09-23
6410,45-54,Rishon LeZion,Mediterranean,vegan,2024-12-05
6411,55+,Tel Aviv,Israeli,halal,2023-02-15
6412,55+,Ramat Gan,Vegan,kosher,2023-04-29
6413,55+,Jerusalem,Steakhouse,gluten_free,2025-08-20
6414,45-54,Petah Tikva,Japanese,vegan,2023-10-09
6415,35-44,Haifa,Steakhouse,gluten_free,2025-04-16
6416,25-34,Jerusalem,Greek,vegan,2024-01-11
6417,35-44,Eilat,Cafe,none,2025-08-07
6418,35-44,Jerusalem,Pizza,halal,2023-01-09
6419,55+,Tel Aviv,Japanese,halal,2023-09-14
6420,45-54,Givatayim,Indian,kosher,2023-04-15
6421,45-54,Givatayim,Sushi,low_carb,2025-04-11
6422,18-24,Rishon LeZion,Pizza,gluten_free,2025-01-06
6423,35-44,Ashdod,Italian,vegan,2023-06-10
6424,45-54,Kfar Saba,Seafood,vegetarian,2024-09-11
6425,25-34,Givatayim,Asian,none,2025-02-26
6426,18-24,Rishon LeZion,Thai,low_carb,2023-10-20
6427,35-44,Jerusalem,Sushi,gluten_free,2024-10-11
6428,45-54,Netanya,Cafe,vegan,2024-08-17
6429,25-34,Tel Aviv,Burger,vegan,2023-12-10
6430,55+,Rehovot,Burger,gluten_free,2024-10-17
6431,55+,Jerusalem,Seafood,none,2023-05-10
6432,45-54,Holon,Indian,low_carb,2025-07-06
6433,55+,Ashdod,Mexican,kosher,2025-05-02
6434,25-34,Jerusalem,Sushi,kosher,2024-05-18
6435,55+,Ramat Gan,Asian,gluten_free,2023-02-10
6436,45-54,Rehovot,Mediterranean,kosher,2023-09-23
6437,35-44,Petah Tikva,Steakhouse,none,2023-12-20
6438,18-24,Kfar Saba,Asian,vegetarian,2024-02-02
6439,18-24,Netanya,Sushi,vegetarian,2023-06-20
6440,18-24,Rehovot,Italian,kosher,2024-03-01
6441,18-24,Kfar Saba,Mexican,vegetarian,2025-09-03
6442,55+,Petah Tikva,Israeli,none,2023-02-13
6443,45-54,Tel Aviv,Mexican,vegan,2023-02-05
6444,18-24,Holon,Mexican,gluten_free,2025-04-13
6445,35-44,Ramat Gan,Burger,low_carb,2023-05-30
6446,25-34,Haifa,Greek,kosher,2023-12-17
6447,35-44,Netanya,Pizza,low_carb,2023-07-02
6448,18-24,Kfar Saba,Steakhouse,halal,2023-07-23
6449,25-34,Netanya,Mediterranean,gluten_free,2023-07-11
6450,35-44,Kfar Saba,Cafe,vegan,2025-08-14
6451,45-54,Holon,Thai,vegetarian,2023-12-21
6452,35-44,Beer Sheva,Mexican,vegetarian,2024-05-01
6453,45-54,Ramat Gan,Cafe,low_carb,2025-04-27
6454,45-54,Holon,Seafood,vegan,2024-04-06
6455,55+,Petah Tikva,Burger,kosher,2023-04-20
6456,55+,Netanya,Italian,gluten_free,2024-08-30
6457,35-44,Ashdod,Israeli,gluten_free,2024-08-29
6458,55+,Jerusalem,Seafood,vegetarian,2025-02-24
6459,45-54,Kfar Saba,Pizza,vegetarian,2023-07-11
6460,25-34,Tel Aviv,Mexican,gluten_free,2024-03-16
6461,55+,Petah Tikva,Vegan,vegetarian,2023-03-19
6462,25-34,Eilat,Vegan,low_carb,2025-02-19
6463,35-44,Givatayim,Mediterranean,vegan,2025-06-09
6464,55+,Jerusalem,Greek,halal,2024-03-25
6465,18-24,Kfar Saba,Italian,gluten_free,2024-01-08
6466,25-34,Ramat Gan,Indian,none,2024-11-21
6467,45-54,Beer Sheva,Pizza,vegetarian,2023-11-21
6468,25-34,Jerusalem,Thai,kosher,2024-04-11
6469,45-54,Beer Sheva,Seafood,none,2024-10-22
6470,35-44,Netanya,Sushi,vegetarian,2023-01-08
6471,55+,Beer Sheva,Greek,kosher,2023-07-20
6472,55+,Ashdod,Seafood,halal,2023-01-18
6473,45-54,Eilat,Seafood,vegan,2025-03-07
6474,18-24,Ashdod,Mediterranean,vegan,2024-06-05
6475,55+,Tel Aviv,Mexican,vegetarian,2023-12-08
6476,45-54,Rishon LeZion,Greek,halal,2024-02-16
6477,35-44,Rishon LeZion,Cafe,halal,2023-07-02
6478,55+,Kfar Saba,Cafe,halal,2025-02-03
6479,25-34,Rehovot,Mediterranean,none,2024-09-12
6480,25-34,Kfar Saba,Mexican,gluten_free,2025-07-29
6481,25-34,Holon,Vegan,vegetarian,2023-06-25
6482,18-24,Netanya,Mexican,vegan,2025-07-12
6483,25-34,Rishon LeZion,Indian,gluten_free,2025-06-16
6484,35-44,Netanya,Mexican,halal,2025-04-18
6485,45-54,Ashdod,Steakhouse,none,2024-02-19
6486,45-54,Holon,Indian,gluten_free,2025-03-09
6487,55+,Ashdod,Greek,low_carb,2025-06-14
6488,45-54,Tel Aviv,Vegan,none,2025-09-05
6489,55+,Eilat,Mediterranean,gluten_free,2024-11-29
6490,18-24,Rehovot,Indian,low_carb,2023-01-01
6491,55+,Beer Sheva,Asian,vegetarian,2025-08-27
6492,45-54,Rehovot,Burger,halal,2023-08-29
6493,25-34,Beer Sheva,Vegan,vegetarian,2023-05-14
6494,35-44,Rishon LeZion,Asian,vegetarian,2025-04-21
6495,18-24,Rishon LeZion,Vegan,vegetarian,2023-05-30
6496,55+,Haifa,Asian,gluten_free,2023-05-10
6497,55+,Rishon LeZion,Japanese,vegan,2023-01-13
6498,18-24,Rishon LeZion,Italian,low_carb,2023-10-11
6499,55+,Ramat Gan,Indian,kosher,2024-12-09
6500,45-54,Beer Sheva,Seafood,none,2023-12-20
6501,18-24,Tel Aviv,Greek,kosher,2024-05-06
6502,18-24,Givatayim,Thai,vegan,2025-07-06
6503,25-34,Kfar Saba,Steakhouse,kosher,2024-11-19
6504,35-44,Rehovot,Italian,kosher,2023-07-01
6505,45-54,Beer Sheva,Cafe,vegan,2025-06-02
6506,25-34,Holon,Cafe,low_carb,2024-04-06
6507,18-24,Rehovot,Cafe,vegetarian,2024-12-19
6508,45-54,Herzliya,Cafe,low_carb,2025-06-13
6509,25-34,Rishon LeZion,Asian,kosher,2023-08-25
6510,18-24,Haifa,Mexican,vegan,2024-10-04
6511,55+,Beer Sheva,Japanese,vegan,2023-03-12
6512,55+,Kfar Saba,Pizza,vegetarian,2024-09-05
6513,45-54,Holon,Japanese,kosher,2025-05-31
6514,18-24,Netanya,Sushi,halal,2025-01-04
6515,55+,Ashdod,Mexican,kosher,2024-05-20
6516,18-24,Rehovot,Indian,gluten_free,2025-07-27
6517,35-44,Jerusalem,Israeli,vegetarian,2024-04-12
6518,45-54,Jerusalem,Greek,vegetarian,2023-04-26
6519,55+,Petah Tikva,Pizza,low_carb,2024-07-09
6520,25-34,Rishon LeZion,Thai,none,2024-01-10
6521,25-34,Rehovot,Italian,vegetarian,2023-05-11
6522,45-54,Rehovot,Mexican,none,2023-11-17
6523,18-24,Rishon LeZion,Sushi,vegan,2024-01-25
6524,25-34,Givatayim,Indian,gluten_free,2023-12-20
6525,25-34,Kfar Saba,Cafe,vegetarian,2023-08-25
6526,45-54,Netanya,Mediterranean,halal,2023-08-08
6527,25-34,Petah Tikva,Steakhouse,low_carb,2024-07-31
6528,55+,Rehovot,Burger,vegan,2025-03-06
6529,35-44,Herzliya,Steakhouse,none,2025-07-25
6530,18-24,Herzliya,Vegan,kosher,2023-12-20
6531,55+,Givatayim,Italian,kosher,2024-10-11
6532,55+,Rishon LeZion,Thai,kosher,2024-05-22
6533,25-34,Holon,Steakhouse,vegan,2025-03-01
6534,18-24,Petah Tikva,Pizza,vegan,2023-02-13
6535,25-34,Rehovot,Cafe,vegan,2025-09-19
6536,18-24,Givatayim,Sushi,kosher,2025-03-06
6537,18-24,Tel Aviv,Steakhouse,halal,2024-09-10
6538,18-24,Herzliya,Italian,gluten_free,2025-08-09
6539,18-24,Eilat,Sushi,kosher,2024-10-12
6540,55+,Givatayim,Sushi,halal,2025-01-14
6541,45-54,Rishon LeZion,Mediterranean,halal,2024-05-12
6542,35-44,Rehovot,Burger,vegan,2023-12-21
6543,45-54,Beer Sheva,Mediterranean,vegetarian,2025-04-18
6544,35-44,Ashdod,Seafood,none,2023-11-15
6545,45-54,Holon,Japanese,low_carb,2025-03-07
6546,25-34,Beer Sheva,Thai,kosher,2025-09-19
6547,45-54,Herzliya,Japanese,none,2025-05-15
6548,45-54,Haifa,Asian,kosher,2023-10-20
6549,25-34,Rishon LeZion,Indian,vegetarian,2025-07-07
6550,55+,Petah Tikva,Burger,vegan,2025-09-23
6551,18-24,Tel Aviv,Vegan,gluten_free,2025-05-25
6552,45-54,Haifa,Japanese,vegetarian,2023-03-25
6553,55+,Petah Tikva,Mexican,halal,2023-05-07
6554,25-34,Kfar Saba,Steakhouse,kosher,2024-02-08
6555,25-34,Kfar Saba,Seafood,low_carb,2023-04-02
6556,18-24,Petah Tikva,Seafood,gluten_free,2024-08-20
6557,18-24,Kfar Saba,Steakhouse,gluten_free,2025-06-14
6558,55+,Givatayim,Cafe,low_carb,2024-11-18
6559,25-34,Givatayim,Asian,low_carb,2025-07-26
6560,55+,Beer Sheva,Italian,halal,2023-04-17
6561,45-54,Jerusalem,Mediterranean,vegan,2024-11-18
6562,45-54,Rishon LeZion,Mexican,none,2023-06-08
6563,45-54,Rehovot,Japanese,vegan,2023-12-27
6564,18-24,Netanya,Steakhouse,gluten_free,2025-08-25
6565,25-34,Ramat Gan,Japanese,kosher,2024-10-22
6566,35-44,Petah Tikva,Cafe,kosher,2023-10-01
6567,55+,Holon,Thai,halal,2023-12-08
6568,35-44,Ramat Gan,Mediterranean,gluten_free,2025-06-20
6569,25-34,Beer Sheva,Indian,gluten_free,2025-01-23
6570,55+,Ramat Gan,Sushi,gluten_free,2025-05-27
6571,35-44,Jerusalem,Italian,vegan,2024-01-31
6572,55+,Haifa,Asian,none,2025-03-07
6573,18-24,Kfar Saba,Steakhouse,vegetarian,2025-08-19
6574,35-44,Ashdod,Vegan,low_carb,2025-07-18
6575,55+,Givatayim,Italian,kosher,2024-06-29
6576,35-44,Netanya,Seafood,none,2024-11-16
6577,18-24,Rishon LeZion,Italian,vegan,2023-08-12
6578,18-24,Ramat Gan,Sushi,gluten_free,2024-08-30
6579,18-24,Herzliya,Israeli,gluten_free,2024-02-23
6580,18-24,Rehovot,Mediterranean,halal,2024-10-10
6581,35-44,Herzliya,Burger,gluten_free,2024-09-22
6582,55+,Rehovot,Mediterranean,halal,2023-03-16
6583,35-44,Rehovot,Thai,vegan,2024-05-18
6584,45-54,Givatayim,Israeli,vegetarian,2023-07-10
6585,45-54,Haifa,Greek,vegetarian,2024-05-19
6586,35-44,Haifa,Indian,gluten_free,2025-08-16
6587,35-44,Netanya,Seafood,low_carb,2024-10-06
6588,18-24,Kfar Saba,Thai,vegetarian,2024-08-18
6589,35-44,Petah Tikva,Sushi,gluten_free,2023-08-31
6590,18-24,Holon,Japanese,halal,2024-06-27
6591,35-44,Givatayim,Israeli,vegan,2025-08-15
6592,45-54,Holon,Indian,gluten_free,2024-10-30
6593,45-54,Herzliya,Asian,none,2024-12-05
6594,55+,Holon,Greek,vegetarian,2024-11-20
6595,25-34,Rishon LeZion,Mexican,kosher,2024-12-31
6596,35-44,Netanya,Steakhouse,kosher,2025-03-29
6597,35-44,Haifa,Asian,low_carb,2023-06-23
6598,25-34,Givatayim,Seafood,kosher,2025-04-07
6599,25-34,Kfar Saba,Burger,none,2023-03-03
6600,25-34,Ashdod,Mexican,gluten_free,2023-06-20
6601,18-24,Rishon LeZion,Thai,vegan,2023-01-14
6602,18-24,Netanya,Seafood,halal,2025-06-20
6603,25-34,Haifa,Greek,vegan,2023-10-25
6604,45-54,Tel Aviv,Italian,halal,2023-07-26
6605,45-54,Givatayim,Sushi,vegetarian,2023-04-02
6606,18-24,Rishon LeZion,Sushi,vegetarian,2025-05-06
6607,18-24,Jerusalem,Thai,halal,2024-05-13
6608,55+,Herzliya,Seafood,gluten_free,2024-06-04
6609,55+,Tel Aviv,Indian,gluten_free,2025-01-29
6610,25-34,Holon,Cafe,kosher,2025-01-17
6611,18-24,Tel Aviv,Mediterranean,low_carb,2023-07-21
6612,25-34,Givatayim,Indian,kosher,2024-06-22
6613,45-54,Jerusalem,Japanese,none,2023-09-05
6614,25-34,Jerusalem,Mediterranean,kosher,2025-08-11
6615,35-44,Tel Aviv,Burger,gluten_free,2024-09-21
6616,18-24,Holon,Mediterranean,none,2025-07-27
6617,25-34,Jerusalem,Sushi,vegan,2024-03-09
6618,45-54,Holon,Japanese,gluten_free,2024-01-31
6619,25-34,Ashdod,Asian,halal,2024-03-30
6620,25-34,Eilat,Sushi,vegetarian,2024-07-18
6621,18-24,Haifa,Greek,vegetarian,2025-03-08
6622,18-24,Ashdod,Asian,vegetarian,2025-04-24
6623,25-34,Rehovot,Mediterranean,none,2025-04-13
6624,45-54,Jerusalem,Sushi,vegetarian,2025-09-20
6625,55+,Haifa,Seafood,vegetarian,2024-07-20
6626,18-24,Givatayim,Greek,kosher,2023-01-01
6627,45-54,Ramat Gan,Thai,low_carb,2025-06-05
6628,35-44,Herzliya,Vegan,vegan,2023-10-02
6629,45-54,Ashdod,Israeli,gluten_free,2023-03-05
6630,18-24,Netanya,Steakhouse,vegetarian,2024-08-18
6631,45-54,Tel Aviv,Pizza,none,2025-01-05
6632,55+,Haifa,Japanese,low_carb,2024-07-12
6633,35-44,Petah Tikva,Burger,kosher,2025-05-06
6634,25-34,Rishon LeZion,Japanese,vegan,2024-05-29
6635,18-24,Rishon LeZion,Greek,vegetarian,2025-08-03
6636,35-44,Rishon LeZion,Burger,kosher,2023-11-14
6637,55+,Tel Aviv,Pizza,none,2023-10-18
6638,55+,Holon,Indian,vegetarian,2025-05-09
6639,25-34,Kfar Saba,Thai,kosher,2023-11-28
6640,25-34,Rishon LeZion,Seafood,gluten_free,2024-11-10
6641,35-44,Kfar Saba,Vegan,none,2024-09-19
6642,25-34,Eilat,Greek,vegan,2023-07-30
6643,45-54,Petah Tikva,Japanese,gluten_free,2023-03-12
6644,18-24,Ashdod,Pizza,none,2023-09-24
6645,45-54,Herzliya,Indian,low_carb,2023-06-14
6646,45-54,Rehovot,Israeli,halal,2025-08-18
6647,25-34,Ramat Gan,Pizza,halal,2024-02-14
6648,55+,Kfar Saba,Vegan,low_carb,2024-05-26
6649,25-34,Jerusalem,Italian,vegan,2023-09-19
6650,25-34,Beer Sheva,Indian,none,2025-03-13
6651,55+,Eilat,Seafood,vegan,2025-01-14
6652,45-54,Rishon LeZion,Israeli,kosher,2025-03-21
6653,35-44,Ramat Gan,Sushi,kosher,2023-11-25
6654,35-44,Netanya,Burger,gluten_free,2023-08-01
6655,55+,Herzliya,Greek,vegan,2023-08-14
6656,35-44,Jerusalem,Asian,gluten_free,2023-05-15
6657,45-54,Eilat,Pizza,gluten_free,2023-04-29
6658,25-34,Petah Tikva,Mediterranean,halal,2023-02-01
6659,35-44,Netanya,Greek,kosher,2025-05-25
6660,18-24,Rehovot,Asian,gluten_free,2023-07-30
6661,45-54,Rehovot,Greek,kosher,2025-02-15
6662,35-44,Ashdod,Israeli,vegan,2025-01-04
6663,55+,Rehovot,Mexican,low_carb,2023-11-04
6664,55+,Rishon LeZion,Pizza,low_carb,2024-05-10
6665,25-34,Rehovot,Asian,gluten_free,2025-06-29
6666,35-44,Ramat Gan,Israeli,low_carb,2025-03-26
6667,45-54,Ramat Gan,Cafe,halal,2024-08-22
6668,35-44,Holon,Thai,low_carb,2025-07-12
6669,35-44,Netanya,Japanese,none,2023-05-13
6670,45-54,Kfar Saba,Pizza,low_carb,2025-07-27
6671,35-44,Tel Aviv,Steakhouse,halal,2024-11-13
6672,55+,Ramat Gan,Mediterranean,vegan,2024-10-22
6673,35-44,Kfar Saba,Vegan,none,2023-12-03
6674,25-34,Herzliya,Seafood,none,2024-07-11
6675,25-34,Haifa,Thai,halal,2023-10-03
6676,35-44,Eilat,Italian,gluten_free,2023-10-11
6677,55+,Beer Sheva,Burger,none,2024-05-14
6678,35-44,Beer Sheva,Greek,low_carb,2023-07-20
6679,35-44,Herzliya,Seafood,halal,2025-03-30
6680,35-44,Kfar Saba,Cafe,kosher,2024-09-20
6681,25-34,Rishon LeZion,Sushi,gluten_free,2023-11-17
6682,25-34,Haifa,Steakhouse,gluten_free,2025-04-16
6683,55+,Jerusalem,Mexican,low_carb,2025-03-27
6684,35-44,Herzliya,Mediterranean,vegetarian,2024-05-15
6685,18-24,Netanya,Burger,vegetarian,2023-11-04
6686,35-44,Ashdod,Israeli,none,2023-10-24
6687,55+,Petah Tikva,Mediterranean,kosher,2025-02-28
6688,45-54,Ashdod,Thai,none,2024-01-06
6689,25-34,Tel Aviv,Asian,vegetarian,2025-04-23
6690,18-24,Petah Tikva,Mexican,none,2024-11-07
6691,18-24,Ramat Gan,Asian,vegetarian,2023-09-10
6692,18-24,Holon,Seafood,low_carb,2023-01-26
6693,35-44,Netanya,Seafood,none,2023-02-22
6694,25-34,Netanya,Sushi,kosher,2025-02-22
6695,35-44,Netanya,Japanese,none,2024-04-21
6696,55+,Herzliya,Greek,halal,2025-05-19
6697,25-34,Netanya,Thai,kosher,2023-12-11
6698,55+,Holon,Sushi,halal,2024-11-09
6699,25-34,Tel Aviv,Cafe,vegetarian,2025-08-08
6700,18-24,Herzliya,Italian,kosher,2023-11-05
6701,35-44,Jerusalem,Mexican,low_carb,2024-06-02
6702,18-24,Kfar Saba,Steakhouse,none,2024-04-20
6703,55+,Kfar Saba,Japanese,gluten_free,2023-09-24
6704,45-54,Petah Tikva,Pizza,kosher,2025-03-21
6705,25-34,Tel Aviv,Indian,vegetarian,2024-01-24
6706,45-54,Netanya,Indian,vegetarian,2024-06-24
6707,18-24,Jerusalem,Japanese,kosher,2025-06-07
6708,35-44,Beer Sheva,Thai,low_carb,2025-04-30
6709,25-34,Holon,Seafood,vegan,2024-06-16
6710,45-54,Givatayim,Vegan,halal,2024-08-31
6711,45-54,Beer Sheva,Israeli,halal,2023-04-27
6712,25-34,Rehovot,Israeli,low_carb,2023-11-28
6713,25-34,Jerusalem,Asian,halal,2023-12-05
6714,35-44,Rishon LeZion,Sushi,vegan,2024-08-13
6715,25-34,Rishon LeZion,Vegan,vegan,2024-07-26
6716,25-34,Ramat Gan,Japanese,halal,2023-08-06
6717,18-24,Rishon LeZion,Pizza,halal,2023-06-09
6718,25-34,Holon,Pizza,vegan,2024-12-05
6719,45-54,Petah Tikva,Vegan,vegan,2023-04-17
6720,18-24,Jerusalem,Asian,gluten_free,2023-05-23
6721,55+,Ramat Gan,Mediterranean,halal,2025-02-19
6722,55+,Haifa,Israeli,kosher,2023-11-09
6723,25-34,Kfar Saba,Israeli,low_carb,2023-09-29
6724,45-54,Haifa,Pizza,halal,2023-03-29
6725,35-44,Herzliya,Mexican,gluten_free,2023-08-24
6726,18-24,Beer Sheva,Sushi,vegetarian,2025-08-25
6727,55+,Ramat Gan,Mediterranean,kosher,2024-07-03
6728,25-34,Netanya,Israeli,kosher,2023-01-25
6729,55+,Ashdod,Seafood,vegetarian,2024-05-28
6730,35-44,Netanya,Pizza,vegetarian,2024-01-03
6731,18-24,Jerusalem,Japanese,halal,2023-07-16
6732,25-34,Ashdod,Indian,halal,2023-02-04
6733,35-44,Ashdod,Sushi,gluten_free,2023-03-23
6734,18-24,Beer Sheva,Mexican,low_carb,2024-08-30
6735,55+,Haifa,Asian,none,2025-07-13
6736,55+,Kfar Saba,Indian,none,2025-02-17
6737,35-44,Ramat Gan,Sushi,kosher,2024-09-03
6738,35-44,Beer Sheva,Asian,kosher,2025-07-03
6739,55+,Rishon LeZion,Seafood,vegan,2023-04-08
6740,25-34,Kfar Saba,Asian,vegan,2025-08-30
6741,45-54,Kfar Saba,Seafood,vegetarian,2024-07-16
6742,18-24,Petah Tikva,Asian,kosher,2025-08-24
6743,18-24,Holon,Italian,gluten_free,2025-04-27
6744,45-54,Jerusalem,Italian,vegetarian,2024-04-20
6745,25-34,Tel Aviv,Pizza,halal,2024-05-12
6746,25-34,Herzliya,Cafe,low_carb,2023-06-21
6747,45-54,Holon,Greek,halal,2023-06-11
6748,35-44,Holon,Asian,low_carb,2023-06-29
6749,45-54,Eilat,Greek,low_carb,2024-09-01
6750,25-34,Jerusalem,Mexican,gluten_free,2025-03-25
6751,55+,Ashdod,Cafe,low_carb,2023-03-22
6752,25-34,Givatayim,Mexican,halal,2023-11-28
6753,45-54,Tel Aviv,Sushi,vegetarian,2024-04-23
6754,35-44,Ramat Gan,Japanese,vegan,2025-07-20
6755,18-24,Haifa,Israeli,vegan,2023-04-20
6756,45-54,Ramat Gan,Burger,vegan,2025-05-24
6757,55+,Petah Tikva,Italian,kosher,2025-03-01
6758,35-44,Rishon LeZion,Vegan,vegan,2023-03-03
6759,25-34,Tel Aviv,Italian,kosher,2024-03-26
6760,55+,Petah Tikva,Cafe,low_carb,2025-06-12
6761,35-44,Herzliya,Greek,kosher,2024-11-21
6762,25-34,Beer Sheva,Seafood,low_carb,2024-11-27
6763,55+,Ramat Gan,Seafood,vegetarian,2024-05-05
6764,35-44,Ramat Gan,Greek,gluten_free,2024-02-08
6765,55+,Ramat Gan,Greek,low_carb,2023-07-24
6766,45-54,Eilat,Burger,low_carb,2025-04-11
6767,25-34,Rishon LeZion,Greek,none,2024-04-07
6768,55+,Tel Aviv,Japanese,low_carb,2025-04-23
6769,55+,Rishon LeZion,Sushi,halal,2023-09-01
6770,18-24,Beer Sheva,Sushi,halal,2023-07-05
6771,25-34,Ramat Gan,Asian,halal,2023-12-21
6772,35-44,Jerusalem,Burger,gluten_free,2024-06-10
6773,35-44,Netanya,Italian,kosher,2025-07-14
6774,18-24,Holon,Thai,halal,2025-08-20
6775,55+,Eilat,Mexican,halal,2023-09-06
6776,18-24,Tel Aviv,Thai,vegan,2024-04-28
6777,45-54,Eilat,Italian,none,2023-10-28
6778,45-54,Petah Tikva,Seafood,low_carb,2024-05-06
6779,55+,Netanya,Mexican,halal,2024-11-26
6780,35-44,Holon,Seafood,vegetarian,2024-03-07
6781,55+,Kfar Saba,Japanese,vegan,2024-03-28
6782,45-54,Netanya,Indian,vegetarian,2024-03-15
6783,25-34,Petah Tikva,Burger,kosher,2023-06-19
6784,35-44,Jerusalem,Asian,kosher,2025-04-19
6785,25-34,Herzliya,Pizza,kosher,2023-08-04
6786,25-34,Petah Tikva,Cafe,vegan,2023-03-12
6787,35-44,Eilat,Israeli,vegan,2024-06-27
6788,18-24,Holon,Japanese,vegan,2025-06-10
6789,18-24,Kfar Saba,Steakhouse,none,2023-07-20
6790,25-34,Holon,Vegan,gluten_free,2023-09-18
6791,18-24,Ramat Gan,Vegan,vegan,2024-07-07
6792,18-24,Petah Tikva,Thai,gluten_free,2024-02-16
6793,35-44,Rishon LeZion,Mediterranean,low_carb,2025-03-25
6794,18-24,Eilat,Burger,vegan,2024-05-24
6795,35-44,Rishon LeZion,Italian,low_carb,2024-04-13
6796,55+,Holon,Greek,kosher,2024-12-09
6797,18-24,Kfar Saba,Vegan,kosher,2024-05-16
6798,18-24,Netanya,Indian,vegetarian,2025-09-18
6799,45-54,Rishon LeZion,Pizza,kosher,2023-02-10
6800,18-24,Herzliya,Italian,none,2024-04-26
6801,25-34,Ashdod,Thai,gluten_free,2023-08-29
6802,35-44,Kfar Saba,Burger,kosher,2024-10-03
6803,18-24,Herzliya,Seafood,none,2023-04-23
6804,18-24,Rishon LeZion,Thai,vegetarian,2023-08-14
6805,45-54,Herzliya,Mediterranean,kosher,2025-08-17
6806,25-34,Rehovot,Sushi,none,2025-07-25
6807,25-34,Herzliya,Israeli,vegetarian,2025-03-20
6808,45-54,Haifa,Asian,low_carb,2025-09-02
6809,55+,Holon,Mediterranean,kosher,2024-12-11
6810,18-24,Beer Sheva,Steakhouse,halal,2025-07-21
6811,25-34,Rishon LeZion,Steakhouse,halal,2025-03-16
6812,25-34,Herzliya,Mexican,vegetarian,2025-06-11
6813,55+,Givatayim,Greek,gluten_free,2023-12-19
6814,18-24,Givatayim,Japanese,vegan,2023-08-13
6815,25-34,Beer Sheva,Pizza,none,2023-04-18
6816,55+,Ramat Gan,Japanese,none,2023-05-29
6817,55+,Givatayim,Burger,gluten_free,2023-03-12
6818,45-54,Holon,Greek,vegetarian,2024-12-30
6819,18-24,Eilat,Pizza,kosher,2023-02-12
6820,45-54,Rishon LeZion,Asian,kosher,2023-12-02
6821,25-34,Jerusalem,Japanese,kosher,2023-03-04
6822,45-54,Jerusalem,Mexican,gluten_free,2024-06-13
6823,55+,Eilat,Seafood,low_carb,2025-03-31
6824,25-34,Kfar Saba,Asian,low_carb,2024-01-14
6825,25-34,Eilat,Pizza,vegetarian,2024-06-04
6826,45-54,Ramat Gan,Thai,none,2025-01-10
6827,25-34,Netanya,Vegan,vegan,2025-05-21
6828,25-34,Eilat,Burger,none,2024-07-07
6829,25-34,Tel Aviv,Italian,kosher,2024-02-04
6830,35-44,Rehovot,Thai,gluten_free,2024-12-05
6831,55+,Netanya,Burger,kosher,2023-03-08
6832,25-34,Givatayim,Cafe,halal,2023-08-03
6833,18-24,Beer Sheva,Israeli,vegan,2023-09-09
6834,35-44,Petah Tikva,Asian,vegetarian,2025-03-20
6835,18-24,Kfar Saba,Israeli,vegetarian,2025-06-23
6836,25-34,Haifa,Burger,halal,2025-06-11
6837,35-44,Haifa,Seafood,vegetarian,2024-06-03
6838,25-34,Eilat,Greek,none,2025-09-26
6839,25-34,Eilat,Pizza,halal,2023-03-19
6840,45-54,Holon,Asian,gluten_free,2023-08-09
6841,25-34,Rehovot,Thai,halal,2023-01-31
6842,35-44,Haifa,Cafe,vegetarian,2024-03-10
6843,25-34,Herzliya,Vegan,gluten_free,2023-10-24
6844,18-24,Rehovot,Vegan,vegan,2024-11-19
6845,25-34,Rishon LeZion,Italian,none,2024-07-12
6846,35-44,Rishon LeZion,Pizza,vegan,2023-08-05
6847,35-44,Holon,Steakhouse,halal,2024-10-10
6848,25-34,Petah Tikva,Mediterranean,kosher,2023-09-24
6849,25-34,Jerusalem,Indian,vegetarian,2025-05-11
6850,25-34,Netanya,Cafe,vegetarian,2023-04-23
6851,55+,Beer Sheva,Italian,kosher,2025-01-28
6852,45-54,Ramat Gan,Italian,low_carb,2025-01-12
6853,25-34,Kfar Saba,Cafe,kosher,2024-01-02
6854,18-24,Rehovot,Vegan,kosher,2023-01-14
6855,25-34,Givatayim,Burger,vegan,2023-09-13
6856,35-44,Netanya,Mediterranean,gluten_free,2023-06-19
6857,35-44,Petah Tikva,Mexican,halal,2025-02-17
6858,35-44,Tel Aviv,Greek,low_carb,2023-02-23
6859,55+,Herzliya,Thai,kosher,2023-11-04
6860,35-44,Jerusalem,Cafe,vegetarian,2025-02-26
6861,18-24,Beer Sheva,Italian,vegan,2025-05-18
6862,18-24,Netanya,Sushi,none,2024-10-12
6863,35-44,Givatayim,Indian,halal,2024-12-15
6864,18-24,Rehovot,Mediterranean,none,2023-02-24
6865,55+,Netanya,Japanese,low_carb,2025-07-11
6866,25-34,Kfar Saba,Italian,low_carb,2024-07-06
6867,55+,Netanya,Cafe,gluten_free,2025-05-15
6868,55+,Givatayim,Pizza,vegetarian,2025-01-08
6869,25-34,Holon,Israeli,gluten_free,2023-02-13
6870,35-44,Givatayim,Pizza,vegan,2024-04-05
6871,45-54,Ramat Gan,Cafe,vegan,2024-12-03
6872,25-34,Givatayim,Israeli,vegetarian,2024-11-20
6873,25-34,Kfar Saba,Mediterranean,kosher,2025-03-21
6874,45-54,Rishon LeZion,Steakhouse,none,2025-09-06
6875,25-34,Herzliya,Greek,none,2024-01-12
6876,18-24,Rishon LeZion,Sushi,low_carb,2024-05-09
6877,18-24,Eilat,Vegan,gluten_free,2023-11-17
6878,35-44,Givatayim,Sushi,vegan,2023-05-14
6879,55+,Kfar Saba,Mexican,halal,2024-06-21
6880,45-54,Beer Sheva,Asian,halal,2025-06-03
6881,25-34,Rehovot,Steakhouse,low_carb,2025-03-17
6882,45-54,Netanya,Mexican,halal,2025-01-21
6883,55+,Jerusalem,Cafe,gluten_free,2024-08-10
6884,45-54,Rishon LeZion,Asian,low_carb,2025-02-14
6885,18-24,Haifa,Asian,none,2023-02-24
6886,55+,Holon,Greek,none,2024-03-10
6887,18-24,Rishon LeZion,Mediterranean,vegan,2023-01-21
6888,18-24,Jerusalem,Vegan,kosher,2025-03-08
6889,25-34,Netanya,Asian,vegetarian,2025-07-16
6890,45-54,Eilat,Italian,vegetarian,2024-01-13
6891,45-54,Herzliya,Indian,kosher,2024-12-01
6892,25-34,Givatayim,Indian,vegetarian,2024-11-14
6893,18-24,Tel Aviv,Vegan,vegetarian,2024-03-20
6894,25-34,Rishon LeZion,Israeli,none,2023-04-14
6895,35-44,Kfar Saba,Steakhouse,vegetarian,2025-01-02
6896,55+,Herzliya,Greek,halal,2024-04-12
6897,45-54,Herzliya,Israeli,halal,2023-03-08
6898,45-54,Eilat,Mediterranean,gluten_free,2025-07-09
6899,35-44,Ramat Gan,Japanese,kosher,2023-03-28
6900,45-54,Rishon LeZion,Burger,vegan,2024-02-16
6901,18-24,Rishon LeZion,Indian,vegetarian,2023-10-28
6902,18-24,Givatayim,Indian,halal,2024-02-21
6903,25-34,Herzliya,Vegan,vegetarian,2024-05-20
6904,45-54,Givatayim,Indian,halal,2023-05-29
6905,45-54,Beer Sheva,Thai,gluten_free,2023-03-12
6906,35-44,Eilat,Asian,gluten_free,2024-07-27
6907,18-24,Rishon LeZion,Israeli,gluten_free,2025-01-14
6908,45-54,Haifa,Pizza,vegetarian,2025-09-20
6909,25-34,Rishon LeZion,Mediterranean,vegan,2023-09-04
6910,35-44,Herzliya,Mexican,halal,2025-04-30
6911,55+,Kfar Saba,Mediterranean,vegetarian,2025-07-12
6912,18-24,Givatayim,Mexican,vegan,2025-01-10
6913,45-54,Haifa,Thai,low_carb,2025-09-15
6914,55+,Kfar Saba,Mexican,vegetarian,2023-07-22
6915,55+,Tel Aviv,Steakhouse,halal,2025-05-01
6916,55+,Holon,Vegan,none,2025-03-31
6917,25-34,Tel Aviv,Cafe,gluten_free,2023-06-28
6918,55+,Holon,Israeli,halal,2025-03-22
6919,18-24,Petah Tikva,Cafe,kosher,2024-11-20
6920,45-54,Givatayim,Italian,halal,2024-09-21
6921,55+,Beer Sheva,Israeli,gluten_free,2023-01-01
6922,35-44,Netanya,Sushi,low_carb,2024-03-02
6923,55+,Kfar Saba,Asian,none,2024-09-30
6924,35-44,Rishon LeZion,Indian,gluten_free,2024-09-21
6925,25-34,Rehovot,Japanese,halal,2023-04-20
6926,35-44,Jerusalem,Vegan,halal,2024-12-10
6927,25-34,Kfar Saba,Indian,low_carb,2025-08-26
6928,45-54,Kfar Saba,Mediterranean,vegetarian,2023-02-28
6929,35-44,Tel Aviv,Seafood,gluten_free,2024-06-22
6930,55+,Ramat Gan,Italian,halal,2024-09-02
6931,55+,Petah Tikva,Israeli,none,2025-08-20
6932,55+,Herzliya,Mexican,low_carb,2023-05-15
6933,35-44,Givatayim,Mexican,halal,2023-11-21
6934,45-54,Petah Tikva,Thai,none,2023-04-29
6935,18-24,Rehovot,Israeli,kosher,2023-10-27
6936,25-34,Jerusalem,Indian,halal,2025-09-12
6937,45-54,Holon,Asian,gluten_free,2023-12-07
6938,35-44,Holon,Israeli,vegan,2023-05-29
6939,25-34,Eilat,Mexican,halal,2025-03-10
6940,35-44,Givatayim,Mediterranean,none,2024-09-02
6941,45-54,Ramat Gan,Burger,vegetarian,2023-10-31
6942,35-44,Beer Sheva,Vegan,low_carb,2024-10-06
6943,18-24,Herzliya,Sushi,vegan,2024-11-14
6944,45-54,Rishon LeZion,Japanese,gluten_free,2025-02-10
6945,35-44,Givatayim,Italian,vegan,2025-04-11
6946,35-44,Haifa,Italian,low_carb,2023-12-19
6947,25-34,Jerusalem,Pizza,vegan,2025-08-23
6948,35-44,Herzliya,Thai,gluten_free,2024-04-21
6949,35-44,Ashdod,Steakhouse,gluten_free,2023-01-12
6950,35-44,Rishon LeZion,Mediterranean,none,2024-10-07
6951,35-44,Petah Tikva,Vegan,halal,2023-09-03
6952,18-24,Petah Tikva,Vegan,low_carb,2025-06-29
6953,55+,Netanya,Japanese,low_carb,2024-08-30
6954,45-54,Haifa,Mediterranean,low_carb,2025-08-26
6955,18-24,Beer Sheva,Steakhouse,low_carb,2024-05-04
6956,35-44,Rehovot,Mexican,vegan,2025-05-20
6957,25-34,Haifa,Mediterranean,halal,2023-02-09
6958,18-24,Rishon LeZion,Thai,gluten_free,2023-02-07
6959,25-34,Kfar Saba,Greek,gluten_free,2023-09-15
6960,18-24,Rehovot,Italian,vegetarian,2025-09-27
6961,55+,Haifa,Indian,gluten_free,2024-04-13
6962,45-54,Tel Aviv,Israeli,halal,2024-02-13
6963,55+,Petah Tikva,Mexican,none,2024-05-27
6964,55+,Petah Tikva,Mexican,kosher,2025-07-23
6965,18-24,Eilat,Cafe,none,2024-12-20
6966,35-44,Rehovot,Sushi,halal,2023-10-28
6967,45-54,Haifa,Israeli,low_carb,2024-11-12
6968,55+,Rehovot,Greek,gluten_free,2025-05-14
6969,45-54,Petah Tikva,Sushi,gluten_free,2024-10-04
6970,55+,Petah Tikva,Greek,vegan,2025-07-02
6971,35-44,Beer Sheva,Steakhouse,none,2025-07-02
6972,18-24,Ashdod,Greek,halal,2024-04-26
6973,25-34,Ashdod,Thai,vegetarian,2023-06-19
6974,55+,Beer Sheva,Sushi,halal,2024-12-15
6975,18-24,Tel Aviv,Pizza,low_carb,2023-09-01
6976,55+,Holon,Sushi,low_carb,2024-06-08
6977,55+,Ramat Gan,Indian,none,2023-04-23
6978,35-44,Herzliya,Japanese,vegan,2025-07-09
6979,35-44,Petah Tikva,Burger,vegan,2025-09-01
6980,55+,Jerusalem,Steakhouse,kosher,2024-05-07
6981,55+,Holon,Sushi,low_carb,2023-04-11
6982,45-54,Kfar Saba,Italian,halal,2023-03-27
6983,25-34,Eilat,Italian,vegan,2025-09-20
6984,55+,Rehovot,Sushi,halal,2023-06-06
6985,25-34,Givatayim,Italian,vegetarian,2025-05-02
6986,55+,Kfar Saba,Steakhouse,vegan,2025-05-26
6987,45-54,Netanya,Asian,low_carb,2023-03-02
6988,25-34,Kfar Saba,Seafood,none,2023-11-23
6989,25-34,Rehovot,Cafe,gluten_free,2024-09-07
6990,45-54,Holon,Greek,vegetarian,2025-01-09
6991,45-54,Ramat Gan,Vegan,low_carb,2023-05-03
6992,35-44,Ramat Gan,Burger,halal,2025-02-24
6993,18-24,Haifa,Israeli,vegetarian,2024-10-28
6994,18-24,Herzliya,Israeli,kosher,2025-04-26
6995,18-24,Ramat Gan,Sushi,vegetarian,2023-09-12
6996,45-54,Jerusalem,Mediterranean,gluten_free,2023-12-03
6997,55+,Holon,Burger,low_carb,2025-05-22
6998,35-44,Rishon LeZion,Indian,kosher,2025-03-10
6999,18-24,Givatayim,Mexican,vegan,2025-07-16
7000,45-54,Haifa,Thai,kosher,2023-01-10
7001,45-54,Rishon LeZion,Israeli,low_carb,2024-05-05
7002,45-54,Netanya,Vegan,vegetarian,2023-06-16
7003,25-34,Netanya,Mediterranean,low_carb,2023-10-19
7004,45-54,Rehovot,Japanese,low_carb,2025-06-08
7005,45-54,Herzliya,Pizza,vegetarian,2025-09-10
7006,25-34,Jerusalem,Pizza,vegan,2023-12-29
7007,35-44,Herzliya,Asian,kosher,2023-11-16
7008,35-44,Givatayim,Japanese,vegetarian,2024-01-03
7009,55+,Rishon LeZion,Asian,kosher,2025-06-20
7010,55+,Rishon LeZion,Asian,halal,2023-06-22
7011,35-44,Herzliya,Cafe,gluten_free,2025-05-13
7012,18-24,Jerusalem,Japanese,vegetarian,2023-10-21
7013,25-34,Netanya,Asian,vegan,2023-02-19
7014,18-24,Haifa,Asian,vegan,2024-02-07
7015,18-24,Eilat,Italian,vegetarian,2023-07-21
7016,45-54,Jerusalem,Steakhouse,gluten_free,2023-04-01
7017,55+,Givatayim,Pizza,vegan,2023-04-20
7018,35-44,Beer Sheva,Cafe,vegan,2023-06-11
7019,35-44,Beer Sheva,Greek,halal,2023-03-06
7020,45-54,Givatayim,Mediterranean,vegetarian,2025-06-15
7021,35-44,Beer Sheva,Burger,gluten_free,2023-08-20
7022,45-54,Rishon LeZion,Mexican,halal,2023-05-08
7023,55+,Herzliya,Thai,halal,2024-04-16
7024,55+,Kfar Saba,Mediterranean,none,2024-02-04
7025,55+,Ashdod,Pizza,vegan,2023-01-09
7026,18-24,Givatayim,Israeli,none,2024-08-25
7027,35-44,Holon,Indian,low_carb,2023-12-05
7028,35-44,Beer Sheva,Mediterranean,none,2025-09-24
7029,18-24,Herzliya,Asian,halal,2023-04-23
7030,35-44,Holon,Seafood,vegetarian,2023-09-24
7031,45-54,Kfar Saba,Israeli,kosher,2023-04-11
7032,45-54,Givatayim,Asian,gluten_free,2024-08-02
7033,45-54,Rehovot,Sushi,vegan,2024-02-21
7034,35-44,Rishon LeZion,Italian,kosher,2023-06-23
7035,55+,Rishon LeZion,Steakhouse,vegan,2024-04-29
7036,45-54,Petah Tikva,Vegan,gluten_free,2025-03-16
7037,55+,Rishon LeZion,Japanese,vegetarian,2025-05-18
7038,25-34,Rehovot,Seafood,none,2023-02-02
7039,25-34,Tel Aviv,Asian,kosher,2025-06-13
7040,55+,Haifa,Greek,kosher,2023-12-27
7041,25-34,Holon,Vegan,low_carb,2024-02-09
7042,45-54,Eilat,Thai,halal,2023-10-08
7043,35-44,Ashdod,Vegan,gluten_free,2024-01-27
7044,18-24,Netanya,Mexican,halal,2024-02-16
7045,35-44,Rishon LeZion,Steakhouse,gluten_free,2024-04-29
7046,55+,Jerusalem,Greek,gluten_free,2025-03-06
7047,45-54,Givatayim,Indian,gluten_free,2023-07-29
7048,45-54,Beer Sheva,Mediterranean,halal,2024-01-17
7049,18-24,Rishon LeZion,Steakhouse,kosher,2023-10-21
7050,55+,Givatayim,Sushi,none,2024-08-14
7051,25-34,Holon,Mexican,halal,2024-01-02
7052,55+,Holon,Vegan,halal,2025-05-29
7053,55+,Petah Tikva,Cafe,halal,2024-02-05
7054,35-44,Petah Tikva,Mexican,gluten_free,2024-01-31
7055,18-24,Eilat,Steakhouse,gluten_free,2025-02-17
7056,55+,Jerusalem,Cafe,none,2025-06-09
7057,35-44,Holon,Seafood,low_carb,2024-08-21
7058,55+,Eilat,Pizza,gluten_free,2024-10-31
7059,35-44,Jerusalem,Pizza,kosher,2023-06-29
7060,25-34,Netanya,Seafood,vegetarian,2023-10-05
7061,35-44,Jerusalem,Mexican,low_carb,2024-01-17
7062,55+,Tel Aviv,Vegan,kosher,2023-07-08
7063,45-54,Jerusalem,Greek,none,2024-12-06
7064,35-44,Petah Tikva,Vegan,vegan,2024-09-30
7065,35-44,Jerusalem,Israeli,vegan,2024-06-07
7066,35-44,Herzliya,Pizza,low_carb,2024-10-19
7067,55+,Rishon LeZion,Burger,vegan,2024-01-12
7068,18-24,Haifa,Sushi,low_carb,2023-02-23
7069,18-24,Herzliya,Mexican,halal,2023-05-10
7070,55+,Jerusalem,Japanese,kosher,2025-05-02
7071,35-44,Herzliya,Italian,vegan,2023-09-15
7072,35-44,Holon,Cafe,none,2023-02-22
7073,55+,Jerusalem,Israeli,vegetarian,2023-03-23
7074,18-24,Jerusalem,Mediterranean,kosher,2023-08-15
7075,35-44,Givatayim,Israeli,vegetarian,2024-06-03
7076,35-44,Eilat,Asian,kosher,2023-04-07
7077,55+,Holon,Seafood,none,2023-03-28
7078,25-34,Kfar Saba,Japanese,none,2025-03-04
7079,18-24,Netanya,Vegan,gluten_free,2025-04-19
7080,45-54,Beer Sheva,Mexican,halal,2023-08-16
7081,35-44,Kfar Saba,Sushi,gluten_free,2023-01-15
7082,35-44,Ramat Gan,Sushi,low_carb,2025-03-13
7083,25-34,Kfar Saba,Vegan,halal,2024-01-25
7084,25-34,Tel Aviv,Italian,gluten_free,2024-11-13
7085,55+,Eilat,Burger,gluten_free,2023-11-06
7086,55+,Tel Aviv,Pizza,gluten_free,2025-07-10
7087,25-34,Beer Sheva,Italian,vegetarian,2024-05-12
7088,35-44,Givatayim,Vegan,halal,2023-03-11
7089,45-54,Givatayim,Thai,gluten_free,2023-08-23
7090,25-34,Jerusalem,Thai,halal,2023-08-07
7091,45-54,Jerusalem,Mediterranean,gluten_free,2023-02-06
7092,25-34,Herzliya,Indian,vegetarian,2024-09-21
7093,45-54,Rishon LeZion,Mediterranean,vegetarian,2025-07-13
7094,35-44,Rishon LeZion,Thai,halal,2025-07-05
7095,45-54,Rehovot,Vegan,vegan,2025-09-10
7096,35-44,Jerusalem,Asian,gluten_free,2024-04-29
7097,35-44,Jerusalem,Mediterranean,vegan,2023-03-26
7098,18-24,Eilat,Cafe,halal,2023-05-16
7099,55+,Holon,Israeli,low_carb,2024-10-02
7100,18-24,Beer Sheva,Cafe,halal,2023-02-23
7101,45-54,Rishon LeZion,Italian,gluten_free,2024-02-20
7102,18-24,Jerusalem,Mediterranean,kosher,2024-11-26
7103,18-24,Rishon LeZion,Thai,vegan,2023-03-20
7104,35-44,Ramat Gan,Steakhouse,halal,2023-07-17
7105,25-34,Tel Aviv,Italian,kosher,2023-06-01
7106,18-24,Haifa,Seafood,none,2024-04-26
7107,18-24,Haifa,Vegan,kosher,2025-04-17
7108,25-34,Rishon LeZion,Mexican,gluten_free,2024-03-25
7109,25-34,Ramat Gan,Indian,halal,2023-04-02
7110,45-54,Haifa,Mexican,vegan,2025-02-21
7111,55+,Ramat Gan,Seafood,kosher,2025-08-25
7112,25-34,Jerusalem,Pizza,vegetarian,2024-10-19
7113,35-44,Rishon LeZion,Japanese,gluten_free,2024-09-05
7114,25-34,Beer Sheva,Mexican,gluten_free,2025-06-14
7115,25-34,Herzliya,Israeli,vegan,2025-03-27
7116,25-34,Petah Tikva,Italian,vegetarian,2023-06-05
7117,25-34,Eilat,Mediterranean,low_carb,2024-06-14
7118,55+,Eilat,Cafe,vegan,2023-12-10
7119,25-34,Jerusalem,Asian,gluten_free,2025-08-11
7120,45-54,Herzliya,Steakhouse,kosher,2025-04-02
7121,55+,Netanya,Mexican,gluten_free,2025-09-21
7122,25-34,Rehovot,Burger,halal,2024-02-29
7123,45-54,Givatayim,Mexican,vegan,2025-04-05
7124,18-24,Netanya,Vegan,kosher,2023-11-29
7125,18-24,Petah Tikva,Israeli,none,2024-07-17
7126,55+,Tel Aviv,Pizza,low_carb,2024-10-14
7127,55+,Petah Tikva,Pizza,gluten_free,2023-03-19
7128,18-24,Jerusalem,Israeli,gluten_free,2023-01-30
7129,55+,Ramat Gan,Japanese,halal,2025-06-01
7130,45-54,Netanya,Cafe,kosher,2023-03-15
7131,55+,Holon,Asian,none,2025-05-13
7132,45-54,Rehovot,Mediterranean,none,2023-10-15
7133,18-24,Haifa,Vegan,vegetarian,2023-01-29
7134,25-34,Tel Aviv,Thai,gluten_free,2024-08-12
7135,18-24,Ramat Gan,Mediterranean,none,2023-11-20
7136,18-24,Netanya,Steakhouse,low_carb,2024-05-11
7137,45-54,Beer Sheva,Mexican,vegetarian,2025-06-15
7138,25-34,Ashdod,Asian,vegetarian,2025-03-20
7139,35-44,Rehovot,Greek,kosher,2023-07-14
7140,55+,Beer Sheva,Mexican,halal,2025-02-10
7141,35-44,Eilat,Vegan,kosher,2023-04-29
7142,35-44,Jerusalem,Greek,low_carb,2024-10-29
7143,25-34,Eilat,Sushi,vegetarian,2024-11-02
7144,18-24,Haifa,Japanese,halal,2025-08-23
7145,18-24,Ashdod,Cafe,kosher,2025-04-29
7146,55+,Ramat Gan,Italian,halal,2023-10-29
7147,55+,Rehovot,Pizza,gluten_free,2024-12-28
7148,45-54,Herzliya,Sushi,halal,2023-04-08
7149,35-44,Eilat,Pizza,halal,2024-06-16
7150,18-24,Rishon LeZion,Sushi,gluten_free,2025-02-17
7151,45-54,Herzliya,Asian,kosher,2024-11-11
7152,45-54,Ashdod,Pizza,gluten_free,2023-03-24
7153,18-24,Ashdod,Burger,gluten_free,2024-03-03
7154,55+,Rishon LeZion,Seafood,low_carb,2023-10-30
7155,55+,Rehovot,Vegan,halal,2025-02-07
7156,55+,Jerusalem,Seafood,low_carb,2024-05-26
7157,25-34,Ramat Gan,Cafe,vegan,2023-01-08
7158,55+,Rishon LeZion,Indian,vegetarian,2024-01-29
7159,18-24,Ashdod,Pizza,kosher,2023-01-19
7160,25-34,Beer Sheva,Sushi,gluten_free,2023-09-10
7161,55+,Netanya,Sushi,none,2025-02-12
7162,18-24,Eilat,Italian,vegetarian,2024-09-20
7163,35-44,Kfar Saba,Indian,vegan,2024-08-24
7164,55+,Kfar Saba,Cafe,gluten_free,2024-03-20
7165,55+,Petah Tikva,Pizza,kosher,2024-03-15
7166,35-44,Holon,Steakhouse,kosher,2023-02-16
7167,55+,Ramat Gan,Seafood,none,2024-12-23
7168,55+,Netanya,Mexican,vegan,2023-03-03
7169,25-34,Ramat Gan,Asian,none,2023-05-08
7170,55+,Jerusalem,Steakhouse,vegetarian,2023-09-14
7171,45-54,Eilat,Mexican,gluten_free,2025-07-03
7172,18-24,Jerusalem,Israeli,vegan,2024-09-02
7173,18-24,Kfar Saba,Vegan,vegetarian,2023-10-11
7174,55+,Netanya,Thai,vegetarian,2023-07-11
7175,35-44,Jerusalem,Asian,gluten_free,2023-04-15
7176,35-44,Tel Aviv,Steakhouse,halal,2023-02-04
7177,45-54,Givatayim,Mediterranean,none,2024-05-10
7178,35-44,Ashdod,Steakhouse,vegetarian,2023-01-07
7179,18-24,Beer Sheva,Greek,gluten_free,2024-01-18
7180,18-24,Ramat Gan,Thai,vegetarian,2023-06-18
7181,35-44,Ashdod,Mexican,vegetarian,2025-08-22
7182,25-34,Ashdod,Sushi,vegetarian,2024-09-22
7183,55+,Tel Aviv,Mexican,none,2025-09-25
7184,18-24,Rishon LeZion,Sushi,vegetarian,2023-06-05
7185,45-54,Holon,Asian,halal,2023-04-14
7186,25-34,Herzliya,Cafe,vegan,2023-01-01
7187,45-54,Holon,Sushi,low_carb,2023-09-16
7188,45-54,Petah Tikva,Pizza,halal,2023-01-02
7189,18-24,Ramat Gan,Burger,low_carb,2024-10-20
7190,18-24,Netanya,Pizza,kosher,2024-07-11
7191,35-44,Ashdod,Mexican,vegetarian,2025-04-11
7192,35-44,Eilat,Greek,halal,2023-12-30
7193,35-44,Herzliya,Vegan,low_carb,2023-07-25
7194,45-54,Haifa,Steakhouse,gluten_free,2023-04-03
7195,25-34,Tel Aviv,Cafe,vegetarian,2023-02-09
7196,55+,Kfar Saba,Asian,none,2024-05-28
7197,25-34,Herzliya,Italian,none,2023-06-03
7198,45-54,Rishon LeZion,Indian,halal,2025-04-09
7199,45-54,Ramat Gan,Mediterranean,gluten_free,2023-09-15
7200,55+,Haifa,Vegan,gluten_free,2023-04-02
7201,55+,Petah Tikva,Mexican,gluten_free,2023-05-11
7202,25-34,Ashdod,Mexican,gluten_free,2024-11-10
7203,55+,Rehovot,Italian,none,2023-02-26
7204,45-54,Haifa,Indian,none,2025-02-06
7205,55+,Haifa,Greek,halal,2023-02-26
7206,35-44,Holon,Sushi,vegetarian,2024-08-12
7207,18-24,Eilat,Italian,halal,2023-05-13
7208,45-54,Jerusalem,Vegan,kosher,2023-02-09
7209,18-24,Ashdod,Steakhouse,vegetarian,2023-10-27
7210,45-54,Tel Aviv,Burger,vegan,2025-06-24
7211,25-34,Jerusalem,Asian,vegan,2024-11-03
7212,25-34,Ramat Gan,Mediterranean,kosher,2025-05-23
7213,25-34,Rehovot,Mediterranean,low_carb,2023-07-17
7214,35-44,Haifa,Israeli,halal,2025-04-07
7215,25-34,Holon,Cafe,gluten_free,2023-09-18
7216,55+,Ashdod,Mediterranean,none,2024-09-07
7217,25-34,Netanya,Steakhouse,vegetarian,2025-05-24
7218,55+,Givatayim,Cafe,none,2024-05-22
7219,18-24,Haifa,Asian,halal,2025-08-03
7220,55+,Jerusalem,Sushi,vegetarian,2023-10-30
7221,35-44,Tel Aviv,Cafe,halal,2025-07-08
7222,55+,Herzliya,Vegan,low_carb,2024-12-09
7223,55+,Ramat Gan,Cafe,none,2024-11-20
7224,25-34,Ashdod,Asian,low_carb,2025-01-30
7225,35-44,Kfar Saba,Indian,none,2024-08-25
7226,55+,Beer Sheva,Israeli,low_carb,2024-06-22
7227,18-24,Tel Aviv,Thai,gluten_free,2024-04-22
7228,45-54,Kfar Saba,Sushi,none,2024-04-01
7229,55+,Kfar Saba,Indian,halal,2024-03-29
7230,25-34,Ramat Gan,Indian,halal,2024-02-20
7231,35-44,Holon,Asian,vegetarian,2023-04-07
7232,35-44,Beer Sheva,Italian,halal,2025-07-12
7233,18-24,Rishon LeZion,Vegan,halal,2024-02-27
7234,55+,Holon,Israeli,gluten_free,2023-08-04
7235,35-44,Rehovot,Italian,gluten_free,2023-01-23
7236,18-24,Jerusalem,Greek,vegan,2024-10-15
7237,25-34,Beer Sheva,Thai,vegan,2023-03-19
7238,35-44,Beer Sheva,Vegan,vegan,2025-04-30
7239,45-54,Holon,Steakhouse,halal,2024-02-08
7240,55+,Netanya,Pizza,vegan,2025-07-22
7241,45-54,Givatayim,Steakhouse,gluten_free,2024-12-05
7242,45-54,Kfar Saba,Italian,none,2025-06-02
7243,55+,Kfar Saba,Pizza,none,2024-09-06
7244,25-34,Kfar Saba,Indian,kosher,2025-01-05
7245,18-24,Ashdod,Japanese,low_carb,2024-12-03
7246,45-54,Petah Tikva,Indian,none,2024-05-19
7247,25-34,Haifa,Steakhouse,none,2024-06-16
7248,25-34,Ashdod,Sushi,vegan,2024-11-14
7249,35-44,Eilat,Asian,kosher,2023-12-31
7250,18-24,Rishon LeZion,Sushi,vegetarian,2025-03-13
7251,45-54,Rehovot,Pizza,vegan,2023-11-06
7252,35-44,Jerusalem,Pizza,vegan,2023-11-01
7253,35-44,Tel Aviv,Steakhouse,gluten_free,2025-05-22
7254,55+,Givatayim,Italian,vegan,2025-04-22
7255,45-54,Ramat Gan,Mexican,gluten_free,2025-06-11
7256,45-54,Eilat,Israeli,gluten_free,2023-01-16
7257,25-34,Herzliya,Seafood,kosher,2025-06-02
7258,55+,Tel Aviv,Sushi,gluten_free,2025-03-29
7259,18-24,Eilat,Steakhouse,low_carb,2023-04-05
7260,55+,Jerusalem,Cafe,none,2025-02-19
7261,35-44,Haifa,Steakhouse,gluten_free,2023-10-15
7262,55+,Rehovot,Vegan,none,2023-02-15
7263,18-24,Beer Sheva,Japanese,vegetarian,2023-06-05
7264,35-44,Givatayim,Italian,low_carb,2024-12-10
7265,35-44,Petah Tikva,Vegan,none,2024-02-06
7266,35-44,Ashdod,Cafe,none,2025-04-24
7267,55+,Jerusalem,Thai,gluten_free,2024-08-25
7268,25-34,Rishon LeZion,Thai,low_carb,2024-08-09
7269,25-34,Jerusalem,Asian,vegetarian,2023-06-06
7270,18-24,Beer Sheva,Steakhouse,halal,2024-09-28
7271,45-54,Haifa,Mexican,vegetarian,2025-02-05
7272,25-34,Ashdod,Thai,kosher,2023-01-11
7273,25-34,Beer Sheva,Seafood,kosher,2023-04-12
7274,18-24,Rehovot,Italian,vegan,2024-10-29
7275,45-54,Ashdod,Israeli,low_carb,2025-09-01
7276,35-44,Holon,Greek,kosher,2025-06-09
7277,35-44,Holon,Italian,halal,2025-05-13
7278,25-34,Ramat Gan,Mexican,gluten_free,2023-12-30
7279,35-44,Ashdod,Japanese,none,2024-09-02
7280,18-24,Netanya,Mexican,kosher,2023-08-28
7281,25-34,Eilat,Sushi,halal,2023-07-02
7282,45-54,Rishon LeZion,Burger,halal,2023-10-15
7283,25-34,Ramat Gan,Seafood,kosher,2024-11-29
7284,25-34,Rishon LeZion,Asian,kosher,2023-09-08
7285,18-24,Herzliya,Asian,vegan,2023-01-06
7286,18-24,Eilat,Asian,none,2023-11-11
7287,25-34,Eilat,Burger,gluten_free,2024-02-07
7288,25-34,Herzliya,Sushi,gluten_free,2025-09-15
7289,25-34,Haifa,Seafood,low_carb,2023-06-18
7290,35-44,Jerusalem,Seafood,low_carb,2025-08-09
7291,25-34,Eilat,Thai,gluten_free,2024-01-07
7292,45-54,Eilat,Cafe,gluten_free,2024-06-08
7293,25-34,Ramat Gan,Mexican,vegetarian,2023-10-03
7294,45-54,Netanya,Indian,none,2023-04-12
7295,45-54,Jerusalem,Steakhouse,gluten_free,2025-06-14
7296,55+,Petah Tikva,Thai,gluten_free,2024-09-30
7297,55+,Holon,Steakhouse,low_carb,2025-08-22
7298,55+,Ramat Gan,Seafood,vegetarian,2025-05-05
7299,45-54,Netanya,Israeli,vegan,2024-03-19
7300,55+,Ramat Gan,Greek,gluten_free,2023-07-25
7301,35-44,Holon,Asian,vegetarian,2023-11-02
7302,25-34,Netanya,Thai,vegan,2024-11-01
7303,25-34,Herzliya,Seafood,low_carb,2023-01-21
7304,18-24,Ashdod,Vegan,vegan,2023-06-08
7305,25-34,Herzliya,Thai,kosher,2024-02-20
7306,18-24,Haifa,Burger,vegan,2024-01-30
7307,25-34,Haifa,Mexican,gluten_free,2023-05-25
7308,18-24,Jerusalem,Vegan,low_carb,2023-03-12
7309,25-34,Tel Aviv,Italian,none,2025-03-25
7310,18-24,Kfar Saba,Indian,kosher,2023-01-29
7311,18-24,Rishon LeZion,Mediterranean,halal,2023-12-12
7312,35-44,Petah Tikva,Thai,low_carb,2025-02-24
7313,55+,Herzliya,Thai,vegetarian,2023-01-06
7314,55+,Tel Aviv,Steakhouse,kosher,2024-09-26
7315,18-24,Tel Aviv,Israeli,none,2025-02-20
7316,55+,Eilat,Greek,none,2025-01-15
7317,45-54,Kfar Saba,Italian,kosher,2025-07-23
7318,25-34,Holon,Asian,vegan,2023-04-06
7319,25-34,Rishon LeZion,Indian,halal,2023-08-01
7320,25-34,Petah Tikva,Mexican,gluten_free,2025-02-17
7321,35-44,Rishon LeZion,Seafood,low_carb,2025-06-18
7322,45-54,Beer Sheva,Israeli,vegetarian,2024-09-14
7323,25-34,Ashdod,Seafood,none,2025-03-23
7324,35-44,Ramat Gan,Cafe,gluten_free,2025-05-19
7325,35-44,Jerusalem,Mexican,vegan,2025-09-16
7326,45-54,Petah Tikva,Cafe,kosher,2024-05-10
7327,18-24,Rehovot,Seafood,vegan,2025-01-08
7328,55+,Givatayim,Cafe,vegetarian,2023-05-25
7329,55+,Ramat Gan,Japanese,low_carb,2023-05-13
7330,18-24,Ramat Gan,Burger,halal,2023-05-02
7331,45-54,Ramat Gan,Indian,vegan,2023-09-17
7332,18-24,Ashdod,Italian,vegetarian,2025-08-04
7333,35-44,Rishon LeZion,Sushi,kosher,2025-05-04
7334,18-24,Ramat Gan,Sushi,vegan,2024-07-08
7335,55+,Givatayim,Italian,low_carb,2025-01-01
7336,45-54,Ramat Gan,Greek,halal,2024-05-10
7337,55+,Jerusalem,Pizza,vegetarian,2024-10-21
7338,55+,Petah Tikva,Israeli,vegetarian,2024-12-14
7339,35-44,Ashdod,Indian,gluten_free,2023-09-15
7340,18-24,Petah Tikva,Israeli,gluten_free,2024-05-02
7341,45-54,Tel Aviv,Thai,low_carb,2023-07-07
7342,18-24,Herzliya,Israeli,kosher,2023-11-29
7343,55+,Kfar Saba,Cafe,gluten_free,2024-10-21
7344,25-34,Herzliya,Cafe,none,2025-02-15
7345,25-34,Tel Aviv,Steakhouse,vegan,2025-03-06
7346,18-24,Herzliya,Israeli,vegetarian,2023-12-11
7347,35-44,Petah Tikva,Italian,vegan,2023-06-22
7348,25-34,Herzliya,Steakhouse,halal,2023-05-25
7349,45-54,Ramat Gan,Steakhouse,halal,2025-04-13
7350,18-24,Petah Tikva,Israeli,vegetarian,2023-06-15
7351,55+,Petah Tikva,Italian,vegetarian,2025-07-24
7352,45-54,Ashdod,Sushi,kosher,2024-12-23
7353,55+,Ashdod,Vegan,low_carb,2024-03-11
7354,55+,Ashdod,Thai,low_carb,2023-06-18
7355,35-44,Ramat Gan,Vegan,gluten_free,2024-11-18
7356,25-34,Netanya,Pizza,vegan,2024-03-21
7357,18-24,Haifa,Israeli,gluten_free,2024-01-21
7358,25-34,Kfar Saba,Asian,low_carb,2024-06-28
7359,25-34,Netanya,Asian,vegetarian,2025-07-16
7360,55+,Jerusalem,Pizza,vegetarian,2023-06-19
7361,25-34,Kfar Saba,Italian,low_carb,2024-10-29
7362,18-24,Beer Sheva,Mexican,gluten_free,2025-01-27
7363,55+,Rehovot,Steakhouse,kosher,2023-07-12
7364,18-24,Herzliya,Indian,none,2023-07-27
7365,18-24,Jerusalem,Steakhouse,kosher,2023-10-18
7366,18-24,Haifa,Indian,low_carb,2024-01-01
7367,55+,Herzliya,Japanese,vegetarian,2025-01-09
7368,35-44,Jerusalem,Thai,low_carb,2023-03-31
7369,18-24,Givatayim,Pizza,halal,2023-02-10
7370,45-54,Rehovot,Italian,halal,2023-04-03
7371,25-34,Eilat,Steakhouse,halal,2023-05-27
7372,25-34,Beer Sheva,Israeli,none,2024-01-09
7373,25-34,Haifa,Italian,vegan,2024-05-21
7374,55+,Jerusalem,Thai,low_carb,2024-12-04
7375,35-44,Rehovot,Israeli,halal,2023-02-09
7376,55+,Givatayim,Vegan,kosher,2023-05-24
7377,18-24,Holon,Seafood,gluten_free,2023-09-06
7378,45-54,Ashdod,Italian,gluten_free,2025-01-29
7379,45-54,Eilat,Mediterranean,vegetarian,2024-03-30
7380,18-24,Ramat Gan,Israeli,none,2023-09-05
7381,45-54,Ashdod,Israeli,kosher,2023-06-17
7382,25-34,Ashdod,Pizza,vegetarian,2024-08-03
7383,18-24,Jerusalem,Mediterranean,kosher,2024-03-06
7384,18-24,Haifa,Asian,none,2023-10-07
7385,18-24,Netanya,Burger,gluten_free,2023-05-28
7386,18-24,Rehovot,Mexican,halal,2023-03-31
7387,45-54,Netanya,Pizza,gluten_free,2025-07-28
7388,35-44,Petah Tikva,Italian,gluten_free,2024-09-25
7389,18-24,Rehovot,Vegan,gluten_free,2023-07-11
7390,55+,Ramat Gan,Indian,gluten_free,2023-02-11
7391,18-24,Ashdod,Japanese,kosher,2024-01-09
7392,25-34,Givatayim,Steakhouse,vegan,2023-03-06
7393,18-24,Givatayim,Sushi,halal,2024-02-02
7394,18-24,Rehovot,Mexican,vegetarian,2024-11-22
7395,55+,Kfar Saba,Sushi,vegetarian,2025-06-20
7396,55+,Haifa,Cafe,vegetarian,2023-09-03
7397,55+,Jerusalem,Asian,vegetarian,2025-08-07
7398,35-44,Givatayim,Indian,low_carb,2024-02-22
7399,18-24,Jerusalem,Cafe,vegan,2024-11-26
7400,35-44,Rishon LeZion,Mediterranean,vegan,2024-05-08
7401,18-24,Jerusalem,Cafe,vegan,2024-02-23
7402,35-44,Herzliya,Cafe,kosher,2025-04-20
7403,25-34,Ashdod,Greek,none,2023-08-10
7404,18-24,Ramat Gan,Pizza,none,2023-11-15
7405,25-34,Netanya,Burger,vegan,2025-07-08
7406,45-54,Ramat Gan,Vegan,halal,2024-03-05
7407,35-44,Netanya,Israeli,low_carb,2025-02-15
7408,45-54,Rehovot,Mexican,halal,2023-09-17
7409,35-44,Rehovot,Pizza,halal,2023-03-26
7410,35-44,Holon,Asian,vegetarian,2025-08-31
7411,45-54,Beer Sheva,Greek,none,2025-09-22
7412,35-44,Holon,Mediterranean,low_carb,2023-09-16
7413,45-54,Givatayim,Vegan,halal,2023-11-27
7414,45-54,Haifa,Indian,gluten_free,2024-07-01
7415,25-34,Ramat Gan,Vegan,vegan,2025-06-22
7416,45-54,Netanya,Vegan,halal,2024-02-17
7417,25-34,Tel Aviv,Indian,none,2024-03-29
7418,35-44,Holon,Steakhouse,gluten_free,2024-05-05
7419,45-54,Rishon LeZion,Steakhouse,halal,2023-09-18
7420,35-44,Tel Aviv,Israeli,kosher,2023-12-06
7421,45-54,Rehovot,Mediterranean,vegetarian,2023-09-05
7422,35-44,Tel Aviv,Pizza,gluten_free,2023-08-25
7423,45-54,Petah Tikva,Israeli,none,2024-01-26
7424,55+,Ashdod,Asian,vegetarian,2023-06-25
7425,35-44,Ashdod,Greek,low_carb,2024-05-30
7426,35-44,Herzliya,Sushi,gluten_free,2024-06-29
7427,55+,Holon,Sushi,vegan,2025-02-02
7428,35-44,Beer Sheva,Sushi,none,2025-02-14
7429,25-34,Eilat,Italian,halal,2025-04-08
7430,18-24,Ashdod,Mexican,vegetarian,2024-02-06
7431,45-54,Haifa,Japanese,none,2024-07-03
7432,25-34,Haifa,Indian,halal,2024-07-11
7433,45-54,Haifa,Italian,halal,2025-04-11
7434,45-54,Eilat,Italian,vegan,2023-08-21
7435,35-44,Ashdod,Japanese,halal,2025-01-18
7436,45-54,Givatayim,Burger,halal,2024-12-04
7437,35-44,Netanya,Steakhouse,none,2023-03-27
7438,35-44,Petah Tikva,Israeli,gluten_free,2025-09-23
7439,18-24,Ramat Gan,Greek,vegan,2023-06-14
7440,55+,Petah Tikva,Japanese,gluten_free,2024-11-25
7441,18-24,Rishon LeZion,Sushi,kosher,2024-02-26
7442,35-44,Kfar Saba,Sushi,gluten_free,2023-09-01
7443,18-24,Beer Sheva,Cafe,none,2024-10-03
7444,18-24,Jerusalem,Israeli,vegan,2024-09-27
7445,25-34,Netanya,Seafood,low_carb,2024-03-22
7446,35-44,Petah Tikva,Pizza,kosher,2025-08-27
7447,45-54,Rehovot,Israeli,vegan,2025-05-03
7448,55+,Tel Aviv,Sushi,vegan,2024-01-29
7449,25-34,Petah Tikva,Thai,low_carb,2024-12-22
7450,18-24,Rehovot,Japanese,low_carb,2024-05-21
7451,35-44,Ashdod,Seafood,vegetarian,2024-08-26
7452,45-54,Rehovot,Japanese,vegetarian,2025-01-21
7453,25-34,Rishon LeZion,Cafe,kosher,2023-08-29
7454,35-44,Tel Aviv,Pizza,none,2025-07-27
7455,55+,Rehovot,Thai,halal,2023-03-21
7456,35-44,Givatayim,Pizza,gluten_free,2025-05-14
7457,25-34,Herzliya,Indian,gluten_free,2024-10-10
7458,55+,Ramat Gan,Italian,vegetarian,2025-03-16
7459,55+,Herzliya,Pizza,kosher,2024-05-21
7460,45-54,Herzliya,Israeli,none,2025-04-18
7461,35-44,Jerusalem,Asian,vegan,2023-11-22
7462,55+,Kfar Saba,Pizza,vegetarian,2023-06-13
7463,55+,Tel Aviv,Seafood,halal,2025-03-29
7464,18-24,Jerusalem,Greek,halal,2025-03-26
7465,18-24,Givatayim,Indian,vegan,2023-07-09
7466,45-54,Eilat,Israeli,none,2024-12-19
7467,55+,Eilat,Japanese,vegetarian,2024-10-06
7468,45-54,Rehovot,Cafe,vegetarian,2023-07-25
7469,18-24,Kfar Saba,Greek,kosher,2023-06-01
7470,25-34,Ramat Gan,Steakhouse,kosher,2023-01-16
7471,25-34,Herzliya,Israeli,vegan,2023-10-12
7472,18-24,Eilat,Mexican,kosher,2024-07-02
7473,25-34,Haifa,Asian,vegetarian,2025-02-03
7474,45-54,Haifa,Burger,vegan,2025-01-03
7475,55+,Eilat,Indian,low_carb,2024-02-29
7476,35-44,Beer Sheva,Sushi,halal,2024-03-31
7477,45-54,Netanya,Greek,low_carb,2025-09-09
7478,18-24,Eilat,Seafood,none,2023-02-07
7479,18-24,Ramat Gan,Thai,none,2024-11-24
7480,18-24,Holon,Italian,vegetarian,2023-08-09
7481,45-54,Ramat Gan,Cafe,halal,2023-04-20
7482,35-44,Ashdod,Italian,low_carb,2023-03-26
7483,25-34,Herzliya,Thai,low_carb,2023-07-03
7484,45-54,Petah Tikva,Japanese,low_carb,2025-05-23
7485,35-44,Givatayim,Israeli,none,2025-04-09
7486,35-44,Petah Tikva,Asian,kosher,2024-12-24
7487,45-54,Rishon LeZion,Asian,kosher,2023-06-14
7488,35-44,Tel Aviv,Steakhouse,vegan,2023-08-01
7489,45-54,Ashdod,Mexican,vegan,2025-03-25
7490,18-24,Petah Tikva,Pizza,none,2025-08-26
7491,25-34,Netanya,Pizza,none,2025-09-22
7492,45-54,Rishon LeZion,Vegan,low_carb,2024-12-10
7493,25-34,Petah Tikva,Cafe,vegan,2024-08-21
7494,18-24,Eilat,Asian,vegetarian,2023-10-26
7495,35-44,Holon,Greek,gluten_free,2024-12-15
7496,55+,Rehovot,Greek,vegan,2023-10-11
7497,18-24,Givatayim,Indian,low_carb,2023-12-19
7498,55+,Haifa,Japanese,none,2024-06-07
7499,55+,Netanya,Sushi,halal,2023-08-08
7500,45-54,Beer Sheva,Mexican,none,2024-06-06
7501,55+,Haifa,Mexican,none,2024-09-06
7502,25-34,Beer Sheva,Italian,none,2024-11-27
7503,35-44,Holon,Burger,kosher,2025-07-10
7504,25-34,Netanya,Sushi,none,2023-06-06
7505,25-34,Herzliya,Vegan,halal,2023-06-09
7506,55+,Netanya,Seafood,halal,2024-11-09
7507,25-34,Holon,Japanese,vegan,2024-04-10
7508,35-44,Jerusalem,Cafe,kosher,2024-07-06
7509,55+,Givatayim,Sushi,halal,2024-01-17
7510,45-54,Eilat,Cafe,halal,2024-09-26
7511,45-54,Netanya,Burger,gluten_free,2024-08-14
7512,18-24,Ramat Gan,Steakhouse,none,2024-10-13
7513,18-24,Holon,Italian,halal,2023-08-26
7514,35-44,Tel Aviv,Mediterranean,kosher,2023-05-03
7515,35-44,Jerusalem,Indian,kosher,2024-05-25
7516,18-24,Haifa,Mexican,vegan,2025-03-25
7517,35-44,Ashdod,Asian,vegetarian,2025-06-16
7518,25-34,Givatayim,Greek,low_carb,2024-05-14
7519,25-34,Beer Sheva,Steakhouse,none,2024-08-02
7520,35-44,Eilat,Mexican,vegan,2024-06-22
7521,55+,Kfar Saba,Japanese,gluten_free,2024-02-24
7522,25-34,Kfar Saba,Thai,halal,2025-06-17
7523,18-24,Holon,Japanese,vegetarian,2023-10-15
7524,55+,Rishon LeZion,Cafe,none,2024-05-05
7525,55+,Jerusalem,Burger,low_carb,2025-07-27
7526,45-54,Beer Sheva,Greek,gluten_free,2024-03-31
7527,55+,Eilat,Italian,vegan,2025-03-24
7528,45-54,Herzliya,Sushi,vegan,2025-08-03
7529,18-24,Rehovot,Burger,vegetarian,2023-07-20
7530,55+,Rishon LeZion,Pizza,kosher,2024-09-13
7531,35-44,Rehovot,Japanese,none,2023-08-27
7532,18-24,Kfar Saba,Sushi,halal,2023-03-11
7533,45-54,Petah Tikva,Steakhouse,vegetarian,2023-05-04
7534,35-44,Netanya,Cafe,vegetarian,2024-01-15
7535,55+,Eilat,Cafe,kosher,2024-04-20
7536,18-24,Rishon LeZion,Cafe,low_carb,2024-06-14
7537,35-44,Givatayim,Mediterranean,vegan,2023-10-02
7538,55+,Herzliya,Indian,vegan,2025-04-29
7539,18-24,Kfar Saba,Israeli,halal,2024-07-02
7540,25-34,Netanya,Asian,vegetarian,2023-01-30
7541,25-34,Givatayim,Mexican,none,2023-03-02
7542,55+,Ramat Gan,Thai,vegan,2025-01-18
7543,25-34,Rehovot,Seafood,none,2023-02-24
7544,45-54,Kfar Saba,Japanese,kosher,2024-10-04
7545,18-24,Rehovot,Asian,none,2024-03-30
7546,35-44,Herzliya,Asian,halal,2024-04-11
7547,18-24,Ashdod,Cafe,vegetarian,2024-09-27
7548,35-44,Kfar Saba,Mediterranean,halal,2025-01-20
7549,55+,Ashdod,Indian,none,2024-08-04
7550,18-24,Herzliya,Italian,kosher,2025-08-22
7551,35-44,Givatayim,Seafood,kosher,2025-05-07
7552,45-54,Beer Sheva,Thai,kosher,2024-12-15
7553,18-24,Givatayim,Cafe,halal,2023-02-15
7554,25-34,Beer Sheva,Vegan,gluten_free,2023-05-31
7555,45-54,Givatayim,Israeli,vegetarian,2024-04-18
7556,55+,Ramat Gan,Pizza,low_carb,2024-05-26
7557,35-44,Eilat,Pizza,kosher,2024-02-21
7558,55+,Petah Tikva,Mediterranean,halal,2023-10-08
7559,25-34,Rehovot,Thai,none,2024-07-09
7560,35-44,Eilat,Cafe,vegan,2024-06-18
7561,55+,Beer Sheva,Mexican,vegetarian,2025-01-07
7562,18-24,Rishon LeZion,Vegan,halal,2023-01-21
7563,25-34,Holon,Vegan,low_carb,2023-04-11
7564,35-44,Haifa,Seafood,vegetarian,2023-09-10
7565,35-44,Jerusalem,Mediterranean,gluten_free,2023-05-22
7566,18-24,Rehovot,Pizza,halal,2024-11-30
7567,25-34,Tel Aviv,Greek,halal,2024-09-07
7568,45-54,Tel Aviv,Greek,vegan,2025-08-03
7569,25-34,Tel Aviv,Thai,vegetarian,2024-07-11
7570,25-34,Jerusalem,Vegan,kosher,2025-05-30
7571,35-44,Rishon LeZion,Pizza,vegan,2024-09-13
7572,35-44,Jerusalem,Israeli,low_carb,2023-11-02
7573,35-44,Haifa,Seafood,halal,2025-05-12
7574,35-44,Holon,Japanese,halal,2024-12-14
7575,35-44,Eilat,Seafood,halal,2025-07-28
7576,25-34,Haifa,Steakhouse,none,2025-08-12
7577,45-54,Herzliya,Cafe,gluten_free,2024-01-06
7578,35-44,Ashdod,Mexican,gluten_free,2025-01-08
7579,18-24,Jerusalem,Asian,halal,2023-11-23
7580,55+,Ramat Gan,Pizza,gluten_free,2023-11-18
7581,45-54,Holon,Burger,kosher,2024-01-16
7582,35-44,Eilat,Asian,vegetarian,2024-06-18
7583,45-54,Givatayim,Pizza,vegetarian,2023-01-02
7584,25-34,Haifa,Mediterranean,kosher,2024-01-16
7585,18-24,Netanya,Pizza,low_carb,2023-07-13
7586,25-34,Herzliya,Israeli,kosher,2023-12-12
7587,55+,Beer Sheva,Vegan,halal,2023-05-20
7588,35-44,Eilat,Italian,vegan,2024-02-04
7589,55+,Petah Tikva,Greek,gluten_free,2023-08-19
7590,25-34,Givatayim,Cafe,vegan,2024-03-22
7591,45-54,Ramat Gan,Mediterranean,gluten_free,2023-09-20
7592,55+,Ramat Gan,Seafood,none,2023-04-27
7593,35-44,Holon,Sushi,kosher,2024-06-07
7594,25-34,Rehovot,Greek,gluten_free,2025-06-12
7595,25-34,Eilat,Burger,low_carb,2024-08-07
7596,35-44,Eilat,Mediterranean,kosher,2025-02-03
7597,18-24,Ashdod,Italian,kosher,2023-05-17
7598,55+,Herzliya,Japanese,vegetarian,2024-08-18
7599,18-24,Ramat Gan,Israeli,halal,2023-01-09
7600,45-54,Holon,Italian,vegan,2025-04-05
7601,18-24,Givatayim,Greek,vegan,2025-03-19
7602,55+,Rishon LeZion,Vegan,none,2024-03-03
7603,35-44,Beer Sheva,Indian,low_carb,2025-01-07
7604,25-34,Netanya,Steakhouse,vegetarian,2025-09-09
7605,45-54,Beer Sheva,Sushi,none,2023-09-13
7606,45-54,Beer Sheva,Japanese,none,2025-06-27
7607,45-54,Holon,Asian,halal,2024-04-14
7608,18-24,Givatayim,Israeli,halal,2025-06-23
7609,45-54,Ramat Gan,Mediterranean,vegetarian,2025-04-18
7610,35-44,Tel Aviv,Japanese,low_carb,2025-08-02
7611,25-34,Petah Tikva,Cafe,low_carb,2024-01-13
7612,45-54,Netanya,Indian,vegan,2025-03-01
7613,35-44,Beer Sheva,Israeli,kosher,2024-03-07
7614,55+,Eilat,Indian,low_carb,2023-06-27
7615,45-54,Herzliya,Sushi,halal,2024-12-12
7616,45-54,Kfar Saba,Mediterranean,gluten_free,2025-01-14
7617,35-44,Ramat Gan,Indian,halal,2025-07-23
7618,35-44,Tel Aviv,Mexican,low_carb,2025-08-31
7619,35-44,Jerusalem,Mediterranean,halal,2023-07-19
7620,55+,Beer Sheva,Burger,vegan,2024-08-18
7621,25-34,Tel Aviv,Asian,gluten_free,2023-10-01
7622,25-34,Herzliya,Mediterranean,vegetarian,2024-12-03
7623,45-54,Eilat,Burger,none,2023-04-10
7624,18-24,Eilat,Sushi,halal,2025-04-17
7625,35-44,Ramat Gan,Thai,gluten_free,2023-05-31
7626,45-54,Ashdod,Burger,low_carb,2025-09-26
7627,35-44,Ashdod,Italian,none,2025-05-28
7628,45-54,Holon,Japanese,vegetarian,2025-04-21
7629,45-54,Kfar Saba,Greek,halal,2025-04-23
7630,18-24,Rehovot,Pizza,gluten_free,2023-06-12
7631,35-44,Tel Aviv,Italian,halal,2025-06-02
7632,25-34,Petah Tikva,Japanese,low_carb,2025-02-26
7633,35-44,Tel Aviv,Vegan,vegetarian,2023-04-28
7634,45-54,Givatayim,Israeli,halal,2024-05-05
7635,45-54,Ashdod,Mediterranean,vegan,2023-01-11
7636,35-44,Herzliya,Asian,halal,2024-01-01
7637,55+,Tel Aviv,Mexican,low_carb,2023-02-09
7638,18-24,Herzliya,Greek,none,2023-03-31
7639,18-24,Rishon LeZion,Burger,vegetarian,2023-05-05
7640,55+,Netanya,Pizza,vegan,2023-11-11
7641,25-34,Tel Aviv,Mediterranean,vegetarian,2025-07-05
7642,18-24,Tel Aviv,Seafood,vegan,2024-03-21
7643,55+,Beer Sheva,Seafood,none,2023-03-24
7644,25-34,Ramat Gan,Vegan,vegetarian,2023-09-11
7645,25-34,Eilat,Burger,kosher,2024-04-19
7646,45-54,Herzliya,Burger,none,2023-11-14
7647,55+,Haifa,Seafood,kosher,2024-09-09
7648,45-54,Givatayim,Sushi,none,2025-08-19
7649,35-44,Holon,Mediterranean,halal,2025-07-19
7650,25-34,Kfar Saba,Italian,halal,2024-01-13
7651,25-34,Beer Sheva,Vegan,low_carb,2023-06-27
7652,45-54,Tel Aviv,Burger,vegetarian,2023-03-25
7653,25-34,Petah Tikva,Mediterranean,vegetarian,2025-01-27
7654,35-44,Tel Aviv,Asian,halal,2024-09-29
7655,25-34,Jerusalem,Seafood,kosher,2023-01-02
7656,35-44,Tel Aviv,Italian,halal,2024-01-22
7657,35-44,Kfar Saba,Indian,kosher,2024-05-02
7658,45-54,Jerusalem,Sushi,kosher,2024-07-01
7659,55+,Holon,Mediterranean,none,2024-07-10
7660,25-34,Beer Sheva,Burger,kosher,2023-03-20
7661,25-34,Haifa,Italian,vegan,2024-11-27
7662,25-34,Haifa,Vegan,low_carb,2023-09-06
7663,18-24,Rehovot,Vegan,vegan,2023-09-06
7664,45-54,Rehovot,Pizza,halal,2023-04-16
7665,35-44,Kfar Saba,Seafood,kosher,2023-10-26
7666,25-34,Kfar Saba,Japanese,none,2024-06-18
7667,45-54,Ramat Gan,Thai,vegetarian,2024-10-10
7668,35-44,Netanya,Japanese,none,2024-04-24
7669,45-54,Herzliya,Vegan,vegan,2024-02-02
7670,35-44,Netanya,Thai,halal,2023-01-11
7671,18-24,Tel Aviv,Greek,vegetarian,2025-02-15
7672,55+,Rishon LeZion,Vegan,low_carb,2024-06-03
7673,25-34,Eilat,Israeli,vegan,2025-05-23
7674,55+,Jerusalem,Steakhouse,kosher,2023-07-03
7675,25-34,Jerusalem,Italian,halal,2025-05-08
7676,25-34,Jerusalem,Greek,halal,2023-04-25
7677,35-44,Kfar Saba,Japanese,vegetarian,2024-12-27
7678,25-34,Ashdod,Japanese,vegetarian,2024-02-23
7679,25-34,Ashdod,Mediterranean,low_carb,2024-05-12
7680,25-34,Rishon LeZion,Seafood,kosher,2024-12-22
7681,55+,Beer Sheva,Burger,vegan,2023-11-22
7682,25-34,Holon,Cafe,gluten_free,2023-02-23
7683,35-44,Holon,Steakhouse,halal,2025-03-16
7684,45-54,Tel Aviv,Sushi,low_carb,2024-07-18
7685,18-24,Givatayim,Vegan,halal,2025-02-16
7686,18-24,Holon,Israeli,vegetarian,2023-05-27
7687,35-44,Ramat Gan,Israeli,kosher,2023-09-12
7688,35-44,Jerusalem,Burger,gluten_free,2023-03-09
7689,18-24,Netanya,Japanese,halal,2024-09-07
7690,35-44,Netanya,Israeli,kosher,2024-07-06
7691,45-54,Givatayim,Sushi,vegan,2023-04-17
7692,45-54,Rishon LeZion,Thai,low_carb,2024-03-15
7693,35-44,Eilat,Italian,kosher,2023-11-23
7694,18-24,Rehovot,Mexican,none,2025-05-18
7695,18-24,Jerusalem,Vegan,kosher,2023-12-24
7696,55+,Netanya,Pizza,vegan,2023-03-20
7697,45-54,Eilat,Vegan,low_carb,2025-03-04
7698,55+,Jerusalem,Thai,none,2025-06-29
7699,55+,Tel Aviv,Indian,halal,2025-08-26
7700,55+,Tel Aviv,Greek,none,2023-10-31
7701,18-24,Haifa,Cafe,vegetarian,2025-09-13
7702,25-34,Eilat,Mexican,kosher,2023-01-28
7703,18-24,Netanya,Italian,gluten_free,2025-04-15
7704,18-24,Eilat,Japanese,vegan,2024-07-28
7705,25-34,Haifa,Indian,kosher,2024-12-18
7706,25-34,Haifa,Greek,kosher,2024-09-09
7707,35-44,Herzliya,Cafe,vegan,2024-09-30
7708,25-34,Ashdod,Sushi,vegan,2025-01-27
7709,35-44,Haifa,Indian,kosher,2025-06-25
7710,35-44,Tel Aviv,Mediterranean,none,2023-05-21
7711,45-54,Herzliya,Italian,vegan,2024-04-01
7712,35-44,Kfar Saba,Burger,low_carb,2025-06-19
7713,18-24,Netanya,Steakhouse,gluten_free,2024-06-06
7714,25-34,Kfar Saba,Asian,vegetarian,2024-01-12
7715,45-54,Jerusalem,Japanese,vegetarian,2024-04-05
7716,45-54,Rehovot,Steakhouse,vegan,2023-06-02
7717,55+,Netanya,Asian,low_carb,2025-05-17
7718,45-54,Herzliya,Japanese,gluten_free,2024-06-23
7719,25-34,Givatayim,Mediterranean,halal,2024-09-26
7720,55+,Rehovot,Pizza,kosher,2025-03-11
7721,55+,Petah Tikva,Italian,gluten_free,2025-06-27
7722,45-54,Kfar Saba,Burger,kosher,2025-01-18
7723,45-54,Rehovot,Asian,halal,2024-10-14
7724,25-34,Rehovot,Italian,low_carb,2024-11-18
7725,45-54,Ashdod,Cafe,none,2024-02-20
7726,18-24,Netanya,Mediterranean,low_carb,2024-12-22
7727,25-34,Ashdod,Israeli,none,2023-08-10
7728,25-34,Givatayim,Pizza,gluten_free,2024-02-16
7729,55+,Eilat,Steakhouse,vegan,2024-12-17
7730,35-44,Petah Tikva,Greek,vegetarian,2025-08-18
7731,18-24,Givatayim,Steakhouse,halal,2023-03-27
7732,25-34,Jerusalem,Thai,vegan,2024-07-28
7733,45-54,Kfar Saba,Mediterranean,none,2024-06-24
7734,55+,Rishon LeZion,Japanese,gluten_free,2025-09-07
7735,55+,Eilat,Israeli,low_carb,2025-06-23
7736,18-24,Ramat Gan,Pizza,low_carb,2023-06-06
7737,18-24,Ashdod,Burger,none,2023-06-10
7738,35-44,Petah Tikva,Israeli,vegan,2024-03-01
7739,45-54,Herzliya,Cafe,low_carb,2024-12-11
7740,25-34,Beer Sheva,Italian,low_carb,2024-11-26
7741,45-54,Jerusalem,Thai,vegan,2024-08-10
7742,25-34,Holon,Greek,gluten_free,2025-03-06
7743,18-24,Eilat,Burger,vegan,2023-02-18
7744,25-34,Rehovot,Cafe,vegan,2024-09-20
7745,35-44,Holon,Sushi,gluten_free,2025-03-23
7746,18-24,Givatayim,Israeli,vegetarian,2023-05-22
7747,25-34,Netanya,Cafe,low_carb,2023-03-16
7748,25-34,Petah Tikva,Asian,kosher,2025-03-11
7749,25-34,Rishon LeZion,Burger,none,2023-10-18
7750,55+,Beer Sheva,Burger,vegetarian,2025-04-13
7751,18-24,Ashdod,Vegan,gluten_free,2023-01-12
7752,55+,Eilat,Sushi,gluten_free,2024-11-06
7753,45-54,Tel Aviv,Thai,halal,2023-12-24
7754,45-54,Jerusalem,Thai,vegan,2024-10-26
7755,45-54,Beer Sheva,Thai,vegetarian,2024-01-19
7756,35-44,Haifa,Mediterranean,gluten_free,2024-11-19
7757,35-44,Kfar Saba,Japanese,low_carb,2025-02-13
7758,55+,Rishon LeZion,Italian,gluten_free,2025-03-21
7759,45-54,Jerusalem,Indian,low_carb,2023-09-25
7760,55+,Rishon LeZion,Thai,kosher,2024-01-15
7761,18-24,Netanya,Mexican,gluten_free,2024-05-08
7762,35-44,Kfar Saba,Seafood,vegan,2024-02-28
7763,35-44,Kfar Saba,Cafe,none,2023-12-02
7764,18-24,Kfar Saba,Asian,gluten_free,2025-03-28
7765,18-24,Givatayim,Japanese,halal,2023-10-11
7766,35-44,Herzliya,Sushi,halal,2025-09-23
7767,25-34,Herzliya,Seafood,kosher,2023-08-19
7768,35-44,Netanya,Mediterranean,low_carb,2024-03-06
7769,45-54,Rishon LeZion,Asian,gluten_free,2024-08-15
7770,55+,Jerusalem,Indian,kosher,2023-12-12
7771,45-54,Kfar Saba,Seafood,gluten_free,2025-01-30
7772,35-44,Haifa,Vegan,gluten_free,2023-03-02
7773,25-34,Rishon LeZion,Vegan,gluten_free,2024-10-20
7774,18-24,Ramat Gan,Vegan,vegetarian,2024-05-09
7775,55+,Eilat,Indian,vegan,2024-08-30
7776,25-34,Rehovot,Greek,vegan,2024-06-02
7777,25-34,Jerusalem,Thai,kosher,2025-08-18
7778,35-44,Netanya,Mediterranean,kosher,2025-03-04
7779,25-34,Eilat,Thai,vegan,2023-09-07
7780,55+,Tel Aviv,Vegan,kosher,2023-07-05
7781,45-54,Tel Aviv,Vegan,low_carb,2025-03-01
7782,35-44,Kfar Saba,Cafe,halal,2024-06-01
7783,25-34,Netanya,Steakhouse,kosher,2023-09-21
7784,18-24,Petah Tikva,Israeli,kosher,2025-06-27
7785,35-44,Ramat Gan,Japanese,vegetarian,2023-01-26
7786,45-54,Jerusalem,Pizza,kosher,2023-04-11
7787,35-44,Rehovot,Israeli,low_carb,2023-08-08
7788,18-24,Haifa,Pizza,vegetarian,2023-05-12
7789,45-54,Eilat,Cafe,halal,2025-05-02
7790,55+,Eilat,Burger,gluten_free,2025-03-15
7791,35-44,Haifa,Mexican,gluten_free,2023-02-03
7792,18-24,Ramat Gan,Seafood,kosher,2024-11-08
7793,45-54,Holon,Vegan,kosher,2023-09-29
7794,35-44,Haifa,Steakhouse,gluten_free,2024-03-29
7795,55+,Haifa,Steakhouse,low_carb,2024-12-27
7796,18-24,Tel Aviv,Sushi,none,2025-03-27
7797,25-34,Ramat Gan,Asian,vegetarian,2024-10-28
7798,45-54,Rishon LeZion,Israeli,halal,2024-12-15
7799,45-54,Rishon LeZion,Thai,low_carb,2023-10-18
7800,55+,Givatayim,Cafe,halal,2024-07-28
7801,35-44,Kfar Saba,Mexican,gluten_free,2023-10-07
7802,45-54,Rishon LeZion,Burger,vegan,2023-01-08
7803,35-44,Eilat,Greek,vegan,2025-09-14
7804,35-44,Rishon LeZion,Italian,halal,2023-01-06
7805,35-44,Rishon LeZion,Mexican,vegan,2023-05-07
7806,35-44,Ashdod,Italian,low_carb,2025-02-23
7807,45-54,Ashdod,Mexican,vegetarian,2023-12-31
7808,35-44,Jerusalem,Thai,low_carb,2025-01-06
7809,18-24,Tel Aviv,Cafe,vegetarian,2024-11-26
7810,18-24,Kfar Saba,Seafood,low_carb,2024-02-28
7811,35-44,Jerusalem,Pizza,vegetarian,2024-03-13
7812,45-54,Petah Tikva,Sushi,halal,2024-12-21
7813,45-54,Tel Aviv,Japanese,none,2024-06-02
7814,25-34,Haifa,Italian,vegan,2023-01-04
7815,25-34,Herzliya,Pizza,vegetarian,2025-08-16
7816,18-24,Rehovot,Italian,kosher,2024-08-05
7817,55+,Jerusalem,Israeli,low_carb,2024-09-21
7818,18-24,Holon,Indian,vegetarian,2024-04-19
7819,45-54,Herzliya,Mediterranean,none,2023-11-29
7820,45-54,Ramat Gan,Japanese,kosher,2025-02-03
7821,18-24,Netanya,Cafe,halal,2023-07-07
7822,55+,Holon,Pizza,gluten_free,2023-11-11
7823,55+,Jerusalem,Sushi,none,2024-02-10
7824,18-24,Rishon LeZion,Sushi,vegetarian,2024-01-18
7825,18-24,Herzliya,Cafe,vegan,2024-03-03
7826,45-54,Eilat,Greek,gluten_free,2025-05-11
7827,55+,Rehovot,Thai,none,2023-07-12
7828,18-24,Ramat Gan,Sushi,kosher,2024-10-07
7829,35-44,Rishon LeZion,Burger,vegetarian,2023-04-02
7830,45-54,Jerusalem,Asian,low_carb,2025-05-18
7831,25-34,Holon,Japanese,vegetarian,2024-08-13
7832,18-24,Eilat,Mexican,low_carb,2023-03-30
7833,45-54,Rehovot,Indian,kosher,2024-04-21
7834,55+,Beer Sheva,Vegan,vegan,2025-07-14
7835,18-24,Kfar Saba,Israeli,gluten_free,2024-09-28
7836,55+,Ashdod,Pizza,kosher,2025-02-25
7837,25-34,Netanya,Mexican,vegan,2025-07-28
7838,18-24,Rishon LeZion,Mediterranean,gluten_free,2024-01-01
7839,55+,Petah Tikva,Japanese,none,2023-07-15
7840,18-24,Jerusalem,Greek,vegetarian,2024-07-27
7841,55+,Givatayim,Cafe,gluten_free,2023-01-23
7842,35-44,Givatayim,Asian,low_carb,2024-03-14
7843,55+,Givatayim,Seafood,kosher,2023-08-20
7844,18-24,Herzliya,Thai,low_carb,2023-12-09
7845,35-44,Holon,Israeli,none,2023-04-04
7846,45-54,Rishon LeZion,Mediterranean,gluten_free,2024-01-10
7847,35-44,Beer Sheva,Sushi,halal,2024-02-19
7848,55+,Petah Tikva,Sushi,vegan,2025-04-19
7849,18-24,Herzliya,Vegan,vegan,2024-01-06
7850,35-44,Petah Tikva,Steakhouse,kosher,2023-04-14
7851,18-24,Eilat,Indian,kosher,2024-06-05
7852,35-44,Ashdod,Italian,none,2024-10-06
7853,18-24,Tel Aviv,Israeli,vegetarian,2025-09-09
7854,18-24,Beer Sheva,Italian,none,2024-12-11
7855,18-24,Beer Sheva,Japanese,low_carb,2023-11-10
7856,55+,Haifa,Steakhouse,low_carb,2024-07-09
7857,25-34,Tel Aviv,Pizza,kosher,2024-04-26
7858,35-44,Eilat,Sushi,low_carb,2023-09-19
7859,55+,Haifa,Cafe,gluten_free,2023-11-05
7860,55+,Netanya,Sushi,kosher,2025-09-14
7861,45-54,Tel Aviv,Steakhouse,halal,2023-07-18
7862,55+,Rishon LeZion,Asian,vegan,2023-04-06
7863,45-54,Beer Sheva,Steakhouse,kosher,2025-03-25
7864,18-24,Haifa,Italian,kosher,2024-04-17
7865,45-54,Netanya,Pizza,halal,2023-01-11
7866,25-34,Netanya,Steakhouse,none,2023-05-20
7867,25-34,Beer Sheva,Japanese,vegan,2024-06-23
7868,25-34,Holon,Mediterranean,gluten_free,2025-05-13
7869,45-54,Rehovot,Cafe,vegetarian,2024-12-29
7870,18-24,Ramat Gan,Burger,none,2023-04-10
7871,55+,Kfar Saba,Italian,none,2025-09-14
7872,25-34,Rehovot,Mexican,vegan,2024-06-19
7873,18-24,Ramat Gan,Indian,vegetarian,2025-07-10
7874,18-24,Holon,Greek,vegetarian,2023-06-15
7875,55+,Rehovot,Asian,vegan,2025-06-12
7876,35-44,Haifa,Vegan,low_carb,2025-07-17
7877,18-24,Petah Tikva,Pizza,none,2024-11-23
7878,18-24,Petah Tikva,Vegan,low_carb,2023-09-07
7879,35-44,Eilat,Mexican,halal,2024-10-10
7880,25-34,Ramat Gan,Israeli,none,2023-10-04
7881,25-34,Rishon LeZion,Vegan,kosher,2023-10-04
7882,25-34,Beer Sheva,Israeli,vegan,2025-05-12
7883,35-44,Jerusalem,Indian,vegan,2025-05-15
7884,55+,Beer Sheva,Greek,gluten_free,2024-08-24
7885,35-44,Tel Aviv,Burger,halal,2023-11-01
7886,45-54,Herzliya,Cafe,low_carb,2023-10-24
7887,25-34,Holon,Japanese,none,2024-01-13
7888,55+,Petah Tikva,Israeli,vegetarian,2025-04-09
7889,35-44,Netanya,Sushi,halal,2023-08-06
7890,45-54,Beer Sheva,Israeli,gluten_free,2023-08-05
7891,25-34,Petah Tikva,Asian,gluten_free,2024-08-27
7892,18-24,Beer Sheva,Indian,gluten_free,2023-01-17
7893,35-44,Netanya,Seafood,kosher,2023-11-24
7894,18-24,Givatayim,Greek,gluten_free,2023-12-18
7895,35-44,Haifa,Asian,kosher,2025-08-10
7896,25-34,Eilat,Cafe,none,2024-01-09
7897,55+,Petah Tikva,Mexican,kosher,2024-06-12
7898,35-44,Petah Tikva,Mexican,gluten_free,2025-04-02
7899,25-34,Ramat Gan,Vegan,gluten_free,2024-01-10
7900,25-34,Eilat,Seafood,vegan,2024-05-28
7901,35-44,Rehovot,Burger,vegetarian,2025-03-05
7902,35-44,Jerusalem,Vegan,low_carb,2023-07-26
7903,35-44,Kfar Saba,Vegan,vegan,2025-02-20
7904,45-54,Beer Sheva,Pizza,vegetarian,2024-04-18
7905,18-24,Tel Aviv,Japanese,none,2024-12-22
7906,25-34,Herzliya,Burger,halal,2023-02-10
7907,45-54,Rishon LeZion,Steakhouse,vegan,2024-08-01
7908,35-44,Tel Aviv,Israeli,vegetarian,2024-03-13
7909,18-24,Beer Sheva,Asian,low_carb,2023-11-05
7910,35-44,Rishon LeZion,Steakhouse,low_carb,2024-07-03
7911,45-54,Holon,Steakhouse,kosher,2024-03-08
7912,45-54,Holon,Pizza,halal,2024-12-14
7913,45-54,Holon,Pizza,none,2024-08-04
7914,45-54,Beer Sheva,Mediterranean,vegetarian,2025-09-27
7915,55+,Givatayim,Italian,gluten_free,2025-09-12
7916,18-24,Ramat Gan,Japanese,halal,2023-04-10
7917,35-44,Netanya,Steakhouse,halal,2023-02-10
7918,55+,Beer Sheva,Japanese,vegetarian,2023-04-12
7919,18-24,Ramat Gan,Thai,gluten_free,2024-06-03
7920,25-34,Petah Tikva,Sushi,low_carb,2023-07-07
7921,18-24,Ramat Gan,Thai,vegetarian,2023-10-12
7922,25-34,Rehovot,Asian,vegan,2024-03-19
7923,18-24,Jerusalem,Pizza,vegetarian,2023-07-02
7924,25-34,Petah Tikva,Vegan,low_carb,2023-01-19
7925,45-54,Kfar Saba,Israeli,vegan,2023-04-27
7926,35-44,Netanya,Vegan,halal,2024-02-25
7927,18-24,Rishon LeZion,Burger,low_carb,2025-09-11
7928,55+,Jerusalem,Vegan,gluten_free,2025-04-05
7929,45-54,Herzliya,Asian,halal,2025-04-19
7930,25-34,Kfar Saba,Cafe,vegan,2024-01-26
7931,25-34,Petah Tikva,Israeli,kosher,2025-06-06
7932,45-54,Holon,Sushi,vegan,2024-01-14
7933,25-34,Ramat Gan,Japanese,kosher,2024-12-23
7934,35-44,Eilat,Italian,gluten_free,2024-12-10
7935,35-44,Netanya,Vegan,vegetarian,2024-12-10
7936,25-34,Jerusalem,Pizza,gluten_free,2023-12-21
7937,45-54,Netanya,Greek,vegetarian,2024-05-18
7938,25-34,Tel Aviv,Italian,kosher,2025-07-07
7939,55+,Beer Sheva,Cafe,low_carb,2024-01-12
7940,35-44,Tel Aviv,Asian,vegetarian,2023-02-22
7941,18-24,Jerusalem,Sushi,vegetarian,2025-01-19
7942,25-34,Jerusalem,Thai,gluten_free,2025-01-08
7943,25-34,Givatayim,Steakhouse,vegan,2025-01-07
7944,25-34,Herzliya,Vegan,vegan,2025-02-27
7945,55+,Haifa,Mediterranean,vegetarian,2023-02-02
7946,25-34,Haifa,Italian,low_carb,2024-07-09
7947,35-44,Haifa,Thai,vegetarian,2023-11-06
7948,35-44,Haifa,Italian,kosher,2023-10-07
7949,55+,Tel Aviv,Indian,kosher,2024-06-01
7950,45-54,Kfar Saba,Vegan,kosher,2023-12-27
7951,25-34,Petah Tikva,Steakhouse,low_carb,2024-01-15
7952,25-34,Ramat Gan,Seafood,low_carb,2023-09-29
7953,45-54,Kfar Saba,Steakhouse,none,2025-06-25
7954,35-44,Herzliya,Thai,kosher,2025-06-29
7955,18-24,Ashdod,Greek,vegan,2023-10-26
7956,55+,Jerusalem,Asian,gluten_free,2024-05-11
7957,18-24,Eilat,Seafood,gluten_free,2023-05-29
7958,55+,Rehovot,Vegan,kosher,2025-06-02
7959,18-24,Givatayim,Indian,low_carb,2025-07-19
7960,55+,Herzliya,Steakhouse,vegetarian,2023-09-24
7961,35-44,Givatayim,Seafood,gluten_free,2025-03-16
7962,18-24,Haifa,Pizza,gluten_free,2023-05-13
7963,45-54,Petah Tikva,Cafe,kosher,2023-03-04
7964,25-34,Rehovot,Thai,gluten_free,2023-07-02
7965,45-54,Haifa,Burger,vegan,2024-08-15
7966,35-44,Kfar Saba,Cafe,none,2023-04-23
7967,45-54,Tel Aviv,Mediterranean,vegan,2025-03-28
7968,45-54,Ashdod,Burger,vegetarian,2023-06-05
7969,55+,Haifa,Mediterranean,gluten_free,2024-12-01
7970,55+,Ashdod,Greek,vegan,2025-03-03
7971,35-44,Rishon LeZion,Thai,gluten_free,2023-11-16
7972,18-24,Beer Sheva,Greek,kosher,2025-01-20
7973,45-54,Beer Sheva,Pizza,kosher,2024-06-15
7974,55+,Beer Sheva,Asian,none,2025-07-08
7975,18-24,Rehovot,Cafe,gluten_free,2024-11-30
7976,18-24,Beer Sheva,Steakhouse,vegetarian,2023-08-22
7977,55+,Jerusalem,Steakhouse,vegetarian,2025-07-12
7978,18-24,Rishon LeZion,Steakhouse,gluten_free,2023-07-02
7979,55+,Rishon LeZion,Indian,gluten_free,2023-02-08
7980,45-54,Givatayim,Pizza,vegan,2025-01-29
7981,35-44,Kfar Saba,Japanese,low_carb,2023-06-07
7982,35-44,Holon,Seafood,none,2025-05-17
7983,18-24,Givatayim,Italian,vegetarian,2023-05-29
7984,25-34,Rishon LeZion,Steakhouse,gluten_free,2023-11-08
7985,25-34,Tel Aviv,Japanese,halal,2023-07-15
7986,55+,Holon,Sushi,low_carb,2023-04-15
7987,25-34,Ramat Gan,Burger,none,2023-01-08
7988,55+,Ashdod,Burger,kosher,2025-09-23
7989,18-24,Tel Aviv,Indian,none,2023-03-15
7990,18-24,Kfar Saba,Asian,vegetarian,2023-06-16
7991,18-24,Kfar Saba,Greek,vegan,2025-04-05
7992,25-34,Tel Aviv,Israeli,kosher,2025-03-17
7993,55+,Beer Sheva,Cafe,vegetarian,2024-04-10
7994,18-24,Kfar Saba,Israeli,low_carb,2025-01-16
7995,35-44,Holon,Asian,low_carb,2024-04-25
7996,25-34,Tel Aviv,Italian,vegan,2025-04-06
7997,45-54,Petah Tikva,Vegan,low_carb,2023-03-27
7998,18-24,Ashdod,Japanese,kosher,2023-10-02
7999,35-44,Jerusalem,Thai,none,2023-02-01
8000,45-54,Netanya,Mediterranean,vegetarian,2024-06-05
8001,55+,Kfar Saba,Israeli,none,2023-04-08
8002,25-34,Ramat Gan,Vegan,gluten_free,2024-07-28
8003,35-44,Herzliya,Burger,none,2024-08-19
8004,45-54,Holon,Mediterranean,vegan,2025-01-16
8005,45-54,Tel Aviv,Vegan,kosher,2023-01-28
8006,55+,Tel Aviv,Thai,low_carb,2023-12-21
8007,18-24,Petah Tikva,Japanese,low_carb,2025-04-15
8008,35-44,Ramat Gan,Pizza,none,2024-03-29
8009,35-44,Haifa,Greek,kosher,2023-12-15
8010,35-44,Petah Tikva,Japanese,vegan,2025-03-07
8011,25-34,Beer Sheva,Pizza,kosher,2023-02-02
8012,18-24,Netanya,Mexican,low_carb,2023-01-09
8013,18-24,Herzliya,Asian,low_carb,2023-11-12
8014,45-54,Jerusalem,Burger,vegetarian,2024-05-31
8015,18-24,Eilat,Indian,vegetarian,2024-02-16
8016,25-34,Rehovot,Italian,none,2023-03-29
8017,35-44,Ramat Gan,Mediterranean,none,2023-05-03
8018,35-44,Holon,Steakhouse,vegetarian,2025-05-25
8019,25-34,Ramat Gan,Mexican,kosher,2025-08-07
8020,45-54,Petah Tikva,Indian,vegan,2024-08-29
8021,55+,Herzliya,Italian,vegan,2023-08-22
8022,55+,Rehovot,Japanese,halal,2023-07-07
8023,55+,Netanya,Steakhouse,gluten_free,2024-11-17
8024,25-34,Kfar Saba,Sushi,kosher,2023-11-14
8025,55+,Givatayim,Italian,halal,2024-07-08
8026,55+,Herzliya,Vegan,vegan,2025-01-08
8027,45-54,Eilat,Mexican,low_carb,2023-03-30
8028,55+,Netanya,Indian,gluten_free,2025-01-30
8029,45-54,Haifa,Cafe,gluten_free,2023-03-26
8030,35-44,Ashdod,Vegan,vegetarian,2023-08-21
8031,45-54,Rishon LeZion,Greek,vegan,2025-02-16
8032,45-54,Ramat Gan,Steakhouse,none,2023-07-29
8033,45-54,Beer Sheva,Indian,vegan,2025-09-17
8034,45-54,Herzliya,Mediterranean,vegetarian,2025-06-29
8035,18-24,Givatayim,Burger,halal,2025-08-01
8036,18-24,Petah Tikva,Greek,vegan,2023-01-17
8037,35-44,Herzliya,Pizza,none,2025-04-13
8038,35-44,Kfar Saba,Vegan,gluten_free,2025-08-02
8039,55+,Rishon LeZion,Vegan,kosher,2023-05-27
8040,55+,Rehovot,Mediterranean,none,2024-11-23
8041,25-34,Petah Tikva,Seafood,gluten_free,2025-02-20
8042,55+,Ramat Gan,Asian,low_carb,2023-12-08
8043,45-54,Haifa,Burger,gluten_free,2025-08-31
8044,18-24,Haifa,Pizza,gluten_free,2023-07-28
8045,45-54,Givatayim,Sushi,kosher,2025-02-16
8046,45-54,Jerusalem,Thai,none,2023-10-16
8047,18-24,Haifa,Sushi,none,2025-03-26
8048,35-44,Ashdod,Cafe,gluten_free,2025-09-04
8049,35-44,Jerusalem,Steakhouse,low_carb,2023-04-08
8050,55+,Petah Tikva,Israeli,kosher,2025-07-30
8051,25-34,Holon,Mediterranean,gluten_free,2024-01-19
8052,25-34,Jerusalem,Italian,none,2023-04-08
8053,18-24,Givatayim,Mexican,gluten_free,2023-05-18
8054,18-24,Herzliya,Seafood,halal,2025-01-29
8055,18-24,Eilat,Mexican,kosher,2023-12-22
8056,25-34,Rehovot,Asian,gluten_free,2024-07-09
8057,45-54,Jerusalem,Seafood,kosher,2023-05-11
8058,25-34,Haifa,Japanese,none,2025-02-14
8059,55+,Petah Tikva,Greek,low_carb,2023-08-14
8060,55+,Rishon LeZion,Mediterranean,none,2024-08-04
8061,55+,Ramat Gan,Sushi,low_carb,2024-07-07
8062,55+,Kfar Saba,Italian,none,2023-07-04
8063,55+,Rehovot,Pizza,vegetarian,2024-01-23
8064,55+,Eilat,Steakhouse,vegetarian,2024-10-23
8065,55+,Rishon LeZion,Steakhouse,halal,2023-03-28
8066,45-54,Tel Aviv,Israeli,low_carb,2024-04-13
8067,18-24,Kfar Saba,Seafood,kosher,2024-06-03
8068,18-24,Jerusalem,Thai,gluten_free,2024-12-17
8069,18-24,Petah Tikva,Pizza,halal,2023-05-10
8070,18-24,Ramat Gan,Asian,kosher,2023-05-23
8071,25-34,Netanya,Thai,halal,2025-02-17
8072,25-34,Eilat,Greek,vegan,2024-10-31
8073,25-34,Haifa,Burger,vegetarian,2023-03-20
8074,45-54,Ramat Gan,Vegan,vegan,2025-04-25
8075,35-44,Rishon LeZion,Steakhouse,low_carb,2023-10-23
8076,35-44,Petah Tikva,Pizza,low_carb,2025-02-25
8077,25-34,Rishon LeZion,Pizza,vegetarian,2024-12-30
8078,35-44,Kfar Saba,Sushi,none,2023-07-21
8079,45-54,Beer Sheva,Cafe,kosher,2023-10-01
8080,25-34,Eilat,Vegan,vegetarian,2025-06-14
8081,18-24,Herzliya,Sushi,kosher,2025-01-12
8082,55+,Ashdod,Steakhouse,low_carb,2024-05-08
8083,18-24,Petah Tikva,Vegan,gluten_free,2025-03-29
8084,35-44,Herzliya,Cafe,kosher,2024-12-13
8085,35-44,Givatayim,Asian,vegan,2024-04-19
8086,35-44,Rehovot,Steakhouse,low_carb,2025-06-30
8087,18-24,Rishon LeZion,Thai,kosher,2025-05-24
8088,55+,Beer Sheva,Thai,vegan,2025-09-09
8089,18-24,Givatayim,Japanese,gluten_free,2023-06-25
8090,45-54,Haifa,Mexican,gluten_free,2024-05-04
8091,25-34,Ashdod,Greek,vegan,2024-09-14
8092,25-34,Beer Sheva,Seafood,gluten_free,2025-04-21
8093,18-24,Haifa,Vegan,gluten_free,2023-10-05
8094,55+,Herzliya,Pizza,none,2025-04-20
8095,55+,Tel Aviv,Sushi,kosher,2025-05-23
8096,55+,Haifa,Israeli,gluten_free,2024-06-05
8097,18-24,Petah Tikva,Pizza,vegan,2024-02-10
8098,25-34,Kfar Saba,Burger,vegan,2025-01-13
8099,25-34,Ashdod,Italian,vegan,2025-01-31
8100,25-34,Rehovot,Sushi,low_carb,2024-09-17
8101,25-34,Kfar Saba,Cafe,vegetarian,2025-05-08
8102,55+,Ashdod,Israeli,kosher,2023-04-26
8103,25-34,Ashdod,Italian,gluten_free,2023-02-09
8104,35-44,Rehovot,Vegan,kosher,2023-11-06
8105,35-44,Rishon LeZion,Mexican,vegan,2023-01-08
8106,25-34,Herzliya,Sushi,halal,2024-07-01
8107,45-54,Petah Tikva,Israeli,vegetarian,2023-12-10
8108,25-34,Kfar Saba,Israeli,gluten_free,2023-03-29
8109,18-24,Haifa,Israeli,none,2023-01-08
8110,45-54,Ramat Gan,Steakhouse,kosher,2024-12-20
8111,55+,Herzliya,Seafood,kosher,2024-06-10
8112,35-44,Kfar Saba,Mediterranean,gluten_free,2024-07-08
8113,18-24,Herzliya,Greek,kosher,2024-06-17
8114,25-34,Givatayim,Indian,vegan,2025-06-05
8115,55+,Ramat Gan,Thai,gluten_free,2023-06-18
8116,55+,Ashdod,Pizza,kosher,2025-06-22
8117,18-24,Holon,Cafe,kosher,2025-04-03
8118,35-44,Holon,Asian,kosher,2024-12-28
8119,45-54,Jerusalem,Mexican,vegetarian,2023-12-27
8120,18-24,Eilat,Italian,low_carb,2023-05-30
8121,25-34,Jerusalem,Japanese,halal,2023-03-31
8122,18-24,Beer Sheva,Greek,none,2023-01-18
8123,25-34,Haifa,Mexican,vegan,2024-09-26
8124,35-44,Ashdod,Steakhouse,low_carb,2024-11-06
8125,55+,Beer Sheva,Seafood,low_carb,2024-08-08
8126,35-44,Givatayim,Indian,vegetarian,2025-06-12
8127,25-34,Beer Sheva,Sushi,gluten_free,2024-10-28
8128,18-24,Beer Sheva,Indian,vegan,2024-01-26
8129,25-34,Petah Tikva,Indian,vegetarian,2023-12-03
8130,45-54,Rishon LeZion,Asian,gluten_free,2023-01-16
8131,45-54,Herzliya,Mediterranean,vegetarian,2025-06-03
8132,45-54,Haifa,Steakhouse,vegan,2025-08-29
8133,55+,Eilat,Steakhouse,halal,2025-06-22
8134,55+,Holon,Indian,none,2023-10-02
8135,35-44,Ramat Gan,Japanese,gluten_free,2024-09-16
8136,45-54,Jerusalem,Sushi,gluten_free,2023-10-29
8137,35-44,Ashdod,Mexican,low_carb,2025-04-28
8138,25-34,Haifa,Burger,vegetarian,2023-05-26
8139,45-54,Netanya,Steakhouse,halal,2024-12-13
8140,18-24,Holon,Burger,halal,2023-04-25
8141,35-44,Herzliya,Asian,gluten_free,2023-02-12
8142,55+,Herzliya,Seafood,halal,2024-06-03
8143,55+,Ashdod,Israeli,none,2025-02-23
8144,55+,Ramat Gan,Vegan,vegetarian,2024-12-02
8145,25-34,Herzliya,Sushi,vegetarian,2024-10-13
8146,18-24,Beer Sheva,Indian,gluten_free,2023-09-28
8147,25-34,Petah Tikva,Greek,vegetarian,2025-09-14
8148,25-34,Kfar Saba,Mediterranean,halal,2023-12-11
8149,18-24,Givatayim,Burger,vegan,2025-07-31
8150,25-34,Eilat,Thai,low_carb,2024-12-09
8151,55+,Givatayim,Sushi,halal,2023-07-04
8152,35-44,Tel Aviv,Cafe,none,2024-06-20
8153,45-54,Eilat,Steakhouse,halal,2024-01-07
8154,55+,Rishon LeZion,Vegan,vegetarian,2023-05-18
8155,25-34,Rishon LeZion,Indian,halal,2024-04-05
8156,45-54,Holon,Burger,vegetarian,2024-02-12
8157,45-54,Rehovot,Mexican,halal,2025-04-22
8158,35-44,Rishon LeZion,Cafe,vegan,2025-09-03
8159,45-54,Eilat,Cafe,vegetarian,2024-10-04
8160,45-54,Eilat,Mediterranean,vegetarian,2024-10-16
8161,25-34,Holon,Israeli,low_carb,2023-05-23
8162,35-44,Holon,Israeli,low_carb,2024-09-30
8163,45-54,Jerusalem,Pizza,kosher,2023-04-26
8164,18-24,Beer Sheva,Israeli,low_carb,2025-09-16
8165,25-34,Eilat,Asian,gluten_free,2023-08-08
8166,25-34,Ashdod,Indian,kosher,2023-06-01
8167,35-44,Givatayim,Asian,gluten_free,2024-03-16
8168,55+,Tel Aviv,Vegan,vegetarian,2024-10-24
8169,55+,Netanya,Italian,none,2023-03-08
8170,35-44,Givatayim,Mediterranean,gluten_free,2025-07-17
8171,25-34,Herzliya,Sushi,gluten_free,2024-06-03
8172,45-54,Jerusalem,Mexican,vegan,2023-11-29
8173,18-24,Herzliya,Seafood,low_carb,2024-05-14
8174,25-34,Ramat Gan,Mexican,gluten_free,2024-06-12
8175,18-24,Ramat Gan,Israeli,low_carb,2025-06-27
8176,45-54,Givatayim,Japanese,none,2024-05-28
8177,55+,Tel Aviv,Vegan,vegetarian,2023-05-16
8178,55+,Rishon LeZion,Asian,kosher,2025-06-01
8179,55+,Givatayim,Pizza,kosher,2023-01-22
8180,45-54,Givatayim,Pizza,vegan,2023-11-13
8181,35-44,Haifa,Pizza,kosher,2024-01-30
8182,55+,Haifa,Burger,vegetarian,2024-09-20
8183,35-44,Ramat Gan,Indian,none,2024-05-04
8184,18-24,Holon,Burger,gluten_free,2025-05-15
8185,55+,Petah Tikva,Mediterranean,vegan,2024-07-11
8186,35-44,Eilat,Israeli,gluten_free,2025-05-16
8187,35-44,Eilat,Burger,kosher,2024-06-08
8188,55+,Kfar Saba,Seafood,gluten_free,2025-04-30
8189,45-54,Haifa,Japanese,vegetarian,2023-12-09
8190,55+,Beer Sheva,Thai,none,2024-11-09
8191,25-34,Eilat,Asian,halal,2024-06-14
8192,25-34,Eilat,Seafood,vegetarian,2023-05-25
8193,35-44,Jerusalem,Greek,kosher,2024-08-14
8194,45-54,Rehovot,Pizza,gluten_free,2025-01-23
8195,55+,Herzliya,Indian,vegetarian,2023-05-27
8196,25-34,Givatayim,Vegan,none,2025-06-01
8197,35-44,Kfar Saba,Mediterranean,kosher,2024-09-11
8198,18-24,Holon,Greek,none,2025-07-26
8199,55+,Beer Sheva,Cafe,halal,2025-09-11
8200,45-54,Herzliya,Indian,gluten_free,2025-01-21
8201,18-24,Herzliya,Sushi,halal,2024-08-28
8202,25-34,Jerusalem,Pizza,low_carb,2023-11-01
8203,55+,Netanya,Sushi,low_carb,2023-05-29
8204,25-34,Rehovot,Japanese,vegan,2023-02-06
8205,18-24,Haifa,Mexican,low_carb,2023-03-31
8206,55+,Beer Sheva,Seafood,kosher,2023-03-12
8207,18-24,Tel Aviv,Mediterranean,low_carb,2024-11-05
8208,35-44,Rishon LeZion,Asian,gluten_free,2023-02-05
8209,25-34,Givatayim,Steakhouse,vegan,2024-11-08
8210,55+,Haifa,Israeli,gluten_free,2023-11-22
8211,45-54,Rehovot,Mediterranean,gluten_free,2024-12-20
8212,55+,Rehovot,Sushi,none,2023-07-28
8213,55+,Rishon LeZion,Burger,kosher,2025-07-19
8214,25-34,Kfar Saba,Mediterranean,vegetarian,2023-08-04
8215,35-44,Petah Tikva,Japanese,none,2025-02-09
8216,25-34,Holon,Vegan,low_carb,2025-07-27
8217,35-44,Rishon LeZion,Vegan,gluten_free,2025-02-25
8218,45-54,Herzliya,Pizza,vegetarian,2023-10-20
8219,55+,Kfar Saba,Italian,none,2024-09-17
8220,45-54,Holon,Mexican,halal,2023-09-28
8221,18-24,Netanya,Italian,halal,2023-10-14
8222,55+,Herzliya,Israeli,kosher,2024-10-26
8223,25-34,Netanya,Cafe,none,2025-09-24
8224,18-24,Netanya,Cafe,vegan,2024-05-16
8225,45-54,Petah Tikva,Israeli,vegetarian,2024-04-06
8226,45-54,Holon,Italian,none,2024-07-16
8227,18-24,Herzliya,Thai,vegan,2024-03-17
8228,25-34,Kfar Saba,Asian,vegan,2024-01-27
8229,45-54,Tel Aviv,Cafe,vegetarian,2023-04-02
8230,45-54,Herzliya,Vegan,low_carb,2023-03-24
8231,55+,Petah Tikva,Japanese,kosher,2024-03-31
8232,55+,Kfar Saba,Mediterranean,halal,2023-10-20
8233,45-54,Herzliya,Vegan,halal,2024-12-14
8234,45-54,Ramat Gan,Seafood,kosher,2024-05-29
8235,45-54,Jerusalem,Italian,kosher,2024-04-22
8236,45-54,Holon,Italian,vegan,2023-07-01
8237,18-24,Givatayim,Seafood,vegetarian,2023-11-29
8238,35-44,Tel Aviv,Israeli,vegetarian,2024-11-26
8239,18-24,Herzliya,Cafe,kosher,2024-10-30
8240,25-34,Ashdod,Burger,vegetarian,2023-03-26
8241,18-24,Ashdod,Burger,vegan,2023-07-23
8242,45-54,Kfar Saba,Steakhouse,low_carb,2024-03-12
8243,25-34,Ramat Gan,Greek,halal,2023-06-13
8244,25-34,Tel Aviv,Italian,vegan,2024-07-29
8245,25-34,Eilat,Steakhouse,none,2024-03-10
8246,55+,Rishon LeZion,Cafe,kosher,2024-10-10
8247,45-54,Ramat Gan,Cafe,vegetarian,2024-02-20
8248,45-54,Tel Aviv,Mexican,low_carb,2025-06-12
8249,18-24,Ashdod,Vegan,gluten_free,2023-04-09
8250,25-34,Kfar Saba,Israeli,vegetarian,2023-01-13
8251,18-24,Holon,Seafood,low_carb,2024-12-05
8252,45-54,Tel Aviv,Asian,kosher,2025-04-21
8253,45-54,Eilat,Greek,vegan,2025-01-24
8254,18-24,Netanya,Steakhouse,none,2025-04-13
8255,25-34,Ashdod,Seafood,kosher,2023-05-27
8256,18-24,Givatayim,Sushi,vegan,2024-09-07
8257,45-54,Rishon LeZion,Asian,vegan,2025-01-31
8258,18-24,Herzliya,Seafood,kosher,2024-11-07
8259,45-54,Ashdod,Japanese,kosher,2023-01-29
8260,45-54,Haifa,Cafe,none,2023-06-13
8261,35-44,Rishon LeZion,Burger,vegetarian,2023-10-13
8262,55+,Beer Sheva,Italian,vegetarian,2024-08-31
8263,55+,Tel Aviv,Mexican,gluten_free,2023-07-09
8264,45-54,Rehovot,Pizza,low_carb,2023-11-04
8265,35-44,Herzliya,Thai,halal,2023-04-25
8266,55+,Netanya,Sushi,halal,2024-03-02
8267,25-34,Netanya,Seafood,kosher,2024-02-22
8268,55+,Rishon LeZion,Steakhouse,vegetarian,2023-10-16
8269,18-24,Haifa,Asian,gluten_free,2023-09-21
8270,25-34,Kfar Saba,Indian,halal,2024-03-06
8271,55+,Kfar Saba,Cafe,vegan,2025-09-16
8272,35-44,Rishon LeZion,Greek,gluten_free,2025-03-31
8273,25-34,Jerusalem,Mexican,halal,2024-12-24
8274,35-44,Jerusalem,Seafood,kosher,2024-10-06
8275,55+,Ramat Gan,Pizza,low_carb,2025-03-14
8276,45-54,Beer Sheva,Thai,kosher,2023-02-03
8277,35-44,Eilat,Steakhouse,halal,2025-03-31
8278,35-44,Netanya,Seafood,halal,2025-08-06
8279,35-44,Jerusalem,Pizza,kosher,2024-10-25
8280,55+,Rishon LeZion,Steakhouse,kosher,2023-09-11
8281,18-24,Jerusalem,Greek,vegetarian,2023-05-02
8282,55+,Herzliya,Thai,vegan,2025-08-18
8283,25-34,Netanya,Italian,none,2023-05-17
8284,25-34,Kfar Saba,Mediterranean,none,2024-02-12
8285,25-34,Kfar Saba,Burger,vegan,2024-06-04
8286,25-34,Ramat Gan,Burger,vegan,2023-09-22
8287,18-24,Eilat,Mediterranean,low_carb,2025-04-17
8288,55+,Ramat Gan,Sushi,halal,2023-09-25
8289,18-24,Beer Sheva,Cafe,halal,2025-03-23
8290,45-54,Petah Tikva,Asian,gluten_free,2025-05-27
8291,25-34,Kfar Saba,Mexican,vegetarian,2023-11-26
8292,45-54,Netanya,Japanese,kosher,2025-07-17
8293,35-44,Kfar Saba,Vegan,vegetarian,2024-08-28
8294,25-34,Rehovot,Vegan,vegetarian,2024-09-27
8295,45-54,Ashdod,Steakhouse,halal,2025-07-23
8296,45-54,Kfar Saba,Steakhouse,vegan,2025-04-27
8297,18-24,Kfar Saba,Vegan,vegan,2025-08-16
8298,25-34,Petah Tikva,Italian,low_carb,2023-06-01
8299,55+,Ashdod,Japanese,vegetarian,2024-02-21
8300,18-24,Rishon LeZion,Sushi,vegetarian,2024-01-19
8301,55+,Beer Sheva,Sushi,none,2024-05-28
8302,35-44,Holon,Mediterranean,gluten_free,2024-02-09
8303,35-44,Ashdod,Sushi,halal,2024-04-05
8304,18-24,Jerusalem,Mediterranean,vegetarian,2023-05-28
8305,45-54,Rishon LeZion,Pizza,low_carb,2024-10-01
8306,25-34,Beer Sheva,Sushi,halal,2024-07-03
8307,18-24,Petah Tikva,Vegan,vegetarian,2023-11-08
8308,35-44,Holon,Asian,low_carb,2024-02-14
8309,55+,Beer Sheva,Steakhouse,vegetarian,2025-08-21
8310,25-34,Haifa,Mexican,kosher,2023-02-18
8311,18-24,Givatayim,Indian,vegan,2024-06-18
8312,45-54,Tel Aviv,Mediterranean,halal,2025-04-19
8313,55+,Ramat Gan,Steakhouse,halal,2024-07-21
8314,45-54,Herzliya,Vegan,vegetarian,2024-07-21
8315,18-24,Eilat,Greek,gluten_free,2025-04-01
8316,18-24,Givatayim,Vegan,kosher,2025-03-17
8317,18-24,Rehovot,Cafe,none,2023-02-20
8318,45-54,Kfar Saba,Italian,vegetarian,2024-04-04
8319,35-44,Tel Aviv,Japanese,low_carb,2024-08-19
8320,55+,Kfar Saba,Japanese,gluten_free,2024-10-22
8321,45-54,Eilat,Italian,none,2023-03-04
8322,55+,Givatayim,Cafe,low_carb,2023-08-15
8323,55+,Jerusalem,Burger,none,2023-09-30
8324,55+,Holon,Mediterranean,gluten_free,2024-08-23
8325,55+,Tel Aviv,Seafood,gluten_free,2023-04-22
8326,55+,Ramat Gan,Seafood,gluten_free,2024-09-23
8327,45-54,Rehovot,Sushi,vegan,2025-08-05
8328,55+,Holon,Seafood,vegetarian,2023-10-31
8329,25-34,Rehovot,Vegan,kosher,2023-11-17
8330,45-54,Kfar Saba,Japanese,vegan,2023-10-08
8331,45-54,Beer Sheva,Burger,kosher,2024-02-05
8332,25-34,Herzliya,Asian,vegan,2024-12-19
8333,35-44,Ashdod,Greek,kosher,2024-02-16
8334,55+,Holon,Sushi,halal,2024-12-19
8335,35-44,Ashdod,Greek,gluten_free,2023-03-12
8336,25-34,Petah Tikva,Burger,kosher,2025-04-05
8337,55+,Beer Sheva,Mediterranean,vegan,2024-11-10
8338,35-44,Petah Tikva,Israeli,kosher,2025-01-12
8339,35-44,Kfar Saba,Sushi,vegan,2025-07-06
8340,45-54,Herzliya,Burger,none,2023-03-11
8341,55+,Tel Aviv,Mediterranean,low_carb,2024-12-09
8342,18-24,Holon,Vegan,kosher,2024-09-05
8343,25-34,Herzliya,Mediterranean,vegan,2025-04-13
8344,18-24,Eilat,Greek,vegan,2024-10-30
8345,18-24,Beer Sheva,Cafe,kosher,2023-10-26
8346,45-54,Beer Sheva,Pizza,low_carb,2023-08-02
8347,35-44,Jerusalem,Burger,none,2025-08-06
8348,18-24,Herzliya,Italian,vegan,2023-11-25
8349,55+,Kfar Saba,Burger,vegan,2024-02-16
8350,35-44,Herzliya,Burger,gluten_free,2023-02-21
8351,55+,Haifa,Vegan,vegetarian,2025-04-08
8352,25-34,Beer Sheva,Mediterranean,low_carb,2024-04-03
8353,25-34,Beer Sheva,Thai,gluten_free,2025-05-29
8354,18-24,Eilat,Pizza,halal,2023-02-06
8355,45-54,Jerusalem,Asian,halal,2024-05-08
8356,25-34,Eilat,Indian,kosher,2023-08-21
8357,18-24,Herzliya,Italian,vegetarian,2024-11-08
8358,45-54,Holon,Mexican,vegetarian,2025-05-17
8359,45-54,Rishon LeZion,Mediterranean,vegetarian,2024-04-08
8360,45-54,Tel Aviv,Asian,vegetarian,2024-07-28
8361,45-54,Tel Aviv,Thai,gluten_free,2024-11-19
8362,45-54,Rehovot,Greek,gluten_free,2024-03-03
8363,55+,Netanya,Asian,none,2023-11-16
8364,18-24,Givatayim,Thai,kosher,2023-02-27
8365,25-34,Givatayim,Israeli,halal,2024-03-19
8366,35-44,Herzliya,Israeli,low_carb,2025-08-08
8367,35-44,Ashdod,Asian,halal,2025-03-08
8368,35-44,Herzliya,Cafe,halal,2023-10-25
8369,35-44,Beer Sheva,Pizza,vegetarian,2024-10-28
8370,45-54,Holon,Indian,low_carb,2024-12-04
8371,18-24,Netanya,Pizza,low_carb,2024-11-23
8372,18-24,Rehovot,Asian,gluten_free,2024-07-12
8373,25-34,Petah Tikva,Israeli,kosher,2023-10-10
8374,55+,Tel Aviv,Italian,halal,2023-02-20
8375,45-54,Ramat Gan,Greek,none,2025-09-05
8376,45-54,Kfar Saba,Pizza,none,2023-08-12
8377,45-54,Rishon LeZion,Thai,vegetarian,2024-05-18
8378,25-34,Holon,Mediterranean,vegan,2024-07-08
8379,55+,Rehovot,Sushi,gluten_free,2023-06-13
8380,18-24,Beer Sheva,Sushi,low_carb,2023-09-20
8381,45-54,Kfar Saba,Japanese,none,2024-09-26
8382,18-24,Haifa,Sushi,vegan,2023-11-28
8383,45-54,Rehovot,Mexican,vegan,2023-11-29
8384,25-34,Ashdod,Italian,vegetarian,2025-04-22
8385,45-54,Beer Sheva,Seafood,none,2023-10-01
8386,55+,Holon,Japanese,gluten_free,2024-10-27
8387,35-44,Holon,Burger,halal,2024-12-01
8388,25-34,Beer Sheva,Mexican,vegan,2024-05-12
8389,18-24,Netanya,Pizza,none,2025-04-01
8390,18-24,Haifa,Steakhouse,gluten_free,2024-05-04
8391,25-34,Herzliya,Seafood,halal,2025-05-08
8392,18-24,Ashdod,Cafe,halal,2023-01-28
8393,55+,Beer Sheva,Burger,vegetarian,2025-08-28
8394,45-54,Eilat,Indian,vegetarian,2024-01-03
8395,35-44,Ramat Gan,Japanese,gluten_free,2025-03-17
8396,55+,Haifa,Greek,kosher,2023-01-14
8397,18-24,Herzliya,Asian,gluten_free,2024-05-30
8398,35-44,Rehovot,Steakhouse,halal,2024-02-06
8399,55+,Rehovot,Mediterranean,low_carb,2025-03-05
8400,18-24,Rehovot,Thai,low_carb,2024-04-18
8401,55+,Beer Sheva,Asian,kosher,2023-07-15
8402,55+,Jerusalem,Mexican,vegan,2023-09-16
8403,35-44,Tel Aviv,Pizza,gluten_free,2024-01-10
8404,18-24,Rehovot,Cafe,none,2024-11-30
8405,18-24,Holon,Pizza,vegan,2024-06-17
8406,45-54,Haifa,Mexican,vegetarian,2023-10-06
8407,45-54,Holon,Mexican,gluten_free,2025-08-24
8408,55+,Eilat,Burger,none,2025-02-16
8409,55+,Herzliya,Mexican,kosher,2023-10-01
8410,45-54,Netanya,Steakhouse,none,2024-01-28
8411,55+,Netanya,Cafe,vegan,2024-03-01
8412,25-34,Jerusalem,Indian,gluten_free,2024-11-13
8413,35-44,Rishon LeZion,Burger,kosher,2024-08-04
8414,55+,Ashdod,Asian,none,2023-12-26
8415,55+,Rishon LeZion,Italian,none,2024-07-11
8416,45-54,Tel Aviv,Mexican,kosher,2024-02-11
8417,45-54,Rishon LeZion,Vegan,halal,2025-03-12
8418,18-24,Rehovot,Indian,gluten_free,2024-05-26
8419,18-24,Ashdod,Seafood,halal,2024-01-16
8420,18-24,Rishon LeZion,Japanese,kosher,2024-01-29
8421,18-24,Ramat Gan,Thai,vegetarian,2025-06-05
8422,25-34,Haifa,Greek,none,2025-09-07
8423,55+,Herzliya,Burger,vegetarian,2025-08-04
8424,35-44,Netanya,Sushi,low_carb,2023-04-18
8425,25-34,Eilat,Cafe,low_carb,2024-11-10
8426,25-34,Eilat,Mediterranean,vegan,2024-08-19
8427,18-24,Rehovot,Pizza,vegetarian,2025-06-06
8428,55+,Tel Aviv,Vegan,none,2025-01-13
8429,45-54,Petah Tikva,Mexican,kosher,2023-09-13
8430,18-24,Tel Aviv,Cafe,kosher,2023-04-02
8431,25-34,Netanya,Asian,kosher,2025-08-24
8432,45-54,Ashdod,Mexican,vegan,2023-12-28
8433,35-44,Holon,Mediterranean,vegan,2025-05-24
8434,35-44,Holon,Mediterranean,low_carb,2024-11-01
8435,45-54,Rishon LeZion,Italian,low_carb,2024-03-01
8436,55+,Ramat Gan,Thai,halal,2024-12-19
8437,45-54,Beer Sheva,Pizza,halal,2025-02-15
8438,25-34,Tel Aviv,Thai,vegetarian,2024-03-09
8439,45-54,Netanya,Asian,vegan,2024-02-15
8440,35-44,Haifa,Vegan,vegan,2024-11-29
8441,45-54,Petah Tikva,Thai,vegan,2024-06-18
8442,18-24,Netanya,Cafe,kosher,2025-05-05
8443,25-34,Holon,Indian,vegetarian,2024-12-01
8444,45-54,Kfar Saba,Sushi,vegetarian,2024-10-18
8445,45-54,Tel Aviv,Asian,none,2024-02-01
8446,18-24,Jerusalem,Seafood,vegetarian,2025-05-28
8447,45-54,Herzliya,Indian,vegan,2024-12-16
8448,18-24,Netanya,Indian,low_carb,2024-12-17
8449,45-54,Eilat,Sushi,kosher,2023-03-28
8450,35-44,Netanya,Israeli,vegan,2024-10-08
8451,35-44,Haifa,Japanese,low_carb,2023-03-13
8452,45-54,Holon,Mediterranean,gluten_free,2023-02-12
8453,45-54,Ashdod,Vegan,halal,2023-04-26
8454,35-44,Rishon LeZion,Pizza,halal,2024-04-04
8455,45-54,Petah Tikva,Cafe,gluten_free,2025-03-24
8456,18-24,Petah Tikva,Vegan,halal,2024-05-11
8457,45-54,Ashdod,Seafood,vegetarian,2024-01-23
8458,25-34,Rishon LeZion,Cafe,none,2023-01-31
8459,18-24,Petah Tikva,Asian,gluten_free,2023-09-10
8460,35-44,Rehovot,Asian,vegan,2023-09-05
8461,25-34,Netanya,Mediterranean,low_carb,2025-07-18
8462,45-54,Holon,Greek,halal,2023-02-16
8463,45-54,Rishon LeZion,Pizza,low_carb,2024-09-09
8464,55+,Jerusalem,Japanese,vegan,2025-07-31
8465,18-24,Netanya,Greek,halal,2023-10-30
8466,55+,Eilat,Israeli,vegan,2023-05-24
8467,18-24,Rehovot,Greek,none,2024-03-09
8468,25-34,Ashdod,Indian,kosher,2023-10-01
8469,18-24,Netanya,Japanese,vegan,2025-09-02
8470,35-44,Tel Aviv,Steakhouse,halal,2025-07-01
8471,45-54,Petah Tikva,Burger,low_carb,2024-10-15
8472,55+,Rishon LeZion,Burger,kosher,2024-06-18
8473,35-44,Netanya,Mexican,low_carb,2024-04-01
8474,18-24,Ashdod,Vegan,gluten_free,2023-03-11
8475,35-44,Haifa,Burger,kosher,2023-05-22
8476,18-24,Rehovot,Mexican,gluten_free,2023-12-28
8477,18-24,Kfar Saba,Thai,low_carb,2023-09-11
8478,35-44,Ramat Gan,Japanese,vegan,2024-11-01
8479,55+,Givatayim,Mediterranean,vegetarian,2025-09-15
8480,45-54,Holon,Greek,none,2023-01-31
8481,55+,Beer Sheva,Thai,gluten_free,2024-09-07
8482,55+,Kfar Saba,Cafe,halal,2024-04-29
8483,55+,Herzliya,Burger,halal,2024-03-20
8484,18-24,Petah Tikva,Burger,low_carb,2023-02-11
8485,45-54,Jerusalem,Pizza,vegetarian,2024-10-08
8486,18-24,Netanya,Mediterranean,low_carb,2023-05-24
8487,55+,Jerusalem,Pizza,none,2024-07-24
8488,45-54,Ashdod,Steakhouse,vegetarian,2024-06-12
8489,35-44,Beer Sheva,Sushi,kosher,2024-01-27
8490,25-34,Tel Aviv,Mexican,low_carb,2025-04-16
8491,35-44,Netanya,Cafe,gluten_free,2025-08-23
8492,35-44,Rehovot,Israeli,low_carb,2023-12-22
8493,25-34,Kfar Saba,Israeli,vegan,2024-12-09
8494,45-54,Eilat,Steakhouse,low_carb,2023-02-06
8495,55+,Haifa,Israeli,low_carb,2023-03-10
8496,18-24,Rishon LeZion,Seafood,halal,2025-04-16
8497,35-44,Netanya,Vegan,vegan,2023-04-07
8498,45-54,Kfar Saba,Indian,low_carb,2024-11-28
8499,25-34,Holon,Burger,low_carb,2025-01-27
8500,25-34,Eilat,Indian,none,2025-03-16
8501,25-34,Jerusalem,Pizza,low_carb,2024-11-18
8502,55+,Ramat Gan,Italian,gluten_free,2024-02-08
8503,35-44,Beer Sheva,Israeli,vegetarian,2023-12-05
8504,35-44,Rishon LeZion,Mexican,halal,2025-08-30
8505,55+,Tel Aviv,Mediterranean,gluten_free,2024-12-18
8506,45-54,Eilat,Italian,low_carb,2024-10-29
8507,55+,Haifa,Pizza,low_carb,2023-05-03
8508,25-34,Ashdod,Seafood,gluten_free,2024-09-20
8509,35-44,Eilat,Mexican,vegan,2024-03-18
8510,45-54,Petah Tikva,Mexican,halal,2023-03-30
8511,35-44,Tel Aviv,Mexican,low_carb,2024-08-11
8512,45-54,Kfar Saba,Asian,vegan,2024-10-14
8513,45-54,Holon,Greek,kosher,2023-09-29
8514,35-44,Netanya,Cafe,halal,2025-02-12
8515,18-24,Tel Aviv,Pizza,halal,2023-03-21
8516,18-24,Petah Tikva,Sushi,gluten_free,2025-02-26
8517,45-54,Holon,Asian,gluten_free,2023-03-15
8518,18-24,Holon,Israeli,halal,2023-08-29
8519,35-44,Rishon LeZion,Cafe,low_carb,2023-07-22
8520,25-34,Eilat,Mediterranean,vegetarian,2024-02-14
8521,25-34,Beer Sheva,Japanese,kosher,2024-02-18
8522,25-34,Ashdod,Israeli,none,2024-05-16
8523,25-34,Herzliya,Japanese,low_carb,2023-09-18
8524,35-44,Haifa,Vegan,low_carb,2023-09-13
8525,35-44,Beer Sheva,Israeli,vegetarian,2024-07-25
8526,18-24,Herzliya,Thai,none,2025-02-10
8527,18-24,Herzliya,Steakhouse,gluten_free,2024-06-09
8528,35-44,Rishon LeZion,Thai,halal,2025-08-13
8529,25-34,Eilat,Pizza,vegan,2025-04-12
8530,25-34,Rishon LeZion,Thai,halal,2025-06-09
8531,35-44,Tel Aviv,Thai,low_carb,2025-06-07
8532,35-44,Rehovot,Thai,halal,2025-04-13
8533,35-44,Beer Sheva,Greek,vegetarian,2024-05-22
8534,55+,Holon,Vegan,none,2025-08-09
8535,25-34,Petah Tikva,Thai,gluten_free,2024-02-26
8536,18-24,Eilat,Vegan,vegetarian,2023-06-29
8537,35-44,Rishon LeZion,Greek,low_carb,2023-03-03
8538,25-34,Holon,Cafe,vegan,2023-07-12
8539,25-34,Rehovot,Pizza,low_carb,2023-11-16
8540,18-24,Jerusalem,Mediterranean,low_carb,2023-04-17
8541,45-54,Ramat Gan,Japanese,gluten_free,2025-02-02
8542,35-44,Herzliya,Burger,low_carb,2024-06-27
8543,45-54,Beer Sheva,Greek,gluten_free,2023-06-08
8544,55+,Haifa,Mediterranean,low_carb,2023-01-13
8545,25-34,Ashdod,Indian,kosher,2025-04-15
8546,25-34,Givatayim,Thai,halal,2023-05-18
8547,18-24,Beer Sheva,Pizza,gluten_free,2025-07-19
8548,18-24,Holon,Asian,vegan,2024-03-15
8549,45-54,Netanya,Asian,none,2023-07-30
8550,55+,Jerusalem,Indian,none,2024-09-17
8551,25-34,Herzliya,Cafe,vegan,2023-04-08
8552,25-34,Ramat Gan,Thai,vegetarian,2024-08-17
8553,18-24,Tel Aviv,Thai,vegan,2024-01-11
8554,25-34,Netanya,Pizza,none,2023-08-03
8555,25-34,Holon,Steakhouse,none,2023-07-24
8556,55+,Givatayim,Israeli,low_carb,2023-12-18
8557,55+,Holon,Cafe,kosher,2023-12-22
8558,45-54,Beer Sheva,Japanese,halal,2025-06-03
8559,45-54,Ashdod,Thai,vegan,2023-10-24
8560,18-24,Petah Tikva,Burger,vegan,2024-12-04
8561,25-34,Netanya,Thai,kosher,2024-09-02
8562,25-34,Herzliya,Asian,vegan,2023-09-02
8563,35-44,Ramat Gan,Asian,gluten_free,2024-12-29
8564,35-44,Petah Tikva,Italian,vegetarian,2024-10-25
8565,25-34,Holon,Pizza,kosher,2024-02-20
8566,55+,Ashdod,Steakhouse,halal,2023-04-11
8567,25-34,Beer Sheva,Asian,vegan,2024-05-04
8568,25-34,Holon,Pizza,none,2025-09-12
8569,35-44,Rehovot,Burger,vegetarian,2023-10-07
8570,45-54,Herzliya,Burger,kosher,2023-04-28
8571,35-44,Rehovot,Sushi,none,2024-06-12
8572,45-54,Holon,Seafood,kosher,2024-07-11
8573,25-34,Beer Sheva,Asian,vegan,2023-12-11
8574,45-54,Ramat Gan,Israeli,kosher,2024-04-01
8575,35-44,Jerusalem,Greek,vegetarian,2025-04-07
8576,25-34,Herzliya,Steakhouse,none,2023-10-02
8577,18-24,Jerusalem,Pizza,halal,2025-03-02
8578,35-44,Tel Aviv,Mexican,vegan,2023-12-20
8579,55+,Rehovot,Greek,halal,2023-01-03
8580,55+,Holon,Mediterranean,none,2024-03-20
8581,35-44,Haifa,Vegan,none,2024-10-06
8582,55+,Kfar Saba,Seafood,halal,2023-03-07
8583,18-24,Herzliya,Burger,halal,2025-07-10
8584,18-24,Haifa,Sushi,vegetarian,2023-10-15
8585,55+,Netanya,Burger,gluten_free,2023-11-19
8586,55+,Herzliya,Japanese,low_carb,2025-05-24
8587,35-44,Rehovot,Japanese,none,2024-08-04
8588,35-44,Ramat Gan,Vegan,halal,2025-08-21
8589,18-24,Eilat,Seafood,halal,2025-02-16
8590,45-54,Kfar Saba,Greek,gluten_free,2025-08-09
8591,35-44,Kfar Saba,Greek,gluten_free,2023-09-24
8592,55+,Rehovot,Sushi,low_carb,2024-07-16
8593,25-34,Ashdod,Thai,vegetarian,2023-06-22
8594,18-24,Tel Aviv,Italian,gluten_free,2023-03-02
8595,55+,Kfar Saba,Sushi,vegetarian,2025-01-12
8596,55+,Ramat Gan,Seafood,low_carb,2024-09-22
8597,55+,Herzliya,Vegan,halal,2023-01-14
8598,25-34,Ramat Gan,Thai,low_carb,2025-06-17
8599,55+,Rishon LeZion,Mediterranean,vegetarian,2025-04-01
8600,55+,Rishon LeZion,Thai,vegan,2023-12-25
8601,25-34,Haifa,Vegan,vegan,2023-08-15
8602,55+,Ramat Gan,Seafood,low_carb,2025-03-22
8603,25-34,Ashdod,Seafood,vegan,2024-11-12
8604,25-34,Kfar Saba,Steakhouse,none,2025-07-15
8605,25-34,Holon,Asian,vegan,2023-04-11
8606,55+,Ramat Gan,Israeli,vegetarian,2023-10-23
8607,25-34,Haifa,Asian,vegetarian,2024-10-27
8608,25-34,Ramat Gan,Pizza,low_carb,2024-11-25
8609,18-24,Ramat Gan,Sushi,kosher,2023-08-14
8610,18-24,Rehovot,Mexican,vegetarian,2023-12-07
8611,25-34,Herzliya,Greek,low_carb,2023-04-06
8612,45-54,Givatayim,Greek,none,2024-06-29
8613,25-34,Kfar Saba,Indian,low_carb,2024-07-25
8614,55+,Rishon LeZion,Thai,low_carb,2023-12-18
8615,25-34,Netanya,Indian,none,2024-05-21
8616,55+,Kfar Saba,Sushi,vegan,2025-04-02
8617,45-54,Haifa,Pizza,gluten_free,2023-09-09
8618,25-34,Haifa,Greek,vegan,2023-03-05
8619,55+,Rehovot,Mexican,none,2023-03-25
8620,18-24,Netanya,Italian,vegetarian,2023-07-19
8621,18-24,Netanya,Greek,gluten_free,2025-06-27
8622,45-54,Rishon LeZion,Sushi,vegan,2025-08-22
8623,55+,Haifa,Seafood,gluten_free,2025-07-24
8624,25-34,Jerusalem,Cafe,kosher,2024-12-14
8625,18-24,Givatayim,Mediterranean,none,2024-11-29
8626,55+,Ramat Gan,Seafood,kosher,2025-09-18
8627,35-44,Kfar Saba,Vegan,vegetarian,2023-06-17
8628,45-54,Ramat Gan,Greek,none,2023-10-20
8629,45-54,Herzliya,Seafood,gluten_free,2025-09-13
8630,25-34,Netanya,Steakhouse,halal,2025-05-06
8631,55+,Herzliya,Italian,kosher,2023-11-27
8632,45-54,Ashdod,Cafe,gluten_free,2024-08-06
8633,25-34,Herzliya,Thai,none,2025-08-01
8634,55+,Eilat,Mexican,halal,2023-11-13
8635,55+,Kfar Saba,Burger,vegan,2023-10-18
8636,35-44,Beer Sheva,Asian,halal,2025-07-15
8637,18-24,Rehovot,Greek,none,2023-01-09
8638,18-24,Tel Aviv,Israeli,kosher,2023-04-17
8639,35-44,Kfar Saba,Italian,none,2023-10-01
8640,45-54,Eilat,Vegan,none,2025-08-18
8641,25-34,Ashdod,Mexican,vegan,2025-07-03
8642,35-44,Jerusalem,Cafe,low_carb,2025-07-23
8643,18-24,Petah Tikva,Thai,vegan,2024-11-08
8644,35-44,Ashdod,Italian,halal,2023-04-04
8645,18-24,Jerusalem,Pizza,low_carb,2025-07-15
8646,25-34,Rehovot,Mexican,halal,2025-03-31
8647,18-24,Jerusalem,Indian,vegetarian,2023-04-22
8648,25-34,Eilat,Mediterranean,halal,2023-09-19
8649,35-44,Beer Sheva,Greek,halal,2023-06-06
8650,18-24,Netanya,Asian,kosher,2023-05-31
8651,45-54,Rishon LeZion,Steakhouse,vegan,2024-06-07
8652,18-24,Tel Aviv,Thai,kosher,2025-02-01
8653,35-44,Eilat,Burger,low_carb,2025-08-03
8654,35-44,Holon,Italian,gluten_free,2024-02-04
8655,55+,Ramat Gan,Sushi,low_carb,2025-08-28
8656,25-34,Ashdod,Sushi,gluten_free,2023-04-05
8657,55+,Ashdod,Cafe,gluten_free,2023-08-31
8658,35-44,Petah Tikva,Thai,halal,2023-06-10
8659,35-44,Rishon LeZion,Thai,vegan,2023-07-21
8660,25-34,Herzliya,Italian,vegetarian,2024-08-28
8661,18-24,Holon,Mediterranean,low_carb,2025-02-16
8662,45-54,Tel Aviv,Vegan,low_carb,2024-10-02
8663,25-34,Jerusalem,Steakhouse,none,2025-03-13
8664,18-24,Kfar Saba,Japanese,vegan,2025-07-12
8665,45-54,Tel Aviv,Steakhouse,gluten_free,2023-12-28
8666,25-34,Kfar Saba,Asian,gluten_free,2023-11-13
8667,45-54,Netanya,Sushi,low_carb,2025-07-30
8668,18-24,Herzliya,Greek,vegetarian,2023-06-25
8669,35-44,Eilat,Cafe,gluten_free,2025-09-25
8670,45-54,Kfar Saba,Mediterranean,low_carb,2023-08-09
8671,55+,Ramat Gan,Sushi,halal,2023-03-10
8672,25-34,Jerusalem,Thai,low_carb,2025-05-15
8673,55+,Ramat Gan,Italian,kosher,2024-07-10
8674,55+,Jerusalem,Italian,low_carb,2024-01-16
8675,25-34,Tel Aviv,Pizza,low_carb,2023-10-23
8676,25-34,Netanya,Mediterranean,low_carb,2025-04-19
8677,35-44,Givatayim,Italian,vegetarian,2025-03-14
8678,45-54,Herzliya,Israeli,gluten_free,2025-06-10
8679,45-54,Haifa,Steakhouse,kosher,2023-02-01
8680,18-24,Petah Tikva,Vegan,none,2025-09-02
8681,18-24,Haifa,Mediterranean,kosher,2024-06-07
8682,25-34,Rehovot,Israeli,none,2023-03-12
8683,55+,Netanya,Asian,low_carb,2023-09-07
8684,35-44,Beer Sheva,Steakhouse,vegetarian,2023-12-24
8685,45-54,Kfar Saba,Vegan,low_carb,2023-03-11
8686,18-24,Haifa,Mediterranean,vegan,2025-08-02
8687,18-24,Petah Tikva,Mexican,kosher,2024-07-06
8688,45-54,Givatayim,Thai,vegan,2024-09-03
8689,18-24,Netanya,Italian,none,2023-07-16
8690,35-44,Jerusalem,Steakhouse,kosher,2025-03-19
8691,45-54,Rehovot,Steakhouse,low_carb,2024-08-03
8692,55+,Ramat Gan,Japanese,low_carb,2024-10-01
8693,25-34,Jerusalem,Pizza,vegetarian,2023-12-09
8694,18-24,Tel Aviv,Sushi,vegan,2023-09-27
8695,35-44,Eilat,Burger,vegetarian,2024-08-06
8696,35-44,Ashdod,Pizza,low_carb,2024-12-26
8697,35-44,Holon,Israeli,none,2024-01-16
8698,35-44,Rehovot,Mediterranean,vegan,2025-04-05
8699,45-54,Beer Sheva,Israeli,vegetarian,2023-03-24
8700,35-44,Haifa,Sushi,low_carb,2025-02-10
8701,18-24,Ashdod,Mexican,vegan,2023-01-27
8702,45-54,Haifa,Italian,halal,2024-03-10
8703,55+,Ramat Gan,Pizza,vegetarian,2024-05-16
8704,45-54,Eilat,Greek,none,2025-04-14
8705,45-54,Givatayim,Vegan,vegan,2023-11-03
8706,18-24,Petah Tikva,Seafood,vegan,2023-03-13
8707,35-44,Netanya,Vegan,low_carb,2025-08-23
8708,25-34,Ramat Gan,Pizza,low_carb,2023-09-27
8709,35-44,Jerusalem,Thai,low_carb,2025-06-30
8710,25-34,Petah Tikva,Cafe,vegetarian,2023-12-30
8711,35-44,Eilat,Vegan,kosher,2023-05-06
8712,35-44,Jerusalem,Indian,gluten_free,2025-01-12
8713,35-44,Petah Tikva,Mexican,low_carb,2024-10-22
8714,45-54,Eilat,Israeli,low_carb,2023-06-12
8715,45-54,Ashdod,Sushi,low_carb,2024-02-14
8716,55+,Kfar Saba,Mediterranean,none,2024-03-26
8717,35-44,Ashdod,Israeli,halal,2024-07-10
8718,35-44,Tel Aviv,Japanese,kosher,2025-09-01
8719,18-24,Eilat,Sushi,gluten_free,2023-12-08
8720,18-24,Jerusalem,Mediterranean,kosher,2023-02-28
8721,35-44,Haifa,Vegan,halal,2023-05-28
8722,35-44,Petah Tikva,Indian,kosher,2024-01-17
8723,25-34,Eilat,Israeli,none,2024-08-17
8724,45-54,Beer Sheva,Thai,none,2023-04-25
8725,25-34,Petah Tikva,Asian,low_carb,2024-05-25
8726,25-34,Herzliya,Indian,vegan,2023-06-06
8727,18-24,Givatayim,Japanese,none,2024-04-01
8728,18-24,Kfar Saba,Asian,halal,2024-07-13
8729,25-34,Eilat,Vegan,kosher,2025-06-01
8730,45-54,Eilat,Indian,halal,2024-12-12
8731,45-54,Netanya,Pizza,gluten_free,2025-01-29
8732,45-54,Rehovot,Vegan,vegan,2023-12-09
8733,55+,Eilat,Asian,vegetarian,2023-02-05
8734,35-44,Tel Aviv,Israeli,low_carb,2023-07-15
8735,25-34,Haifa,Thai,vegetarian,2024-02-15
8736,35-44,Netanya,Vegan,vegetarian,2023-01-07
8737,35-44,Netanya,Burger,halal,2024-10-17
8738,25-34,Tel Aviv,Cafe,halal,2023-09-07
8739,55+,Netanya,Greek,gluten_free,2023-03-26
8740,35-44,Holon,Pizza,gluten_free,2025-07-27
8741,45-54,Rishon LeZion,Asian,kosher,2024-02-17
8742,18-24,Kfar Saba,Sushi,none,2024-08-13
8743,45-54,Ashdod,Japanese,none,2025-07-11
8744,25-34,Ashdod,Israeli,gluten_free,2023-09-11
8745,55+,Holon,Cafe,kosher,2024-12-23
8746,18-24,Beer Sheva,Steakhouse,vegan,2025-06-21
8747,35-44,Herzliya,Asian,low_carb,2024-03-24
8748,45-54,Eilat,Mediterranean,vegan,2024-12-05
8749,25-34,Petah Tikva,Israeli,low_carb,2024-02-01
8750,35-44,Petah Tikva,Pizza,none,2024-10-17
8751,25-34,Holon,Israeli,halal,2025-06-22
8752,35-44,Holon,Italian,kosher,2023-05-06
8753,45-54,Haifa,Thai,halal,2024-09-07
8754,25-34,Jerusalem,Mediterranean,vegetarian,2023-09-09
8755,35-44,Haifa,Burger,vegetarian,2024-01-26
8756,18-24,Rishon LeZion,Israeli,gluten_free,2025-05-08
8757,35-44,Rehovot,Sushi,vegan,2023-08-11
8758,55+,Netanya,Burger,kosher,2023-10-08
8759,35-44,Ashdod,Thai,halal,2024-02-28
8760,25-34,Ashdod,Italian,gluten_free,2024-06-29
8761,45-54,Netanya,Vegan,none,2023-05-10
8762,18-24,Ramat Gan,Seafood,halal,2025-05-19
8763,35-44,Eilat,Asian,none,2024-01-28
8764,18-24,Jerusalem,Greek,vegan,2023-03-05
8765,25-34,Eilat,Japanese,vegetarian,2024-02-14
8766,35-44,Tel Aviv,Seafood,low_carb,2024-03-31
8767,25-34,Ashdod,Thai,low_carb,2023-05-31
8768,45-54,Herzliya,Asian,halal,2023-06-22
8769,45-54,Netanya,Asian,halal,2024-05-19
8770,18-24,Ashdod,Japanese,gluten_free,2025-08-28
8771,18-24,Eilat,Mexican,halal,2025-08-05
8772,25-34,Beer Sheva,Sushi,low_carb,2024-08-21
8773,18-24,Ashdod,Japanese,kosher,2025-08-01
8774,55+,Ashdod,Sushi,vegetarian,2024-04-15
8775,25-34,Ramat Gan,Seafood,vegetarian,2025-02-05
8776,35-44,Tel Aviv,Mexican,none,2023-04-24
8777,55+,Herzliya,Mexican,vegetarian,2023-10-22
8778,25-34,Eilat,Pizza,vegan,2024-06-17
8779,35-44,Petah Tikva,Japanese,low_carb,2025-08-15
8780,35-44,Herzliya,Steakhouse,gluten_free,2024-05-26
8781,55+,Rishon LeZion,Pizza,none,2023-09-14
8782,45-54,Rishon LeZion,Pizza,vegetarian,2024-03-22
8783,45-54,Eilat,Cafe,vegetarian,2023-02-15
8784,55+,Beer Sheva,Japanese,vegetarian,2024-09-29
8785,45-54,Netanya,Thai,none,2025-03-19
8786,55+,Netanya,Indian,none,2023-04-21
8787,25-34,Rehovot,Mexican,kosher,2024-04-24
8788,18-24,Holon,Burger,low_carb,2024-04-07
8789,55+,Haifa,Japanese,low_carb,2023-08-03
8790,25-34,Rishon LeZion,Mexican,kosher,2023-12-09
8791,45-54,Ashdod,Greek,none,2023-03-29
8792,35-44,Beer Sheva,Italian,halal,2023-01-26
8793,35-44,Rishon LeZion,Greek,low_carb,2023-07-26
8794,45-54,Holon,Burger,kosher,2023-06-30
8795,55+,Haifa,Steakhouse,gluten_free,2023-10-09
8796,45-54,Ramat Gan,Cafe,vegetarian,2023-12-09
8797,25-34,Holon,Mexican,gluten_free,2023-04-21
8798,45-54,Holon,Thai,halal,2023-03-18
8799,18-24,Netanya,Pizza,vegetarian,2024-03-05
8800,18-24,Ashdod,Greek,halal,2024-02-15
8801,45-54,Eilat,Asian,halal,2023-02-15
8802,35-44,Holon,Mediterranean,gluten_free,2025-09-03
8803,45-54,Eilat,Israeli,halal,2024-01-15
8804,55+,Ramat Gan,Steakhouse,kosher,2023-08-28
8805,35-44,Beer Sheva,Italian,vegan,2024-09-03
8806,45-54,Netanya,Cafe,vegetarian,2025-02-26
8807,18-24,Petah Tikva,Steakhouse,low_carb,2023-09-09
8808,25-34,Herzliya,Thai,vegan,2024-02-28
8809,55+,Rishon LeZion,Vegan,gluten_free,2023-06-19
8810,55+,Rishon LeZion,Indian,gluten_free,2023-10-20
8811,45-54,Ashdod,Seafood,kosher,2023-06-26
8812,25-34,Petah Tikva,Steakhouse,kosher,2025-04-28
8813,55+,Beer Sheva,Israeli,halal,2025-04-20
8814,18-24,Herzliya,Mediterranean,kosher,2024-02-26
8815,55+,Netanya,Pizza,vegan,2023-06-05
8816,35-44,Petah Tikva,Mediterranean,halal,2025-08-05
8817,55+,Ashdod,Japanese,none,2023-10-27
8818,35-44,Givatayim,Asian,none,2023-12-04
8819,25-34,Haifa,Greek,none,2023-12-18
8820,18-24,Rishon LeZion,Japanese,gluten_free,2023-09-26
8821,35-44,Eilat,Thai,gluten_free,2023-08-29
8822,18-24,Rehovot,Pizza,kosher,2023-10-31
8823,35-44,Holon,Italian,low_carb,2024-08-06
8824,18-24,Tel Aviv,Sushi,none,2024-12-16
8825,45-54,Givatayim,Italian,vegan,2025-04-05
8826,35-44,Netanya,Pizza,none,2025-09-09
8827,55+,Ramat Gan,Mexican,kosher,2024-02-01
8828,35-44,Beer Sheva,Sushi,none,2025-03-20
8829,45-54,Ramat Gan,Japanese,gluten_free,2023-03-05
8830,35-44,Herzliya,Greek,vegetarian,2023-09-30
8831,55+,Holon,Greek,vegan,2024-06-07
8832,18-24,Jerusalem,Greek,kosher,2023-07-29
8833,18-24,Givatayim,Thai,none,2024-09-19
8834,45-54,Holon,Seafood,vegetarian,2024-01-02
8835,45-54,Netanya,Greek,kosher,2024-06-12
8836,55+,Rehovot,Israeli,low_carb,2024-08-30
8837,55+,Netanya,Mexican,kosher,2024-01-25
8838,35-44,Beer Sheva,Steakhouse,none,2023-11-16
8839,25-34,Givatayim,Mediterranean,low_carb,2024-04-26
8840,18-24,Rehovot,Israeli,vegan,2023-02-27
8841,18-24,Tel Aviv,Asian,vegetarian,2025-07-31
8842,55+,Herzliya,Italian,kosher,2025-09-08
8843,35-44,Kfar Saba,Seafood,vegan,2023-10-30
8844,45-54,Ashdod,Greek,vegan,2023-12-18
8845,45-54,Tel Aviv,Italian,gluten_free,2024-09-29
8846,35-44,Givatayim,Italian,low_carb,2024-02-08
8847,55+,Rishon LeZion,Thai,none,2023-06-24
8848,18-24,Rishon LeZion,Seafood,vegetarian,2023-05-21
8849,18-24,Ramat Gan,Israeli,vegan,2024-03-07
8850,35-44,Ashdod,Mexican,none,2023-11-06
8851,18-24,Netanya,Greek,vegetarian,2024-06-06
8852,18-24,Haifa,Seafood,kosher,2024-08-29
8853,18-24,Ramat Gan,Burger,none,2024-11-04
8854,45-54,Tel Aviv,Thai,none,2024-10-15
8855,45-54,Eilat,Pizza,vegan,2024-08-08
8856,25-34,Ramat Gan,Vegan,vegetarian,2023-09-10
8857,35-44,Tel Aviv,Burger,vegan,2023-08-10
8858,55+,Haifa,Israeli,gluten_free,2023-01-08
8859,25-34,Petah Tikva,Seafood,none,2025-04-09
8860,25-34,Herzliya,Steakhouse,vegetarian,2024-09-16
8861,18-24,Herzliya,Cafe,kosher,2024-10-11
8862,25-34,Tel Aviv,Italian,halal,2024-12-30
8863,18-24,Netanya,Mexican,vegetarian,2024-04-22
8864,45-54,Rehovot,Pizza,none,2023-10-13
8865,35-44,Eilat,Vegan,gluten_free,2025-08-09
8866,18-24,Haifa,Mediterranean,vegan,2024-09-26
8867,55+,Kfar Saba,Burger,low_carb,2024-02-10
8868,25-34,Eilat,Mexican,none,2023-10-10
8869,18-24,Beer Sheva,Burger,kosher,2023-07-07
8870,55+,Beer Sheva,Mexican,kosher,2024-10-27
8871,45-54,Rehovot,Burger,low_carb,2025-05-09
8872,35-44,Eilat,Japanese,gluten_free,2025-05-14
8873,35-44,Rehovot,Mediterranean,low_carb,2024-04-09
8874,18-24,Haifa,Greek,gluten_free,2023-10-23
8875,35-44,Ramat Gan,Israeli,halal,2024-03-04
8876,25-34,Rishon LeZion,Vegan,vegetarian,2025-09-13
8877,18-24,Haifa,Israeli,vegan,2024-10-31
8878,45-54,Herzliya,Greek,vegetarian,2023-04-26
8879,25-34,Eilat,Cafe,none,2024-02-04
8880,18-24,Holon,Mexican,halal,2023-12-18
8881,55+,Jerusalem,Israeli,vegan,2025-05-11
8882,55+,Haifa,Cafe,low_carb,2025-05-22
8883,55+,Ramat Gan,Mediterranean,kosher,2025-01-16
8884,18-24,Tel Aviv,Mexican,none,2024-08-15
8885,25-34,Eilat,Pizza,halal,2023-09-01
8886,35-44,Rehovot,Vegan,halal,2023-12-18
8887,55+,Rehovot,Greek,kosher,2023-08-28
8888,55+,Jerusalem,Thai,none,2023-06-24
8889,45-54,Ashdod,Asian,vegan,2025-03-22
8890,35-44,Rishon LeZion,Indian,vegan,2023-07-03
8891,25-34,Eilat,Japanese,gluten_free,2024-09-01
8892,25-34,Kfar Saba,Vegan,none,2023-11-21
8893,55+,Ashdod,Burger,kosher,2024-10-22
8894,55+,Jerusalem,Italian,kosher,2025-04-29
8895,18-24,Holon,Steakhouse,vegetarian,2023-06-07
8896,18-24,Rehovot,Mediterranean,gluten_free,2024-03-03
8897,18-24,Rishon LeZion,Mexican,vegetarian,2024-06-09
8898,45-54,Beer Sheva,Mediterranean,low_carb,2023-01-13
8899,18-24,Jerusalem,Greek,low_carb,2023-10-21
8900,25-34,Rehovot,Pizza,gluten_free,2023-08-27
8901,25-34,Kfar Saba,Sushi,vegan,2024-07-11
8902,55+,Netanya,Pizza,kosher,2024-01-25
8903,18-24,Herzliya,Sushi,vegan,2024-08-05
8904,45-54,Petah Tikva,Burger,vegan,2023-05-27
8905,45-54,Ashdod,Mediterranean,kosher,2024-01-23
8906,35-44,Kfar Saba,Mediterranean,low_carb,2023-09-21
8907,45-54,Haifa,Indian,vegetarian,2023-10-14
8908,45-54,Ramat Gan,Seafood,low_carb,2024-10-19
8909,55+,Herzliya,Pizza,gluten_free,2023-04-24
8910,18-24,Rehovot,Thai,gluten_free,2023-04-29
8911,35-44,Holon,Mexican,vegetarian,2023-04-23
8912,55+,Beer Sheva,Italian,low_carb,2024-10-09
8913,55+,Herzliya,Steakhouse,vegetarian,2024-05-10
8914,45-54,Ashdod,Burger,vegetarian,2024-09-27
8915,55+,Kfar Saba,Burger,none,2023-11-03
8916,45-54,Rishon LeZion,Vegan,gluten_free,2025-02-08
8917,18-24,Beer Sheva,Cafe,halal,2023-08-19
8918,45-54,Tel Aviv,Greek,vegetarian,2024-12-23
8919,45-54,Netanya,Seafood,none,2023-02-27
8920,25-34,Petah Tikva,Israeli,vegetarian,2024-09-28
8921,55+,Rishon LeZion,Japanese,kosher,2024-05-24
8922,45-54,Ramat Gan,Burger,vegan,2025-01-24
8923,18-24,Jerusalem,Vegan,gluten_free,2024-04-16
8924,55+,Holon,Vegan,gluten_free,2023-03-17
8925,18-24,Rishon LeZion,Seafood,none,2024-09-04
8926,25-34,Tel Aviv,Steakhouse,kosher,2024-08-21
8927,18-24,Herzliya,Steakhouse,kosher,2023-12-17
8928,18-24,Givatayim,Mediterranean,vegan,2024-10-05
8929,18-24,Eilat,Mexican,gluten_free,2023-03-02
8930,45-54,Petah Tikva,Thai,kosher,2025-01-19
8931,35-44,Rishon LeZion,Israeli,gluten_free,2024-11-19
8932,45-54,Ramat Gan,Mediterranean,none,2023-03-15
8933,25-34,Rishon LeZion,Israeli,none,2025-01-09
8934,25-34,Ashdod,Asian,kosher,2023-04-22
8935,25-34,Haifa,Mexican,none,2023-04-17
8936,18-24,Petah Tikva,Italian,gluten_free,2024-09-05
8937,45-54,Rishon LeZion,Asian,vegetarian,2023-11-13
8938,18-24,Haifa,Mexican,none,2024-10-22
8939,55+,Tel Aviv,Cafe,low_carb,2023-06-02
8940,18-24,Jerusalem,Asian,vegetarian,2023-06-21
8941,35-44,Kfar Saba,Pizza,vegetarian,2024-01-03
8942,25-34,Givatayim,Italian,vegetarian,2023-04-18
8943,35-44,Beer Sheva,Asian,kosher,2024-07-14
8944,45-54,Haifa,Japanese,gluten_free,2024-11-13
8945,35-44,Jerusalem,Israeli,halal,2025-08-28
8946,25-34,Jerusalem,Pizza,low_carb,2023-03-24
8947,25-34,Givatayim,Vegan,none,2023-02-01
8948,45-54,Givatayim,Seafood,none,2023-05-03
8949,45-54,Kfar Saba,Italian,vegetarian,2023-09-25
8950,25-34,Rishon LeZion,Greek,vegan,2025-03-15
8951,35-44,Netanya,Asian,halal,2024-12-14
8952,45-54,Rehovot,Vegan,kosher,2023-10-20
8953,18-24,Givatayim,Thai,kosher,2025-02-16
8954,25-34,Eilat,Mexican,gluten_free,2025-06-01
8955,35-44,Kfar Saba,Cafe,gluten_free,2024-09-24
8956,55+,Beer Sheva,Sushi,vegan,2024-12-15
8957,55+,Ramat Gan,Japanese,vegetarian,2024-03-16
8958,55+,Ramat Gan,Italian,vegetarian,2025-09-08
8959,25-34,Holon,Mexican,low_carb,2023-03-20
8960,25-34,Jerusalem,Indian,none,2023-04-14
8961,55+,Holon,Israeli,vegan,2024-01-05
8962,18-24,Netanya,Mediterranean,gluten_free,2023-03-10
8963,25-34,Eilat,Seafood,none,2023-05-14
8964,25-34,Netanya,Sushi,vegetarian,2025-02-17
8965,18-24,Haifa,Indian,none,2023-03-20
8966,25-34,Beer Sheva,Mexican,low_carb,2025-05-04
8967,18-24,Petah Tikva,Italian,none,2024-07-09
8968,45-54,Rishon LeZion,Mexican,kosher,2024-03-20
8969,18-24,Herzliya,Italian,low_carb,2024-01-04
8970,25-34,Ashdod,Thai,vegetarian,2023-02-16
8971,45-54,Jerusalem,Asian,low_carb,2023-05-13
8972,35-44,Holon,Asian,vegan,2023-07-26
8973,25-34,Haifa,Seafood,none,2024-07-22
8974,25-34,Kfar Saba,Japanese,vegan,2024-05-23
8975,25-34,Haifa,Italian,none,2024-04-06
8976,45-54,Rishon LeZion,Burger,low_carb,2023-11-13
8977,55+,Herzliya,Greek,gluten_free,2024-01-07
8978,55+,Givatayim,Cafe,vegan,2025-09-08
8979,35-44,Ramat Gan,Thai,gluten_free,2024-04-07
8980,55+,Haifa,Seafood,gluten_free,2024-02-13
8981,45-54,Kfar Saba,Pizza,low_carb,2024-01-18
8982,18-24,Rehovot,Cafe,vegetarian,2023-03-20
8983,18-24,Petah Tikva,Burger,halal,2025-01-12
8984,18-24,Tel Aviv,Israeli,none,2024-07-07
8985,25-34,Givatayim,Mexican,none,2023-05-30
8986,55+,Beer Sheva,Steakhouse,halal,2023-05-21
8987,45-54,Rishon LeZion,Indian,kosher,2023-08-25
8988,55+,Givatayim,Japanese,halal,2025-08-28
8989,45-54,Beer Sheva,Japanese,low_carb,2023-05-15
8990,45-54,Jerusalem,Israeli,vegetarian,2025-09-26
8991,18-24,Herzliya,Italian,none,2023-09-27
8992,45-54,Kfar Saba,Cafe,kosher,2023-06-27
8993,55+,Tel Aviv,Greek,kosher,2023-08-11
8994,45-54,Haifa,Pizza,vegan,2025-01-27
8995,55+,Petah Tikva,Greek,low_carb,2023-03-12
8996,18-24,Rishon LeZion,Cafe,halal,2025-01-09
8997,45-54,Herzliya,Vegan,vegan,2025-06-14
8998,35-44,Haifa,Israeli,vegetarian,2023-05-15
8999,25-34,Ramat Gan,Indian,vegetarian,2023-08-29
9000,35-44,Givatayim,Japanese,gluten_free,2025-02-15
9001,18-24,Rehovot,Indian,low_carb,2024-12-11
9002,45-54,Haifa,Sushi,none,2025-01-15
9003,25-34,Herzliya,Sushi,low_carb,2024-09-07
9004,25-34,Herzliya,Asian,vegan,2025-08-13
9005,55+,Kfar Saba,Mexican,vegetarian,2024-10-06
9006,45-54,Holon,Vegan,vegan,2025-04-17
9007,45-54,Haifa,Steakhouse,vegan,2024-12-02
9008,35-44,Holon,Cafe,halal,2025-04-02
9009,18-24,Beer Sheva,Thai,vegan,2023-12-20
9010,35-44,Kfar Saba,Italian,halal,2023-01-31
9011,45-54,Haifa,Italian,low_carb,2025-06-22
9012,55+,Rishon LeZion,Mediterranean,none,2024-01-15
9013,25-34,Ashdod,Mediterranean,vegan,2024-10-02
9014,18-24,Herzliya,Asian,low_carb,2025-05-24
9015,18-24,Holon,Indian,vegetarian,2023-11-21
9016,55+,Rishon LeZion,Asian,vegan,2023-11-28
9017,25-34,Petah Tikva,Cafe,gluten_free,2025-07-02
9018,25-34,Kfar Saba,Vegan,none,2025-03-21
9019,25-34,Beer Sheva,Pizza,gluten_free,2025-01-23
9020,55+,Rishon LeZion,Israeli,none,2023-10-13
9021,55+,Jerusalem,Sushi,vegan,2024-04-21
9022,18-24,Beer Sheva,Thai,halal,2025-04-19
9023,45-54,Eilat,Vegan,none,2023-03-07
9024,35-44,Givatayim,Seafood,gluten_free,2023-07-02
9025,45-54,Tel Aviv,Sushi,low_carb,2025-02-28
9026,25-34,Rishon LeZion,Seafood,kosher,2023-07-21
9027,45-54,Herzliya,Mediterranean,none,2024-09-26
9028,35-44,Rehovot,Cafe,vegan,2024-05-23
9029,35-44,Rehovot,Thai,none,2024-08-14
9030,55+,Tel Aviv,Italian,low_carb,2023-04-07
9031,45-54,Petah Tikva,Israeli,gluten_free,2024-02-13
9032,55+,Haifa,Israeli,gluten_free,2024-01-06
9033,55+,Netanya,Greek,kosher,2024-10-10
9034,55+,Rehovot,Mediterranean,vegan,2024-11-01
9035,55+,Rishon LeZion,Thai,vegetarian,2023-08-05
9036,18-24,Rishon LeZion,Israeli,gluten_free,2023-10-23
9037,18-24,Jerusalem,Mexican,kosher,2025-07-23
9038,18-24,Holon,Sushi,none,2025-05-04
9039,18-24,Ramat Gan,Asian,none,2025-05-18
9040,55+,Kfar Saba,Thai,vegan,2025-08-04
9041,35-44,Netanya,Mediterranean,vegetarian,2024-01-19
9042,25-34,Rishon LeZion,Mediterranean,halal,2025-04-12
9043,45-54,Holon,Italian,kosher,2023-12-19
9044,45-54,Jerusalem,Burger,low_carb,2023-11-08
9045,45-54,Eilat,Mexican,halal,2024-11-12
9046,18-24,Kfar Saba,Greek,none,2023-07-30
9047,35-44,Eilat,Burger,kosher,2025-08-27
9048,55+,Netanya,Mexican,vegetarian,2023-04-28
9049,18-24,Kfar Saba,Indian,vegetarian,2024-09-29
9050,25-34,Eilat,Italian,gluten_free,2023-02-07
9051,45-54,Kfar Saba,Italian,kosher,2023-08-29
9052,35-44,Rehovot,Burger,none,2024-04-23
9053,25-34,Ashdod,Greek,none,2025-04-28
9054,35-44,Ramat Gan,Italian,vegan,2023-02-06
9055,25-34,Rehovot,Asian,kosher,2025-08-19
9056,35-44,Herzliya,Pizza,halal,2024-04-27
9057,25-34,Rishon LeZion,Greek,vegan,2025-06-23
9058,35-44,Herzliya,Sushi,low_carb,2025-01-20
9059,55+,Givatayim,Greek,vegan,2023-08-03
9060,45-54,Ashdod,Vegan,low_carb,2024-03-27
9061,18-24,Kfar Saba,Thai,vegetarian,2023-04-19
9062,18-24,Ashdod,Sushi,gluten_free,2023-03-22
9063,35-44,Eilat,Cafe,low_carb,2025-05-17
9064,25-34,Rehovot,Indian,vegetarian,2025-01-10
9065,35-44,Givatayim,Indian,vegetarian,2025-02-17
9066,18-24,Tel Aviv,Burger,kosher,2024-04-13
9067,18-24,Holon,Sushi,low_carb,2025-07-12
9068,18-24,Haifa,Pizza,none,2025-04-14
9069,18-24,Beer Sheva,Burger,none,2025-06-01
9070,18-24,Beer Sheva,Italian,halal,2024-07-21
9071,18-24,Netanya,Israeli,halal,2025-07-09
9072,55+,Kfar Saba,Mediterranean,gluten_free,2024-06-13
9073,55+,Rishon LeZion,Japanese,gluten_free,2025-07-19
9074,45-54,Eilat,Indian,low_carb,2023-12-29
9075,35-44,Rishon LeZion,Japanese,kosher,2023-12-04
9076,25-34,Haifa,Sushi,vegetarian,2023-03-29
9077,35-44,Jerusalem,Thai,none,2023-02-14
9078,45-54,Eilat,Asian,halal,2024-10-23
9079,18-24,Ashdod,Burger,vegetarian,2024-01-03
9080,35-44,Petah Tikva,Mexican,none,2024-09-27
9081,25-34,Kfar Saba,Indian,kosher,2023-10-15
9082,25-34,Holon,Steakhouse,low_carb,2024-11-01
9083,35-44,Petah Tikva,Japanese,gluten_free,2023-12-18
9084,35-44,Netanya,Steakhouse,vegetarian,2025-04-24
9085,45-54,Beer Sheva,Japanese,gluten_free,2023-02-04
9086,18-24,Ashdod,Indian,vegan,2025-02-26
9087,35-44,Eilat,Mexican,vegetarian,2023-02-23
9088,55+,Rehovot,Steakhouse,vegetarian,2024-12-02
9089,25-34,Rishon LeZion,Vegan,vegetarian,2024-01-31
9090,45-54,Jerusalem,Indian,none,2023-02-04
9091,45-54,Tel Aviv,Mexican,low_carb,2023-06-04
9092,35-44,Ramat Gan,Greek,halal,2024-01-31
9093,35-44,Petah Tikva,Steakhouse,halal,2024-02-17
9094,18-24,Herzliya,Sushi,vegan,2025-01-05
9095,55+,Rishon LeZion,Mexican,none,2024-06-22
9096,55+,Ashdod,Israeli,none,2023-07-23
9097,55+,Herzliya,Sushi,none,2024-04-17
9098,18-24,Givatayim,Vegan,none,2025-03-28
9099,25-34,Ashdod,Steakhouse,low_carb,2024-02-02
9100,45-54,Haifa,Mexican,gluten_free,2025-05-18
9101,18-24,Herzliya,Israeli,kosher,2024-07-22
9102,45-54,Ashdod,Israeli,vegetarian,2024-10-21
9103,45-54,Jerusalem,Burger,none,2024-09-30
9104,35-44,Haifa,Israeli,halal,2024-08-07
9105,45-54,Tel Aviv,Asian,none,2025-01-21
9106,55+,Ashdod,Pizza,kosher,2023-09-26
9107,25-34,Beer Sheva,Sushi,gluten_free,2024-10-04
9108,35-44,Netanya,Steakhouse,none,2025-01-26
9109,18-24,Netanya,Japanese,gluten_free,2024-09-23
9110,45-54,Ramat Gan,Sushi,none,2024-02-26
9111,45-54,Holon,Seafood,kosher,2023-09-28
9112,25-34,Beer Sheva,Burger,vegan,2023-02-01
9113,35-44,Kfar Saba,Sushi,vegetarian,2025-04-18
9114,45-54,Haifa,Greek,gluten_free,2023-01-28
9115,45-54,Eilat,Pizza,low_carb,2023-09-05
9116,55+,Jerusalem,Japanese,low_carb,2024-05-14
9117,55+,Givatayim,Greek,low_carb,2024-03-03
9118,18-24,Petah Tikva,Cafe,kosher,2025-03-03
9119,18-24,Haifa,Vegan,halal,2023-08-15
9120,25-34,Jerusalem,Steakhouse,kosher,2023-03-14
9121,35-44,Ramat Gan,Mediterranean,vegan,2025-05-07
9122,25-34,Holon,Cafe,gluten_free,2024-01-18
9123,18-24,Haifa,Italian,halal,2024-09-29
9124,45-54,Haifa,Cafe,vegetarian,2023-10-08
9125,45-54,Beer Sheva,Sushi,vegan,2023-09-23
9126,55+,Kfar Saba,Steakhouse,kosher,2023-01-13
9127,35-44,Givatayim,Burger,vegetarian,2025-05-28
9128,55+,Netanya,Asian,kosher,2025-07-10
9129,35-44,Rehovot,Burger,kosher,2024-04-22
9130,18-24,Givatayim,Vegan,gluten_free,2024-01-19
9131,55+,Givatayim,Steakhouse,halal,2025-04-28
9132,18-24,Tel Aviv,Israeli,none,2024-04-27
9133,35-44,Tel Aviv,Burger,kosher,2024-05-03
9134,25-34,Holon,Greek,halal,2025-07-10
9135,45-54,Givatayim,Sushi,gluten_free,2025-05-02
9136,55+,Holon,Seafood,vegan,2024-08-06
9137,18-24,Ashdod,Thai,low_carb,2024-07-17
9138,55+,Petah Tikva,Thai,none,2023-04-19
9139,25-34,Ashdod,Greek,halal,2024-01-11
9140,25-34,Ramat Gan,Pizza,gluten_free,2024-08-12
9141,45-54,Eilat,Greek,halal,2024-04-27
9142,25-34,Kfar Saba,Japanese,vegetarian,2023-06-11
9143,25-34,Ashdod,Pizza,low_carb,2025-01-09
9144,18-24,Beer Sheva,Cafe,vegetarian,2024-06-27
9145,35-44,Ashdod,Japanese,gluten_free,2023-02-24
9146,45-54,Rehovot,Steakhouse,low_carb,2025-01-03
9147,45-54,Kfar Saba,Seafood,low_carb,2023-04-15
9148,45-54,Rehovot,Cafe,gluten_free,2023-10-25
9149,45-54,Givatayim,Italian,kosher,2024-11-02
9150,55+,Tel Aviv,Pizza,halal,2025-06-06
9151,18-24,Givatayim,Burger,vegan,2025-09-08
9152,35-44,Netanya,Indian,vegan,2023-02-20
9153,25-34,Jerusalem,Indian,vegetarian,2025-06-27
9154,35-44,Givatayim,Israeli,none,2023-09-21
9155,45-54,Rishon LeZion,Italian,none,2024-12-18
9156,18-24,Beer Sheva,Asian,halal,2025-03-01
9157,35-44,Jerusalem,Thai,none,2025-05-20
9158,55+,Rehovot,Pizza,vegetarian,2023-03-11
9159,55+,Eilat,Israeli,kosher,2025-05-26
9160,18-24,Holon,Mexican,vegetarian,2025-05-09
9161,55+,Holon,Indian,low_carb,2025-09-13
9162,18-24,Tel Aviv,Israeli,none,2023-11-18
9163,35-44,Holon,Mexican,none,2024-02-06
9164,55+,Kfar Saba,Vegan,low_carb,2025-05-02
9165,55+,Rishon LeZion,Vegan,vegetarian,2025-08-25
9166,55+,Jerusalem,Mediterranean,kosher,2023-04-05
9167,25-34,Rishon LeZion,Indian,gluten_free,2024-10-08
9168,45-54,Rishon LeZion,Israeli,gluten_free,2025-06-24
9169,35-44,Holon,Japanese,vegetarian,2023-12-13
9170,18-24,Tel Aviv,Cafe,gluten_free,2024-06-15
9171,25-34,Holon,Burger,vegetarian,2024-02-22
9172,45-54,Netanya,Greek,low_carb,2024-05-28
9173,55+,Eilat,Sushi,none,2023-01-06
9174,55+,Jerusalem,Mexican,none,2023-05-17
9175,25-34,Haifa,Vegan,none,2025-06-02
9176,25-34,Holon,Mediterranean,halal,2024-04-22
9177,55+,Ramat Gan,Seafood,none,2025-09-04
9178,35-44,Haifa,Japanese,none,2024-07-14
9179,45-54,Givatayim,Indian,vegetarian,2024-03-25
9180,55+,Rishon LeZion,Indian,vegetarian,2023-04-14
9181,18-24,Beer Sheva,Greek,gluten_free,2025-07-20
9182,55+,Rehovot,Indian,low_carb,2024-12-08
9183,55+,Ramat Gan,Indian,gluten_free,2023-10-04
9184,55+,Ashdod,Sushi,low_carb,2025-09-05
9185,25-34,Eilat,Cafe,low_carb,2025-09-23
9186,25-34,Rishon LeZion,Indian,vegan,2024-12-06
9187,18-24,Eilat,Mexican,none,2023-07-21
9188,35-44,Rishon LeZion,Israeli,kosher,2023-01-31
9189,18-24,Beer Sheva,Sushi,none,2024-02-07
9190,35-44,Givatayim,Asian,none,2024-08-03
9191,45-54,Eilat,Vegan,low_carb,2024-10-28
9192,45-54,Haifa,Vegan,gluten_free,2023-10-21
9193,35-44,Tel Aviv,Indian,vegan,2025-04-30
9194,45-54,Ashdod,Israeli,vegan,2024-07-15
9195,35-44,Kfar Saba,Mexican,low_carb,2024-01-24
9196,35-44,Netanya,Burger,none,2024-03-27
9197,35-44,Eilat,Vegan,kosher,2025-05-29
9198,45-54,Jerusalem,Israeli,vegan,2024-07-08
9199,25-34,Kfar Saba,Seafood,low_carb,2024-10-17
9200,45-54,Rishon LeZion,Mediterranean,kosher,2025-01-30
9201,45-54,Kfar Saba,Sushi,low_carb,2023-11-15
9202,45-54,Petah Tikva,Seafood,low_carb,2024-06-11
9203,55+,Rehovot,Steakhouse,vegetarian,2023-05-16
9204,25-34,Ashdod,Indian,kosher,2023-01-27
9205,25-34,Haifa,Burger,none,2025-07-14
9206,35-44,Jerusalem,Mediterranean,kosher,2025-06-07
9207,45-54,Ramat Gan,Mexican,halal,2024-07-10
9208,45-54,Beer Sheva,Italian,none,2023-08-19
9209,25-34,Holon,Pizza,none,2024-09-07
9210,45-54,Haifa,Mexican,kosher,2024-05-24
9211,18-24,Eilat,Vegan,gluten_free,2024-07-19
9212,25-34,Holon,Asian,low_carb,2025-02-24
9213,55+,Ramat Gan,Sushi,kosher,2023-01-19
9214,55+,Ashdod,Italian,kosher,2024-10-13
9215,35-44,Herzliya,Asian,vegetarian,2024-09-09
9216,18-24,Jerusalem,Indian,kosher,2023-10-18
9217,45-54,Ramat Gan,Thai,kosher,2025-08-13
9218,35-44,Holon,Steakhouse,halal,2024-06-21
9219,18-24,Holon,Indian,halal,2023-01-19
9220,35-44,Tel Aviv,Indian,vegan,2023-08-20
9221,35-44,Tel Aviv,Steakhouse,kosher,2024-09-27
9222,45-54,Ashdod,Vegan,gluten_free,2023-03-25
9223,35-44,Ramat Gan,Steakhouse,low_carb,2023-02-26
9224,25-34,Rehovot,Seafood,vegetarian,2024-06-26
9225,55+,Tel Aviv,Vegan,vegan,2024-07-18
9226,55+,Haifa,Vegan,vegan,2025-05-10
9227,45-54,Ashdod,Pizza,low_carb,2024-09-01
9228,25-34,Haifa,Seafood,vegan,2023-09-13
9229,55+,Eilat,Italian,vegan,2024-11-05
9230,45-54,Kfar Saba,Thai,halal,2023-07-21
9231,35-44,Haifa,Burger,gluten_free,2023-03-13
9232,45-54,Givatayim,Burger,kosher,2023-12-16
9233,25-34,Petah Tikva,Sushi,kosher,2023-07-08
9234,35-44,Ramat Gan,Japanese,low_carb,2023-02-14
9235,25-34,Herzliya,Mexican,none,2025-06-07
9236,18-24,Eilat,Italian,vegan,2023-11-14
9237,35-44,Herzliya,Japanese,kosher,2024-04-03
9238,35-44,Beer Sheva,Greek,halal,2023-01-02
9239,45-54,Rehovot,Pizza,none,2024-10-29
9240,55+,Jerusalem,Israeli,none,2023-04-17
9241,35-44,Beer Sheva,Steakhouse,halal,2023-05-13
9242,55+,Kfar Saba,Steakhouse,kosher,2023-12-27
9243,55+,Netanya,Seafood,vegan,2024-11-06
9244,45-54,Tel Aviv,Thai,vegan,2024-01-17
9245,45-54,Kfar Saba,Burger,gluten_free,2025-06-15
9246,18-24,Jerusalem,Pizza,low_carb,2024-12-15
9247,55+,Haifa,Cafe,kosher,2025-07-09
9248,18-24,Holon,Mediterranean,vegetarian,2024-05-16
9249,25-34,Ashdod,Mexican,halal,2025-01-30
9250,45-54,Rehovot,Italian,vegetarian,2024-01-14
9251,55+,Eilat,Seafood,gluten_free,2025-05-05
9252,25-34,Ashdod,Pizza,vegan,2024-01-04
9253,18-24,Eilat,Indian,gluten_free,2023-07-30
9254,55+,Holon,Vegan,none,2025-01-25
9255,25-34,Herzliya,Thai,vegan,2025-02-18
9256,55+,Petah Tikva,Mexican,gluten_free,2024-01-26
9257,55+,Haifa,Israeli,gluten_free,2025-03-26
9258,35-44,Ashdod,Seafood,low_carb,2023-04-05
9259,55+,Beer Sheva,Asian,low_carb,2024-02-03
9260,25-34,Jerusalem,Mexican,vegan,2025-03-08
9261,25-34,Rishon LeZion,Israeli,none,2025-05-23
9262,55+,Rishon LeZion,Mexican,halal,2025-02-07
9263,18-24,Ramat Gan,Italian,none,2025-04-20
9264,45-54,Rehovot,Mediterranean,vegan,2024-09-09
9265,55+,Kfar Saba,Thai,vegan,2025-08-02
9266,55+,Beer Sheva,Pizza,vegan,2024-07-04
9267,55+,Jerusalem,Italian,none,2023-06-06
9268,35-44,Beer Sheva,Greek,low_carb,2023-07-27
9269,45-54,Tel Aviv,Asian,low_carb,2023-04-23
9270,35-44,Petah Tikva,Mediterranean,low_carb,2025-05-17
9271,55+,Holon,Mediterranean,halal,2025-01-31
9272,18-24,Rehovot,Thai,low_carb,2023-09-24
9273,18-24,Petah Tikva,Indian,halal,2024-09-05
9274,45-54,Kfar Saba,Mexican,none,2025-02-17
9275,35-44,Netanya,Steakhouse,gluten_free,2024-09-21
9276,45-54,Rishon LeZion,Pizza,none,2025-01-19
9277,25-34,Ramat Gan,Italian,vegan,2023-10-02
9278,35-44,Eilat,Mexican,vegan,2025-07-26
9279,18-24,Petah Tikva,Cafe,vegan,2025-02-14
9280,35-44,Givatayim,Burger,vegan,2025-03-01
9281,55+,Netanya,Asian,vegan,2023-09-30
9282,18-24,Ramat Gan,Indian,gluten_free,2023-01-19
9283,25-34,Ashdod,Vegan,gluten_free,2024-06-23
9284,35-44,Jerusalem,Indian,none,2024-03-18
9285,25-34,Beer Sheva,Mediterranean,vegan,2023-07-18
9286,45-54,Kfar Saba,Sushi,vegan,2024-11-24
9287,55+,Ramat Gan,Burger,gluten_free,2023-03-18
9288,45-54,Netanya,Pizza,vegetarian,2024-05-02
9289,25-34,Givatayim,Mexican,halal,2025-06-06
9290,25-34,Givatayim,Steakhouse,gluten_free,2023-02-07
9291,35-44,Ramat Gan,Japanese,low_carb,2023-08-07
9292,55+,Kfar Saba,Mediterranean,vegan,2023-10-06
9293,45-54,Herzliya,Seafood,kosher,2023-07-16
9294,25-34,Holon,Israeli,vegan,2024-03-22
9295,35-44,Givatayim,Israeli,none,2023-07-26
9296,35-44,Petah Tikva,Burger,gluten_free,2024-04-24
9297,18-24,Tel Aviv,Seafood,gluten_free,2024-07-21
9298,45-54,Rehovot,Steakhouse,low_carb,2024-11-14
9299,45-54,Jerusalem,Burger,vegan,2024-07-31
9300,55+,Ramat Gan,Pizza,low_carb,2023-10-21
9301,18-24,Beer Sheva,Italian,vegan,2023-03-22
9302,35-44,Eilat,Greek,halal,2023-10-03
9303,35-44,Eilat,Indian,vegetarian,2025-04-18
9304,25-34,Givatayim,Steakhouse,halal,2023-12-14
9305,55+,Ramat Gan,Mexican,halal,2023-10-09
9306,35-44,Eilat,Thai,vegetarian,2024-11-08
9307,35-44,Ashdod,Mediterranean,low_carb,2024-01-08
9308,45-54,Givatayim,Seafood,kosher,2024-04-21
9309,45-54,Beer Sheva,Sushi,kosher,2023-04-13
9310,45-54,Jerusalem,Japanese,vegetarian,2023-02-02
9311,35-44,Ramat Gan,Steakhouse,gluten_free,2024-11-08
9312,55+,Rishon LeZion,Burger,low_carb,2023-03-22
9313,55+,Eilat,Sushi,gluten_free,2023-10-02
9314,35-44,Herzliya,Sushi,kosher,2024-12-31
9315,55+,Rishon LeZion,Indian,gluten_free,2023-02-01
9316,35-44,Ramat Gan,Asian,vegetarian,2023-11-01
9317,35-44,Rishon LeZion,Pizza,halal,2023-04-10
9318,45-54,Beer Sheva,Burger,halal,2023-09-07
9319,55+,Beer Sheva,Mexican,low_carb,2023-10-13
9320,55+,Herzliya,Asian,vegan,2024-02-26
9321,25-34,Jerusalem,Cafe,halal,2025-09-26
9322,55+,Eilat,Indian,halal,2023-02-22
9323,35-44,Herzliya,Burger,vegetarian,2023-02-09
9324,25-34,Beer Sheva,Greek,halal,2025-09-06
9325,55+,Haifa,Mediterranean,gluten_free,2025-06-28
9326,25-34,Rishon LeZion,Greek,kosher,2023-11-27
9327,25-34,Kfar Saba,Cafe,gluten_free,2023-12-15
9328,35-44,Tel Aviv,Vegan,vegan,2023-04-08
9329,25-34,Petah Tikva,Pizza,none,2024-04-16
9330,25-34,Holon,Greek,vegan,2023-11-02
9331,35-44,Jerusalem,Seafood,none,2023-03-16
9332,35-44,Rishon LeZion,Italian,none,2023-04-26
9333,35-44,Netanya,Thai,gluten_free,2023-07-17
9334,18-24,Netanya,Mediterranean,low_carb,2023-01-24
9335,35-44,Ashdod,Mexican,vegetarian,2024-01-14
9336,25-34,Haifa,Mediterranean,gluten_free,2024-05-10
9337,18-24,Givatayim,Mexican,vegetarian,2023-09-25
9338,18-24,Rehovot,Sushi,kosher,2023-07-22
9339,55+,Kfar Saba,Vegan,vegan,2025-08-14
9340,55+,Givatayim,Asian,vegan,2023-12-24
9341,18-24,Rehovot,Burger,halal,2024-06-05
9342,35-44,Rishon LeZion,Thai,low_carb,2025-07-21
9343,18-24,Netanya,Vegan,low_carb,2025-08-29
9344,25-34,Herzliya,Thai,vegetarian,2023-10-28
9345,45-54,Netanya,Thai,halal,2024-07-17
9346,45-54,Netanya,Greek,halal,2024-12-27
9347,35-44,Netanya,Thai,none,2023-01-02
9348,35-44,Tel Aviv,Israeli,gluten_free,2024-08-28
9349,18-24,Jerusalem,Japanese,kosher,2023-07-29
9350,45-54,Rishon LeZion,Pizza,vegetarian,2024-12-27
9351,25-34,Tel Aviv,Cafe,gluten_free,2023-11-24
9352,25-34,Kfar Saba,Japanese,kosher,2025-01-18
9353,35-44,Eilat,Vegan,vegan,2023-08-27
9354,18-24,Herzliya,Vegan,none,2025-02-25
9355,55+,Beer Sheva,Pizza,kosher,2025-09-13
9356,45-54,Eilat,Asian,kosher,2025-03-25
9357,18-24,Ramat Gan,Mediterranean,none,2023-08-04
9358,25-34,Haifa,Israeli,gluten_free,2024-03-28
9359,25-34,Eilat,Steakhouse,halal,2023-07-23
9360,25-34,Beer Sheva,Steakhouse,gluten_free,2025-05-01
9361,35-44,Ashdod,Asian,none,2023-12-23
9362,45-54,Ashdod,Asian,vegan,2023-09-27
9363,18-24,Tel Aviv,Seafood,halal,2025-05-24
9364,55+,Netanya,Seafood,low_carb,2025-04-25
9365,18-24,Netanya,Sushi,vegan,2024-02-28
9366,25-34,Kfar Saba,Italian,vegetarian,2024-07-30
9367,18-24,Netanya,Mexican,kosher,2023-02-26
9368,45-54,Ramat Gan,Seafood,gluten_free,2023-03-19
9369,45-54,Eilat,Steakhouse,vegan,2023-07-04
9370,45-54,Jerusalem,Vegan,vegan,2024-07-21
9371,55+,Netanya,Mexican,vegan,2025-03-10
9372,35-44,Ramat Gan,Cafe,low_carb,2024-05-01
9373,45-54,Netanya,Seafood,vegetarian,2024-01-31
9374,18-24,Tel Aviv,Cafe,low_carb,2025-03-22
9375,35-44,Holon,Israeli,gluten_free,2025-01-15
9376,25-34,Netanya,Italian,low_carb,2025-09-24
9377,18-24,Rehovot,Greek,vegan,2023-02-21
9378,45-54,Tel Aviv,Burger,vegan,2024-08-25
9379,35-44,Rehovot,Seafood,gluten_free,2025-08-07
9380,45-54,Kfar Saba,Israeli,low_carb,2023-09-16
9381,25-34,Netanya,Vegan,none,2025-04-17
9382,45-54,Petah Tikva,Asian,vegetarian,2023-09-17
9383,45-54,Herzliya,Thai,vegan,2025-06-28
9384,18-24,Haifa,Seafood,gluten_free,2024-07-02
9385,45-54,Herzliya,Vegan,vegan,2023-12-14
9386,18-24,Ashdod,Thai,gluten_free,2024-06-22
9387,18-24,Ramat Gan,Pizza,halal,2024-06-13
9388,25-34,Givatayim,Japanese,kosher,2025-02-15
9389,55+,Kfar Saba,Greek,vegan,2025-05-19
9390,45-54,Holon,Indian,gluten_free,2023-07-12
9391,35-44,Herzliya,Greek,halal,2024-06-14
9392,25-34,Rishon LeZion,Thai,halal,2023-05-17
9393,35-44,Givatayim,Israeli,halal,2023-08-10
9394,18-24,Petah Tikva,Thai,kosher,2023-04-21
9395,18-24,Rishon LeZion,Vegan,vegan,2023-11-16
9396,25-34,Givatayim,Cafe,low_carb,2024-09-06
9397,45-54,Herzliya,Burger,kosher,2024-02-06
9398,18-24,Netanya,Mexican,gluten_free,2023-04-30
9399,18-24,Kfar Saba,Steakhouse,gluten_free,2024-04-14
9400,35-44,Jerusalem,Pizza,none,2023-06-05
9401,55+,Beer Sheva,Cafe,vegetarian,2023-12-25
9402,55+,Petah Tikva,Pizza,low_carb,2023-10-19
9403,55+,Kfar Saba,Cafe,low_carb,2023-02-11
9404,45-54,Jerusalem,Seafood,kosher,2023-02-21
9405,18-24,Kfar Saba,Greek,none,2025-05-20
9406,25-34,Rehovot,Pizza,kosher,2024-07-05
9407,55+,Netanya,Steakhouse,vegan,2024-02-10
9408,25-34,Kfar Saba,Thai,gluten_free,2024-10-26
9409,18-24,Herzliya,Cafe,kosher,2023-12-05
9410,25-34,Haifa,Asian,halal,2023-07-14
9411,18-24,Givatayim,Israeli,low_carb,2023-12-03
9412,55+,Ramat Gan,Asian,halal,2024-02-27
9413,55+,Ashdod,Mediterranean,vegetarian,2024-09-01
9414,55+,Holon,Italian,halal,2025-01-14
9415,55+,Tel Aviv,Vegan,gluten_free,2023-02-23
9416,25-34,Rishon LeZion,Asian,kosher,2025-03-04
9417,18-24,Tel Aviv,Italian,gluten_free,2024-03-10
9418,55+,Haifa,Italian,gluten_free,2024-03-10
9419,18-24,Herzliya,Japanese,none,2023-09-09
9420,45-54,Herzliya,Greek,vegetarian,2023-09-21
9421,25-34,Ramat Gan,Pizza,kosher,2025-09-20
9422,45-54,Givatayim,Steakhouse,vegetarian,2023-12-10
9423,35-44,Holon,Mexican,low_carb,2024-11-29
9424,55+,Eilat,Steakhouse,none,2023-07-07
9425,45-54,Tel Aviv,Sushi,kosher,2023-11-20
9426,45-54,Netanya,Burger,none,2025-01-15
9427,25-34,Haifa,Italian,vegan,2023-07-21
9428,25-34,Herzliya,Mexican,vegetarian,2023-09-09
9429,55+,Rehovot,Asian,halal,2023-02-14
9430,25-34,Givatayim,Seafood,vegetarian,2024-03-08
9431,25-34,Haifa,Burger,vegan,2024-12-23
9432,55+,Tel Aviv,Italian,vegetarian,2025-07-17
9433,45-54,Petah Tikva,Burger,vegetarian,2024-07-05
9434,18-24,Givatayim,Greek,low_carb,2025-02-28
9435,35-44,Eilat,Italian,kosher,2025-05-05
9436,55+,Netanya,Indian,low_carb,2023-09-12
9437,45-54,Ashdod,Thai,none,2025-02-25
9438,35-44,Petah Tikva,Italian,low_carb,2025-05-28
9439,25-34,Givatayim,Sushi,kosher,2025-06-02
9440,55+,Ramat Gan,Israeli,halal,2024-11-28
9441,55+,Rishon LeZion,Burger,kosher,2024-01-17
9442,35-44,Ashdod,Seafood,vegan,2023-05-18
9443,35-44,Haifa,Italian,kosher,2024-03-18
9444,18-24,Jerusalem,Indian,kosher,2023-08-06
9445,25-34,Rehovot,Steakhouse,vegetarian,2025-01-13
9446,18-24,Herzliya,Seafood,none,2024-08-29
9447,55+,Rehovot,Sushi,gluten_free,2023-05-21
9448,25-34,Haifa,Burger,none,2023-08-02
9449,25-34,Ramat Gan,Greek,halal,2025-06-07
9450,18-24,Kfar Saba,Sushi,vegan,2024-07-11
9451,45-54,Beer Sheva,Steakhouse,vegan,2024-03-09
9452,25-34,Jerusalem,Vegan,vegetarian,2025-08-29
9453,55+,Netanya,Cafe,none,2023-04-16
9454,35-44,Eilat,Italian,vegan,2024-04-03
9455,55+,Ramat Gan,Cafe,low_carb,2024-03-26
9456,25-34,Tel Aviv,Asian,halal,2023-05-22
9457,35-44,Ashdod,Asian,vegetarian,2023-12-26
9458,35-44,Netanya,Thai,vegan,2023-11-20
9459,45-54,Kfar Saba,Steakhouse,halal,2024-08-04
9460,45-54,Kfar Saba,Cafe,vegetarian,2024-06-05
9461,45-54,Rehovot,Steakhouse,halal,2023-02-13
9462,35-44,Rishon LeZion,Thai,halal,2023-09-26
9463,55+,Beer Sheva,Mexican,gluten_free,2023-07-26
9464,18-24,Ashdod,Israeli,vegetarian,2024-01-04
9465,45-54,Ashdod,Japanese,kosher,2025-07-31
9466,35-44,Tel Aviv,Cafe,gluten_free,2024-12-10
9467,25-34,Holon,Mediterranean,vegan,2024-02-05
9468,55+,Jerusalem,Mexican,vegetarian,2024-06-30
9469,45-54,Petah Tikva,Cafe,low_carb,2025-05-04
9470,35-44,Ramat Gan,Asian,low_carb,2025-04-30
9471,45-54,Rehovot,Vegan,vegan,2024-10-28
9472,25-34,Tel Aviv,Vegan,halal,2024-07-23
9473,45-54,Holon,Asian,vegan,2023-03-03
9474,35-44,Givatayim,Indian,kosher,2024-10-29
9475,35-44,Ramat Gan,Cafe,kosher,2024-10-14
9476,55+,Petah Tikva,Japanese,halal,2023-06-20
9477,55+,Netanya,Indian,vegan,2024-08-15
9478,25-34,Herzliya,Thai,low_carb,2025-02-15
9479,25-34,Herzliya,Pizza,halal,2023-07-27
9480,25-34,Herzliya,Asian,vegan,2024-03-25
9481,18-24,Tel Aviv,Cafe,none,2023-01-25
9482,35-44,Tel Aviv,Asian,vegan,2024-11-21
9483,18-24,Beer Sheva,Thai,low_carb,2025-01-25
9484,45-54,Kfar Saba,Thai,vegan,2024-10-04
9485,18-24,Kfar Saba,Pizza,kosher,2023-01-16
9486,35-44,Rehovot,Pizza,gluten_free,2025-06-03
9487,55+,Jerusalem,Italian,none,2025-06-22
9488,35-44,Kfar Saba,Asian,vegetarian,2024-03-21
9489,55+,Ashdod,Indian,gluten_free,2023-09-08
9490,55+,Ashdod,Burger,gluten_free,2025-06-01
9491,18-24,Beer Sheva,Burger,vegetarian,2023-04-04
9492,55+,Petah Tikva,Israeli,none,2025-03-28
9493,35-44,Tel Aviv,Vegan,low_carb,2024-10-13
9494,55+,Ashdod,Pizza,low_carb,2024-06-08
9495,45-54,Tel Aviv,Seafood,kosher,2023-01-01
9496,35-44,Tel Aviv,Burger,none,2023-11-20
9497,55+,Givatayim,Sushi,vegan,2024-11-26
9498,18-24,Eilat,Seafood,kosher,2024-06-11
9499,55+,Beer Sheva,Asian,vegetarian,2024-09-30
9500,55+,Givatayim,Burger,vegetarian,2025-02-21
9501,45-54,Rishon LeZion,Israeli,kosher,2023-10-05
9502,35-44,Netanya,Pizza,none,2025-03-27
9503,35-44,Givatayim,Israeli,vegetarian,2024-01-09
9504,45-54,Beer Sheva,Mediterranean,vegetarian,2023-01-26
9505,45-54,Ashdod,Sushi,gluten_free,2023-11-04
9506,45-54,Netanya,Steakhouse,none,2023-07-27
9507,45-54,Ashdod,Cafe,gluten_free,2023-08-19
9508,55+,Rishon LeZion,Burger,none,2024-09-15
9509,18-24,Rishon LeZion,Mexican,kosher,2024-08-04
9510,55+,Kfar Saba,Vegan,kosher,2023-05-01
9511,35-44,Beer Sheva,Thai,halal,2025-09-24
9512,35-44,Jerusalem,Cafe,halal,2023-07-19
9513,25-34,Eilat,Mediterranean,none,2024-02-09
9514,55+,Haifa,Seafood,halal,2023-12-05
9515,55+,Netanya,Israeli,low_carb,2024-02-07
9516,55+,Beer Sheva,Pizza,none,2024-02-08
9517,35-44,Tel Aviv,Greek,low_carb,2024-04-13
9518,45-54,Holon,Asian,kosher,2023-08-31
9519,18-24,Eilat,Cafe,kosher,2023-01-24
9520,55+,Eilat,Israeli,kosher,2023-08-06
9521,18-24,Haifa,Italian,low_carb,2023-09-14
9522,45-54,Herzliya,Cafe,vegetarian,2025-04-08
9523,45-54,Kfar Saba,Thai,vegetarian,2023-01-12
9524,35-44,Haifa,Vegan,kosher,2023-04-25
9525,35-44,Ashdod,Steakhouse,halal,2024-12-29
9526,45-54,Tel Aviv,Vegan,halal,2023-09-16
9527,25-34,Rehovot,Vegan,low_carb,2025-02-24
9528,55+,Ashdod,Sushi,kosher,2025-06-20
9529,45-54,Ramat Gan,Mediterranean,halal,2025-01-01
9530,25-34,Petah Tikva,Pizza,kosher,2025-01-12
9531,25-34,Herzliya,Japanese,vegetarian,2024-01-24
9532,25-34,Rishon LeZion,Indian,vegetarian,2023-02-09
9533,35-44,Holon,Seafood,gluten_free,2023-09-27
9534,25-34,Rishon LeZion,Pizza,kosher,2024-06-03
9535,25-34,Rishon LeZion,Steakhouse,none,2025-07-03
9536,25-34,Haifa,Burger,vegetarian,2023-09-01
9537,35-44,Jerusalem,Steakhouse,vegan,2025-01-05
9538,55+,Tel Aviv,Mediterranean,none,2025-04-25
9539,45-54,Herzliya,Cafe,halal,2023-07-30
9540,45-54,Ashdod,Sushi,none,2025-09-17
9541,35-44,Givatayim,Sushi,kosher,2025-06-27
9542,45-54,Eilat,Vegan,low_carb,2024-09-03
9543,18-24,Rishon LeZion,Steakhouse,halal,2024-11-12
9544,45-54,Herzliya,Indian,vegan,2025-01-11
9545,18-24,Eilat,Burger,none,2023-03-19
9546,45-54,Herzliya,Sushi,gluten_free,2025-04-28
9547,18-24,Ramat Gan,Israeli,kosher,2025-07-28
9548,45-54,Herzliya,Asian,none,2023-07-21
9549,35-44,Tel Aviv,Italian,none,2023-05-07
9550,55+,Rehovot,Pizza,none,2024-07-16
9551,35-44,Rehovot,Vegan,kosher,2024-03-21
9552,35-44,Kfar Saba,Asian,vegan,2025-01-19
9553,35-44,Netanya,Mediterranean,kosher,2024-09-26
9554,45-54,Jerusalem,Greek,vegetarian,2023-10-01
9555,55+,Haifa,Pizza,halal,2024-09-16
9556,55+,Eilat,Greek,gluten_free,2023-09-25
9557,45-54,Eilat,Burger,gluten_free,2025-07-18
9558,45-54,Tel Aviv,Vegan,vegetarian,2025-03-14
9559,45-54,Rishon LeZion,Thai,gluten_free,2025-08-27
9560,18-24,Herzliya,Greek,gluten_free,2025-09-01
9561,25-34,Petah Tikva,Israeli,vegan,2023-03-12
9562,55+,Kfar Saba,Israeli,vegetarian,2023-12-11
9563,35-44,Holon,Israeli,gluten_free,2024-02-02
9564,35-44,Givatayim,Greek,none,2023-07-27
9565,45-54,Holon,Mediterranean,none,2024-01-19
9566,18-24,Ramat Gan,Greek,low_carb,2024-05-10
9567,35-44,Netanya,Cafe,low_carb,2025-05-13
9568,45-54,Petah Tikva,Sushi,kosher,2024-07-24
9569,18-24,Netanya,Asian,kosher,2024-01-31
9570,25-34,Rehovot,Japanese,none,2024-03-14
9571,55+,Rehovot,Thai,none,2024-12-21
9572,55+,Ashdod,Italian,vegetarian,2024-01-04
9573,25-34,Petah Tikva,Sushi,vegan,2023-04-06
9574,18-24,Petah Tikva,Asian,vegetarian,2025-05-11
9575,55+,Tel Aviv,Asian,vegan,2025-05-16
9576,25-34,Ramat Gan,Mediterranean,vegetarian,2024-05-24
9577,45-54,Kfar Saba,Indian,vegetarian,2025-07-19
9578,45-54,Netanya,Israeli,vegetarian,2024-02-20
9579,55+,Tel Aviv,Mexican,low_carb,2023-09-07
9580,45-54,Herzliya,Israeli,vegan,2025-09-07
9581,35-44,Holon,Seafood,low_carb,2023-10-16
9582,35-44,Kfar Saba,Thai,halal,2024-10-01
9583,55+,Herzliya,Greek,low_carb,2025-01-30
9584,55+,Rehovot,Seafood,low_carb,2025-03-15
9585,55+,Petah Tikva,Seafood,kosher,2023-02-05
9586,35-44,Ramat Gan,Steakhouse,vegan,2025-09-06
9587,35-44,Beer Sheva,Seafood,halal,2023-03-05
9588,35-44,Rehovot,Vegan,halal,2023-10-19
9589,55+,Haifa,Steakhouse,halal,2023-11-18
9590,35-44,Ramat Gan,Mediterranean,vegetarian,2024-10-21
9591,35-44,Kfar Saba,Mediterranean,vegan,2025-01-19
9592,35-44,Haifa,Mediterranean,low_carb,2023-09-09
9593,45-54,Jerusalem,Seafood,vegetarian,2023-09-19
9594,25-34,Kfar Saba,Israeli,gluten_free,2023-07-04
9595,55+,Herzliya,Japanese,gluten_free,2025-09-03
9596,45-54,Givatayim,Israeli,gluten_free,2024-02-25
9597,18-24,Eilat,Cafe,kosher,2023-02-15
9598,18-24,Ashdod,Burger,kosher,2024-10-26
9599,18-24,Kfar Saba,Indian,halal,2025-01-22
9600,25-34,Herzliya,Steakhouse,vegetarian,2023-09-29
9601,55+,Eilat,Pizza,kosher,2024-09-17
9602,55+,Ashdod,Steakhouse,vegan,2025-02-06
9603,45-54,Jerusalem,Burger,none,2024-10-01
9604,25-34,Holon,Pizza,vegan,2025-01-26
9605,45-54,Netanya,Pizza,none,2024-10-27
9606,25-34,Eilat,Greek,kosher,2025-07-06
9607,35-44,Haifa,Burger,none,2024-04-12
9608,18-24,Ramat Gan,Vegan,vegan,2023-08-27
9609,25-34,Eilat,Thai,halal,2025-04-11
9610,18-24,Petah Tikva,Burger,vegan,2023-01-22
9611,45-54,Eilat,Italian,kosher,2025-03-20
9612,25-34,Rehovot,Thai,vegetarian,2025-08-11
9613,18-24,Ashdod,Vegan,none,2025-01-12
9614,25-34,Netanya,Mediterranean,vegan,2025-07-13
9615,55+,Kfar Saba,Israeli,halal,2024-03-03
9616,45-54,Herzliya,Thai,none,2023-09-08
9617,55+,Tel Aviv,Pizza,gluten_free,2024-03-06
9618,25-34,Jerusalem,Mexican,none,2025-03-16
9619,35-44,Petah Tikva,Mediterranean,halal,2024-01-25
9620,55+,Ashdod,Greek,low_carb,2023-06-14
9621,55+,Rehovot,Asian,kosher,2024-05-16
9622,18-24,Eilat,Asian,none,2024-12-16
9623,35-44,Haifa,Steakhouse,none,2024-03-03
9624,35-44,Haifa,Mediterranean,halal,2025-07-24
9625,18-24,Rishon LeZion,Cafe,kosher,2025-01-20
9626,18-24,Jerusalem,Vegan,vegan,2024-03-10
9627,18-24,Herzliya,Mexican,gluten_free,2024-12-26
9628,18-24,Ashdod,Greek,gluten_free,2024-07-12
9629,55+,Petah Tikva,Mexican,none,2023-10-17
9630,55+,Jerusalem,Indian,halal,2025-07-08
9631,45-54,Petah Tikva,Indian,vegan,2024-02-05
9632,18-24,Beer Sheva,Mediterranean,vegetarian,2024-08-07
9633,45-54,Petah Tikva,Sushi,vegan,2025-01-22
9634,25-34,Beer Sheva,Cafe,low_carb,2024-05-09
9635,25-34,Ashdod,Cafe,none,2024-10-17
9636,45-54,Ashdod,Burger,kosher,2024-10-26
9637,35-44,Petah Tikva,Mexican,low_carb,2023-06-19
9638,55+,Ashdod,Vegan,halal,2024-02-15
9639,35-44,Haifa,Greek,vegan,2024-01-19
9640,45-54,Beer Sheva,Vegan,vegan,2024-05-31
9641,35-44,Jerusalem,Burger,kosher,2025-04-01
9642,55+,Netanya,Pizza,low_carb,2025-01-08
9643,55+,Rehovot,Pizza,gluten_free,2024-09-29
9644,35-44,Ashdod,Asian,gluten_free,2025-07-02
9645,45-54,Kfar Saba,Indian,gluten_free,2023-06-10
9646,18-24,Rishon LeZion,Greek,gluten_free,2024-07-05
9647,55+,Ashdod,Asian,vegan,2024-12-01
9648,35-44,Eilat,Vegan,vegan,2023-06-11
9649,25-34,Tel Aviv,Greek,kosher,2025-05-18
9650,25-34,Givatayim,Japanese,none,2024-02-16
9651,25-34,Petah Tikva,Pizza,low_carb,2023-05-20
9652,25-34,Rishon LeZion,Vegan,low_carb,2023-08-10
9653,55+,Haifa,Japanese,kosher,2023-05-05
9654,25-34,Petah Tikva,Seafood,vegetarian,2023-06-08
9655,18-24,Rishon LeZion,Burger,vegetarian,2024-09-24
9656,25-34,Givatayim,Italian,low_carb,2025-07-04
9657,55+,Holon,Israeli,low_carb,2024-03-08
9658,35-44,Rishon LeZion,Israeli,vegan,2023-08-09
9659,18-24,Givatayim,Japanese,halal,2024-12-01
9660,55+,Holon,Indian,low_carb,2023-12-01
9661,45-54,Rehovot,Cafe,gluten_free,2025-06-20
9662,18-24,Netanya,Cafe,kosher,2024-02-12
9663,35-44,Rehovot,Asian,halal,2025-02-23
9664,25-34,Tel Aviv,Mediterranean,vegetarian,2024-12-24
9665,35-44,Beer Sheva,Mediterranean,none,2023-12-25
9666,55+,Ashdod,Asian,none,2025-04-27
9667,35-44,Tel Aviv,Japanese,kosher,2024-05-27
9668,35-44,Tel Aviv,Burger,low_carb,2025-06-09
9669,18-24,Ashdod,Mediterranean,low_carb,2023-07-12
9670,18-24,Petah Tikva,Seafood,low_carb,2023-04-15
9671,45-54,Ashdod,Asian,none,2023-09-27
9672,35-44,Rehovot,Pizza,vegetarian,2023-05-06
9673,35-44,Ashdod,Indian,halal,2025-02-10
9674,55+,Haifa,Greek,vegan,2024-05-12
9675,55+,Holon,Japanese,none,2025-04-17
9676,45-54,Givatayim,Burger,gluten_free,2024-09-16
9677,35-44,Rishon LeZion,Greek,none,2024-02-18
9678,45-54,Haifa,Sushi,vegetarian,2024-03-29
9679,55+,Rishon LeZion,Mexican,vegan,2023-07-12
9680,55+,Jerusalem,Indian,halal,2023-04-14
9681,18-24,Rishon LeZion,Thai,halal,2023-04-05
9682,35-44,Ramat Gan,Israeli,kosher,2023-04-02
9683,55+,Tel Aviv,Mexican,halal,2023-11-23
9684,25-34,Jerusalem,Thai,vegetarian,2025-04-05
9685,25-34,Tel Aviv,Italian,halal,2025-07-31
9686,35-44,Netanya,Thai,none,2024-12-01
9687,25-34,Ashdod,Greek,gluten_free,2025-07-20
9688,25-34,Ramat Gan,Burger,vegetarian,2025-05-03
9689,35-44,Givatayim,Asian,none,2024-04-24
9690,25-34,Beer Sheva,Cafe,gluten_free,2023-08-03
9691,55+,Holon,Asian,vegan,2024-03-20
9692,45-54,Givatayim,Indian,low_carb,2023-01-18
9693,25-34,Holon,Vegan,low_carb,2025-01-19
9694,35-44,Eilat,Pizza,vegan,2024-01-24
9695,18-24,Rehovot,Burger,vegetarian,2023-04-26
9696,35-44,Holon,Mediterranean,kosher,2023-02-14
9697,55+,Beer Sheva,Vegan,halal,2024-04-10
9698,45-54,Petah Tikva,Mediterranean,none,2024-09-10
9699,18-24,Kfar Saba,Burger,halal,2024-10-06
9700,25-34,Holon,Pizza,low_carb,2025-05-25
9701,45-54,Rehovot,Steakhouse,kosher,2024-09-29
9702,55+,Rehovot,Sushi,gluten_free,2024-01-28
9703,25-34,Herzliya,Burger,none,2025-07-29
9704,35-44,Rishon LeZion,Asian,gluten_free,2023-04-08
9705,45-54,Herzliya,Cafe,vegan,2023-10-22
9706,18-24,Rehovot,Seafood,vegan,2024-05-05
9707,45-54,Eilat,Italian,kosher,2023-01-13
9708,35-44,Tel Aviv,Japanese,vegan,2023-12-18
9709,55+,Ashdod,Pizza,kosher,2025-09-06
9710,18-24,Ashdod,Cafe,vegan,2025-09-05
9711,18-24,Rishon LeZion,Pizza,vegan,2024-03-22
9712,18-24,Jerusalem,Seafood,halal,2023-04-18
9713,25-34,Haifa,Sushi,kosher,2024-12-11
9714,55+,Ramat Gan,Japanese,vegan,2025-04-28
9715,25-34,Netanya,Seafood,halal,2023-02-15
9716,55+,Tel Aviv,Pizza,low_carb,2025-08-19
9717,18-24,Beer Sheva,Indian,kosher,2024-11-17
9718,35-44,Tel Aviv,Seafood,low_carb,2024-02-04
9719,18-24,Jerusalem,Sushi,none,2025-02-19
9720,25-34,Eilat,Israeli,low_carb,2024-08-15
9721,45-54,Ramat Gan,Sushi,vegan,2025-06-05
9722,45-54,Haifa,Italian,kosher,2023-04-18
9723,45-54,Tel Aviv,Asian,vegetarian,2025-09-19
9724,45-54,Kfar Saba,Indian,kosher,2023-06-10
9725,55+,Herzliya,Indian,none,2025-03-17
9726,45-54,Kfar Saba,Japanese,vegetarian,2024-09-18
9727,45-54,Tel Aviv,Cafe,gluten_free,2025-07-03
9728,35-44,Rishon LeZion,Asian,kosher,2025-05-16
9729,25-34,Tel Aviv,Japanese,vegetarian,2024-08-10
9730,25-34,Tel Aviv,Italian,gluten_free,2024-08-14
9731,45-54,Givatayim,Indian,halal,2025-07-05
9732,45-54,Jerusalem,Cafe,gluten_free,2023-04-28
9733,25-34,Petah Tikva,Seafood,kosher,2023-02-11
9734,25-34,Holon,Mediterranean,gluten_free,2023-02-02
9735,25-34,Ashdod,Italian,gluten_free,2023-06-28
9736,55+,Holon,Cafe,none,2025-07-18
9737,35-44,Rehovot,Mediterranean,gluten_free,2024-06-05
9738,45-54,Jerusalem,Burger,low_carb,2025-07-23
9739,55+,Rishon LeZion,Pizza,vegan,2025-01-17
9740,55+,Jerusalem,Israeli,kosher,2024-03-21
9741,35-44,Ramat Gan,Mediterranean,none,2025-08-10
9742,55+,Netanya,Mediterranean,halal,2025-04-30
9743,45-54,Rishon LeZion,Vegan,vegetarian,2023-11-03
9744,25-34,Tel Aviv,Indian,low_carb,2024-10-31
9745,45-54,Ramat Gan,Vegan,vegan,2023-12-10
9746,35-44,Rehovot,Thai,halal,2025-05-18
9747,18-24,Netanya,Burger,none,2024-06-22
9748,45-54,Rehovot,Israeli,vegetarian,2024-12-12
9749,55+,Givatayim,Japanese,halal,2024-04-11
9750,18-24,Tel Aviv,Burger,kosher,2023-03-04
9751,35-44,Haifa,Vegan,halal,2024-07-11
9752,25-34,Holon,Mediterranean,gluten_free,2025-07-30
9753,35-44,Rehovot,Pizza,halal,2025-08-08
9754,18-24,Holon,Indian,none,2025-03-30
9755,25-34,Eilat,Burger,low_carb,2024-05-24
9756,35-44,Rishon LeZion,Israeli,vegan,2024-06-09
9757,35-44,Eilat,Vegan,vegetarian,2024-08-31
9758,55+,Holon,Vegan,halal,2023-06-01
9759,45-54,Herzliya,Vegan,gluten_free,2023-08-24
9760,25-34,Tel Aviv,Pizza,low_carb,2024-05-15
9761,45-54,Rehovot,Italian,low_carb,2023-03-02
9762,35-44,Ashdod,Italian,none,2023-08-10
9763,35-44,Jerusalem,Pizza,none,2023-11-21
9764,35-44,Petah Tikva,Israeli,halal,2024-11-19
9765,25-34,Holon,Indian,none,2023-05-27
9766,18-24,Givatayim,Pizza,halal,2024-03-14
9767,18-24,Kfar Saba,Italian,kosher,2024-04-21
9768,55+,Tel Aviv,Mediterranean,kosher,2025-07-08
9769,35-44,Ashdod,Cafe,gluten_free,2024-06-29
9770,18-24,Rishon LeZion,Thai,gluten_free,2023-12-01
9771,45-54,Herzliya,Cafe,vegetarian,2024-02-10
9772,18-24,Kfar Saba,Indian,none,2024-09-14
9773,18-24,Herzliya,Indian,vegan,2023-02-28
9774,18-24,Herzliya,Steakhouse,halal,2025-05-27
9775,25-34,Holon,Greek,kosher,2023-03-09
9776,25-34,Petah Tikva,Israeli,gluten_free,2023-01-05
9777,25-34,Beer Sheva,Cafe,none,2025-06-12
9778,18-24,Jerusalem,Israeli,halal,2025-04-09
9779,55+,Haifa,Burger,low_carb,2023-07-09
9780,35-44,Haifa,Vegan,gluten_free,2024-02-19
9781,25-34,Holon,Steakhouse,gluten_free,2023-06-13
9782,45-54,Netanya,Indian,low_carb,2025-03-16
9783,18-24,Holon,Mediterranean,low_carb,2023-05-06
9784,45-54,Herzliya,Mexican,kosher,2025-08-01
9785,25-34,Kfar Saba,Greek,halal,2024-03-23
9786,45-54,Haifa,Burger,low_carb,2023-05-17
9787,25-34,Ramat Gan,Israeli,kosher,2024-09-11
9788,55+,Rehovot,Mediterranean,halal,2025-08-05
9789,25-34,Ashdod,Cafe,low_carb,2024-02-24
9790,35-44,Eilat,Cafe,gluten_free,2024-05-10
9791,18-24,Herzliya,Israeli,vegetarian,2025-06-30
9792,45-54,Ramat Gan,Italian,vegan,2025-09-26
9793,18-24,Beer Sheva,Italian,vegan,2025-01-02
9794,45-54,Eilat,Sushi,gluten_free,2024-04-14
9795,18-24,Netanya,Thai,gluten_free,2024-09-10
9796,35-44,Givatayim,Steakhouse,vegetarian,2023-01-14
9797,55+,Netanya,Mediterranean,vegetarian,2024-05-11
9798,45-54,Haifa,Mediterranean,low_carb,2025-03-15
9799,35-44,Ashdod,Steakhouse,gluten_free,2024-10-18
9800,35-44,Petah Tikva,Steakhouse,kosher,2024-07-13
9801,55+,Herzliya,Greek,kosher,2024-04-26
9802,35-44,Ramat Gan,Pizza,kosher,2023-07-31
9803,35-44,Ramat Gan,Cafe,gluten_free,2024-05-02
9804,18-24,Herzliya,Cafe,vegetarian,2024-01-29
9805,45-54,Ashdod,Mediterranean,kosher,2025-06-20
9806,35-44,Herzliya,Greek,halal,2023-03-18
9807,35-44,Tel Aviv,Sushi,none,2024-11-02
9808,45-54,Jerusalem,Israeli,halal,2023-11-28
9809,25-34,Ramat Gan,Asian,low_carb,2025-08-02
9810,55+,Rehovot,Greek,gluten_free,2023-06-28
9811,25-34,Tel Aviv,Italian,vegan,2025-07-26
9812,25-34,Jerusalem,Greek,none,2023-06-02
9813,18-24,Haifa,Burger,low_carb,2024-06-09
9814,35-44,Eilat,Seafood,none,2025-02-24
9815,25-34,Tel Aviv,Sushi,low_carb,2023-03-30
9816,35-44,Ramat Gan,Greek,halal,2023-01-18
9817,45-54,Rehovot,Thai,gluten_free,2023-01-10
9818,45-54,Eilat,Japanese,gluten_free,2025-02-09
9819,45-54,Ashdod,Steakhouse,vegetarian,2025-08-20
9820,25-34,Rehovot,Thai,kosher,2024-09-23
9821,25-34,Tel Aviv,Steakhouse,kosher,2023-07-12
9822,55+,Rishon LeZion,Steakhouse,halal,2025-08-28
9823,18-24,Eilat,Indian,gluten_free,2024-10-08
9824,18-24,Jerusalem,Sushi,halal,2024-03-13
9825,25-34,Rishon LeZion,Pizza,low_carb,2023-11-03
9826,55+,Rehovot,Israeli,gluten_free,2025-07-22
9827,45-54,Holon,Israeli,low_carb,2024-10-19
9828,55+,Eilat,Greek,halal,2024-10-24
9829,55+,Tel Aviv,Asian,low_carb,2024-06-08
9830,55+,Ashdod,Steakhouse,kosher,2024-02-07
9831,25-34,Tel Aviv,Japanese,none,2025-06-26
9832,45-54,Givatayim,Indian,kosher,2024-02-21
9833,45-54,Rishon LeZion,Mediterranean,low_carb,2025-01-26
9834,35-44,Givatayim,Italian,low_carb,2023-04-20
9835,35-44,Eilat,Thai,none,2024-09-11
9836,35-44,Haifa,Thai,none,2024-04-30
9837,55+,Holon,Thai,none,2023-03-14
9838,25-34,Ramat Gan,Italian,vegan,2023-01-18
9839,45-54,Kfar Saba,Israeli,gluten_free,2025-02-09
9840,18-24,Jerusalem,Asian,none,2023-08-08
9841,35-44,Holon,Indian,low_carb,2024-01-14
9842,25-34,Rehovot,Burger,halal,2024-07-11
9843,55+,Jerusalem,Indian,kosher,2024-03-04
9844,18-24,Beer Sheva,Asian,vegetarian,2023-02-13
9845,45-54,Petah Tikva,Asian,none,2025-02-09
9846,18-24,Netanya,Greek,low_carb,2025-07-30
9847,45-54,Kfar Saba,Sushi,vegan,2023-03-03
9848,55+,Herzliya,Japanese,vegetarian,2025-09-14
9849,45-54,Jerusalem,Vegan,kosher,2023-01-12
9850,55+,Kfar Saba,Italian,kosher,2023-08-04
9851,35-44,Rehovot,Israeli,vegan,2025-03-20
9852,45-54,Jerusalem,Mexican,vegan,2024-06-26
9853,35-44,Kfar Saba,Vegan,halal,2024-11-19
9854,55+,Rehovot,Vegan,vegetarian,2023-06-16
9855,45-54,Tel Aviv,Asian,halal,2025-02-17
9856,45-54,Holon,Israeli,gluten_free,2024-03-24
9857,35-44,Haifa,Israeli,gluten_free,2023-12-28
9858,18-24,Beer Sheva,Mexican,halal,2025-06-06
9859,25-34,Beer Sheva,Seafood,low_carb,2024-11-29
9860,35-44,Rehovot,Italian,none,2023-07-26
9861,55+,Ashdod,Mexican,kosher,2023-08-08
9862,35-44,Rishon LeZion,Seafood,none,2023-02-04
9863,45-54,Haifa,Steakhouse,vegan,2024-06-09
9864,35-44,Rehovot,Burger,halal,2023-10-19
9865,55+,Holon,Seafood,vegetarian,2024-11-11
9866,25-34,Givatayim,Italian,gluten_free,2024-12-01
9867,55+,Holon,Steakhouse,kosher,2024-01-30
9868,25-34,Petah Tikva,Indian,none,2024-02-16
9869,45-54,Beer Sheva,Burger,gluten_free,2024-11-24
9870,55+,Eilat,Israeli,vegan,2024-02-22
9871,45-54,Kfar Saba,Thai,low_carb,2024-10-14
9872,18-24,Petah Tikva,Steakhouse,gluten_free,2023-02-01
9873,25-34,Holon,Steakhouse,low_carb,2025-08-29
9874,18-24,Petah Tikva,Thai,low_carb,2024-10-16
9875,25-34,Givatayim,Seafood,vegetarian,2023-04-04
9876,25-34,Beer Sheva,Seafood,vegetarian,2023-01-29
9877,35-44,Netanya,Asian,vegan,2023-07-16
9878,55+,Netanya,Mexican,none,2023-12-11
9879,35-44,Givatayim,Italian,vegetarian,2023-08-16
9880,45-54,Haifa,Pizza,none,2024-05-05
9881,55+,Haifa,Greek,vegan,2025-07-21
9882,35-44,Jerusalem,Steakhouse,low_carb,2024-10-13
9883,18-24,Kfar Saba,Asian,low_carb,2023-04-23
9884,45-54,Rishon LeZion,Indian,low_carb,2025-07-11
9885,35-44,Rehovot,Steakhouse,none,2024-04-01
9886,25-34,Eilat,Japanese,kosher,2023-04-07
9887,45-54,Tel Aviv,Cafe,kosher,2024-03-15
9888,18-24,Kfar Saba,Pizza,halal,2023-09-06
9889,35-44,Beer Sheva,Seafood,gluten_free,2025-03-19
9890,25-34,Ramat Gan,Israeli,kosher,2023-10-06
9891,25-34,Ramat Gan,Asian,kosher,2023-11-29
9892,18-24,Eilat,Italian,vegetarian,2025-05-05
9893,18-24,Petah Tikva,Sushi,vegan,2023-06-10
9894,55+,Ramat Gan,Japanese,kosher,2024-02-20
9895,18-24,Rehovot,Asian,vegan,2024-04-09
9896,18-24,Beer Sheva,Japanese,vegetarian,2024-09-22
9897,25-34,Haifa,Israeli,halal,2023-08-27
9898,18-24,Ramat Gan,Steakhouse,vegan,2024-04-06
9899,45-54,Givatayim,Pizza,halal,2024-08-06
9900,35-44,Kfar Saba,Vegan,low_carb,2024-08-24
9901,45-54,Ramat Gan,Israeli,none,2024-07-02
9902,35-44,Rishon LeZion,Cafe,kosher,2025-08-23
9903,18-24,Petah Tikva,Greek,vegan,2024-06-02
9904,25-34,Herzliya,Italian,vegan,2023-02-12
9905,25-34,Tel Aviv,Thai,none,2023-05-17
9906,18-24,Beer Sheva,Italian,kosher,2024-11-11
9907,18-24,Herzliya,Indian,none,2024-07-27
9908,55+,Netanya,Japanese,halal,2023-05-18
9909,35-44,Haifa,Mexican,halal,2024-04-27
9910,35-44,Beer Sheva,Italian,gluten_free,2024-10-09
9911,35-44,Ramat Gan,Vegan,none,2024-10-23
9912,35-44,Jerusalem,Steakhouse,kosher,2024-01-17
9913,25-34,Givatayim,Thai,vegetarian,2024-12-05
9914,55+,Herzliya,Sushi,vegetarian,2023-04-10
9915,45-54,Haifa,Vegan,kosher,2024-01-03
9916,35-44,Netanya,Greek,kosher,2023-10-25
9917,35-44,Petah Tikva,Burger,gluten_free,2023-07-07
9918,55+,Ramat Gan,Italian,none,2024-09-14
9919,35-44,Ashdod,Sushi,vegan,2025-03-21
9920,18-24,Ashdod,Steakhouse,vegan,2025-07-17
9921,18-24,Eilat,Vegan,vegetarian,2024-01-19
9922,25-34,Givatayim,Mexican,halal,2025-02-15
9923,25-34,Ramat Gan,Asian,vegan,2023-03-19
9924,35-44,Rishon LeZion,Cafe,none,2023-09-29
9925,45-54,Beer Sheva,Burger,vegan,2024-08-02
9926,35-44,Rehovot,Indian,halal,2023-12-18
9927,35-44,Beer Sheva,Asian,vegetarian,2025-08-12
9928,55+,Rishon LeZion,Japanese,gluten_free,2023-10-13
9929,55+,Petah Tikva,Burger,vegetarian,2023-09-30
9930,18-24,Tel Aviv,Burger,vegetarian,2025-01-30
9931,35-44,Beer Sheva,Italian,gluten_free,2025-07-11
9932,55+,Haifa,Japanese,gluten_free,2024-09-09
9933,35-44,Beer Sheva,Italian,kosher,2024-07-17
9934,25-34,Ashdod,Italian,vegetarian,2024-02-05
9935,18-24,Givatayim,Cafe,halal,2024-06-09
9936,18-24,Rishon LeZion,Seafood,vegan,2025-05-20
9937,45-54,Rishon LeZion,Greek,gluten_free,2023-12-15
9938,45-54,Beer Sheva,Vegan,vegetarian,2025-06-26
9939,45-54,Netanya,Steakhouse,kosher,2025-01-03
9940,55+,Beer Sheva,Pizza,halal,2025-07-13
9941,55+,Ashdod,Pizza,kosher,2025-01-13
9942,35-44,Rehovot,Israeli,vegetarian,2024-04-26
9943,45-54,Holon,Israeli,vegan,2024-03-23
9944,55+,Petah Tikva,Steakhouse,kosher,2023-07-28
9945,45-54,Rehovot,Mediterranean,kosher,2025-04-01
9946,45-54,Tel Aviv,Japanese,kosher,2023-03-03
9947,55+,Rehovot,Cafe,low_carb,2024-01-04
9948,25-34,Beer Sheva,Sushi,halal,2023-05-23
9949,55+,Ramat Gan,Steakhouse,gluten_free,2025-01-28
9950,45-54,Givatayim,Pizza,vegan,2025-03-08
9951,18-24,Netanya,Cafe,none,2025-03-07
9952,25-34,Haifa,Seafood,none,2024-08-12
9953,45-54,Haifa,Italian,none,2024-02-19
9954,18-24,Jerusalem,Indian,none,2024-03-26
9955,25-34,Petah Tikva,Mexican,halal,2023-03-11
9956,45-54,Rehovot,Seafood,vegetarian,2025-03-16
9957,45-54,Givatayim,Cafe,vegan,2024-01-03
9958,25-34,Herzliya,Mexican,kosher,2023-02-04
9959,18-24,Netanya,Steakhouse,vegan,2024-09-19
9960,45-54,Tel Aviv,Japanese,halal,2024-04-26
9961,45-54,Ashdod,Thai,gluten_free,2024-08-15
9962,25-34,Rehovot,Italian,gluten_free,2023-12-22
9963,35-44,Haifa,Burger,gluten_free,2024-04-10
9964,35-44,Jerusalem,Sushi,halal,2023-07-21
9965,18-24,Herzliya,Pizza,kosher,2023-01-26
9966,55+,Rishon LeZion,Japanese,none,2025-07-10
9967,55+,Rishon LeZion,Cafe,vegetarian,2025-07-01
9968,55+,Rehovot,Seafood,halal,2025-07-24
9969,45-54,Haifa,Thai,vegan,2023-11-09
9970,55+,Kfar Saba,Burger,vegetarian,2024-05-17
9971,25-34,Rehovot,Pizza,vegetarian,2025-07-03
9972,35-44,Ramat Gan,Cafe,gluten_free,2025-07-29
9973,35-44,Haifa,Mediterranean,low_carb,2024-06-18
9974,18-24,Haifa,Italian,vegan,2023-12-04
9975,25-34,Jerusalem,Thai,halal,2025-03-14
9976,45-54,Netanya,Steakhouse,vegan,2025-08-27
9977,45-54,Petah Tikva,Sushi,none,2023-06-05
9978,18-24,Netanya,Thai,vegetarian,2024-11-20
9979,55+,Haifa,Italian,low_carb,2024-03-29
9980,25-34,Rehovot,Japanese,vegan,2025-06-14
9981,18-24,Rishon LeZion,Greek,halal,2023-04-20
9982,35-44,Jerusalem,Israeli,kosher,2024-08-14
9983,25-34,Beer Sheva,Seafood,vegetarian,2023-01-05
9984,45-54,Kfar Saba,Seafood,halal,2025-02-19
9985,45-54,Haifa,Cafe,halal,2023-04-19
9986,35-44,Tel Aviv,Pizza,none,2023-03-03
9987,55+,Netanya,Steakhouse,kosher,2024-06-28
9988,25-34,Beer Sheva,Burger,none,2023-06-02
9989,55+,Tel Aviv,Seafood,none,2024-02-04
9990,18-24,Jerusalem,Mediterranean,gluten_free,2024-12-04
9991,18-24,Rehovot,Japanese,kosher,2023-03-10
9992,35-44,Givatayim,Cafe,low_carb,2023-02-09
9993,25-34,Ashdod,Sushi,gluten_free,2024-06-27
9994,45-54,Herzliya,Sushi,none,2023-02-22
9995,25-34,Herzliya,Sushi,kosher,2023-08-22
9996,55+,Rishon LeZion,Cafe,gluten_free,2024-03-18
9997,55+,Kfar Saba,Asian,halal,2025-08-06
9998,45-54,Kfar Saba,Sushi,halal,2024-10-25
9999,25-34,Tel Aviv,Steakhouse,kosher,2025-05-14
10000,25-34,Petah Tikva,Italian,low_carb,2023-08-30
10001,55+,Haifa,Mexican,low_carb,2023-02-21
10002,25-34,Herzliya,Vegan,none,2023-03-08
10003,25-34,Rishon LeZion,Steakhouse,vegan,2024-04-10
10004,18-24,Jerusalem,Italian,vegetarian,2025-06-08
10005,25-34,Netanya,Italian,gluten_free,2025-03-21
10006,18-24,Rishon LeZion,Italian,vegan,2024-06-18
10007,35-44,Jerusalem,Italian,halal,2024-12-12
10008,45-54,Holon,Israeli,low_carb,2025-05-04
10009,18-24,Netanya,Italian,halal,2025-01-02
10010,55+,Eilat,Cafe,vegan,2023-09-07
10011,55+,Netanya,Burger,low_carb,2024-04-05
10012,35-44,Rishon LeZion,Thai,halal,2025-06-18
10013,25-34,Kfar Saba,Cafe,kosher,2023-03-22
10014,25-34,Rehovot,Vegan,low_carb,2024-04-04
10015,25-34,Haifa,Italian,vegan,2023-11-23
10016,25-34,Ashdod,Indian,vegan,2023-05-27
10017,35-44,Holon,Cafe,vegetarian,2023-10-14
10018,18-24,Eilat,Indian,vegetarian,2025-05-02
10019,55+,Beer Sheva,Thai,gluten_free,2024-01-20
10020,45-54,Givatayim,Asian,none,2024-03-08
10021,18-24,Netanya,Israeli,vegan,2024-03-13
10022,35-44,Rehovot,Vegan,kosher,2024-05-12
10023,55+,Tel Aviv,Greek,vegan,2023-06-17
10024,35-44,Rehovot,Japanese,halal,2024-03-25
10025,35-44,Ashdod,Japanese,halal,2023-01-01
10026,35-44,Netanya,Asian,vegetarian,2023-06-09
10027,25-34,Eilat,Thai,none,2023-05-18
10028,45-54,Beer Sheva,Vegan,gluten_free,2024-03-04
10029,55+,Ashdod,Japanese,low_carb,2025-06-27
10030,55+,Givatayim,Cafe,none,2023-12-11
10031,18-24,Tel Aviv,Mediterranean,gluten_free,2023-06-16
10032,55+,Eilat,Thai,kosher,2023-05-30
10033,55+,Haifa,Burger,vegan,2023-08-10
10034,55+,Ramat Gan,Burger,none,2023-10-05
10035,35-44,Eilat,Mexican,gluten_free,2025-08-15
10036,18-24,Holon,Pizza,gluten_free,2023-09-30
10037,35-44,Netanya,Greek,vegan,2024-01-31
10038,25-34,Rehovot,Mediterranean,none,2025-04-25
10039,25-34,Rehovot,Indian,kosher,2024-01-03
10040,45-54,Beer Sheva,Indian,none,2023-10-26
10041,35-44,Givatayim,Seafood,kosher,2024-04-11
10042,35-44,Givatayim,Greek,kosher,2025-06-28
10043,18-24,Tel Aviv,Greek,vegan,2023-06-26
10044,18-24,Tel Aviv,Cafe,gluten_free,2024-10-01
10045,25-34,Herzliya,Sushi,none,2025-06-11
10046,35-44,Jerusalem,Steakhouse,low_carb,2023-09-17
10047,45-54,Eilat,Sushi,gluten_free,2023-11-13
10048,45-54,Herzliya,Indian,vegan,2023-11-23
10049,25-34,Netanya,Burger,kosher,2025-05-12
10050,18-24,Ashdod,Pizza,vegan,2023-08-24
10051,35-44,Netanya,Sushi,low_carb,2024-07-31
10052,35-44,Kfar Saba,Asian,kosher,2025-08-11
10053,25-34,Givatayim,Vegan,halal,2023-11-01
10054,18-24,Herzliya,Thai,kosher,2024-12-22
10055,55+,Ramat Gan,Seafood,vegan,2025-06-02
10056,35-44,Jerusalem,Burger,vegan,2023-07-10
10057,25-34,Ramat Gan,Israeli,kosher,2023-08-12
10058,18-24,Tel Aviv,Italian,kosher,2025-09-02
10059,18-24,Eilat,Mediterranean,none,2023-07-22
10060,25-34,Givatayim,Steakhouse,vegan,2024-11-05
10061,25-34,Holon,Pizza,kosher,2024-04-13
10062,45-54,Holon,Italian,kosher,2023-04-08
10063,35-44,Eilat,Mexican,halal,2025-09-23
10064,45-54,Herzliya,Mediterranean,low_carb,2024-12-30
10065,55+,Rehovot,Mediterranean,gluten_free,2023-01-31
10066,18-24,Herzliya,Seafood,kosher,2024-06-16
10067,35-44,Ashdod,Mediterranean,vegetarian,2025-01-24
10068,25-34,Netanya,Steakhouse,halal,2023-07-12
10069,25-34,Haifa,Israeli,vegan,2024-07-20
10070,25-34,Eilat,Greek,vegan,2023-04-29
10071,45-54,Beer Sheva,Seafood,gluten_free,2025-06-25
10072,45-54,Petah Tikva,Sushi,low_carb,2025-04-23
10073,25-34,Beer Sheva,Mexican,vegetarian,2025-05-13
10074,18-24,Eilat,Sushi,gluten_free,2025-04-19
10075,35-44,Ashdod,Vegan,gluten_free,2023-02-28
10076,25-34,Beer Sheva,Mexican,none,2024-09-19
10077,18-24,Kfar Saba,Thai,halal,2023-05-22
10078,35-44,Haifa,Thai,vegan,2024-02-01
10079,55+,Rishon LeZion,Mediterranean,halal,2024-11-17
10080,35-44,Eilat,Sushi,none,2025-09-20
10081,25-34,Beer Sheva,Italian,gluten_free,2023-11-24
10082,45-54,Kfar Saba,Italian,vegetarian,2023-02-12
10083,25-34,Netanya,Seafood,vegetarian,2025-01-10
10084,25-34,Ramat Gan,Greek,vegetarian,2024-03-14
10085,55+,Jerusalem,Pizza,low_carb,2025-07-02
10086,55+,Rishon LeZion,Japanese,gluten_free,2025-01-14
10087,45-54,Herzliya,Italian,vegetarian,2024-06-23
10088,35-44,Kfar Saba,Pizza,vegan,2025-09-14
10089,18-24,Tel Aviv,Sushi,vegan,2024-10-02
10090,25-34,Netanya,Thai,halal,2024-11-02
10091,45-54,Beer Sheva,Steakhouse,low_carb,2024-05-08
10092,25-34,Holon,Cafe,none,2023-05-28
10093,45-54,Rehovot,Israeli,vegan,2023-12-02
10094,18-24,Beer Sheva,Mexican,vegetarian,2024-11-10
10095,18-24,Herzliya,Burger,low_carb,2024-11-26
10096,25-34,Rishon LeZion,Thai,gluten_free,2025-09-22
10097,45-54,Herzliya,Israeli,halal,2024-10-28
10098,18-24,Beer Sheva,Italian,gluten_free,2024-08-05
10099,35-44,Ramat Gan,Asian,none,2023-10-31
10100,55+,Tel Aviv,Indian,kosher,2025-02-05
10101,55+,Petah Tikva,Greek,gluten_free,2024-06-19
10102,25-34,Beer Sheva,Israeli,vegan,2023-12-29
10103,35-44,Givatayim,Mexican,low_carb,2023-03-05
10104,55+,Kfar Saba,Japanese,vegetarian,2025-02-19
10105,18-24,Petah Tikva,Steakhouse,none,2024-09-12
10106,45-54,Beer Sheva,Indian,kosher,2025-03-03
10107,35-44,Netanya,Mediterranean,gluten_free,2023-11-27
10108,18-24,Beer Sheva,Greek,none,2024-12-15
10109,45-54,Beer Sheva,Israeli,low_carb,2023-02-26
10110,45-54,Givatayim,Steakhouse,halal,2024-11-11
10111,55+,Rishon LeZion,Vegan,halal,2024-11-12
10112,18-24,Petah Tikva,Steakhouse,kosher,2023-02-09
10113,25-34,Netanya,Steakhouse,gluten_free,2025-03-09
10114,18-24,Netanya,Asian,none,2024-05-14
10115,35-44,Holon,Mexican,none,2025-05-19
10116,25-34,Ramat Gan,Indian,none,2023-04-07
10117,25-34,Kfar Saba,Mexican,low_carb,2024-02-28
10118,18-24,Petah Tikva,Indian,halal,2025-02-25
10119,35-44,Tel Aviv,Japanese,vegetarian,2025-02-19
10120,45-54,Kfar Saba,Steakhouse,halal,2024-03-28
10121,55+,Rehovot,Italian,vegan,2025-07-08
10122,55+,Givatayim,Cafe,none,2023-08-11
10123,18-24,Herzliya,Indian,none,2025-07-25
10124,25-34,Herzliya,Mediterranean,kosher,2023-03-07
10125,35-44,Givatayim,Japanese,none,2024-01-15
10126,25-34,Eilat,Burger,halal,2023-02-16
10127,25-34,Eilat,Sushi,halal,2025-06-20
10128,35-44,Haifa,Pizza,low_carb,2024-07-24
10129,18-24,Eilat,Seafood,none,2024-01-19
10130,35-44,Kfar Saba,Sushi,halal,2024-04-12
10131,25-34,Rishon LeZion,Italian,low_carb,2023-10-14
10132,18-24,Herzliya,Vegan,halal,2023-01-01
10133,55+,Eilat,Asian,vegan,2023-11-25
10134,35-44,Ramat Gan,Mexican,vegan,2025-02-28
10135,25-34,Rehovot,Burger,none,2024-12-02
10136,25-34,Givatayim,Mediterranean,gluten_free,2023-11-16
10137,35-44,Givatayim,Mexican,vegetarian,2025-02-21
10138,25-34,Holon,Japanese,none,2024-08-06
10139,18-24,Petah Tikva,Mediterranean,kosher,2023-06-17
10140,55+,Ramat Gan,Greek,low_carb,2023-08-29
10141,45-54,Ashdod,Italian,vegetarian,2023-01-10
10142,25-34,Ashdod,Seafood,halal,2023-07-13
10143,45-54,Eilat,Burger,vegan,2023-09-17
10144,18-24,Holon,Mediterranean,kosher,2023-01-19
10145,35-44,Ramat Gan,Greek,low_carb,2025-01-06
10146,45-54,Tel Aviv,Thai,halal,2023-08-27
10147,18-24,Jerusalem,Sushi,vegan,2025-07-18
10148,45-54,Eilat,Steakhouse,halal,2025-02-26
10149,25-34,Kfar Saba,Mediterranean,none,2025-03-28
10150,35-44,Ashdod,Thai,kosher,2025-07-23
10151,25-34,Holon,Burger,gluten_free,2025-01-02
10152,55+,Petah Tikva,Steakhouse,none,2024-05-29
10153,55+,Herzliya,Israeli,gluten_free,2025-06-18
10154,55+,Holon,Cafe,kosher,2024-06-29
10155,25-34,Herzliya,Pizza,gluten_free,2023-06-08
10156,25-34,Ramat Gan,Vegan,vegan,2025-07-11
10157,18-24,Ramat Gan,Israeli,halal,2025-05-08
10158,35-44,Jerusalem,Pizza,low_carb,2025-04-24
10159,55+,Haifa,Italian,vegetarian,2024-08-08
10160,25-34,Petah Tikva,Sushi,kosher,2023-11-18
10161,45-54,Netanya,Vegan,none,2023-07-06
10162,25-34,Kfar Saba,Steakhouse,halal,2023-08-16
10163,35-44,Holon,Steakhouse,halal,2024-04-09
10164,18-24,Holon,Italian,vegetarian,2024-03-28
10165,25-34,Ramat Gan,Vegan,low_carb,2023-03-18
10166,25-34,Beer Sheva,Mediterranean,vegan,2024-04-22
10167,25-34,Kfar Saba,Burger,none,2024-04-08
10168,55+,Rehovot,Sushi,vegan,2023-10-24
10169,45-54,Ramat Gan,Vegan,halal,2023-06-17
10170,18-24,Ashdod,Steakhouse,none,2024-06-01
10171,35-44,Jerusalem,Japanese,low_carb,2023-12-08
10172,25-34,Jerusalem,Mexican,vegan,2025-03-25
10173,55+,Rehovot,Cafe,halal,2023-04-03
10174,35-44,Beer Sheva,Asian,low_carb,2023-12-18
10175,55+,Givatayim,Burger,vegan,2024-09-14
10176,18-24,Tel Aviv,Israeli,vegetarian,2025-06-22
10177,35-44,Herzliya,Cafe,vegetarian,2023-04-29
10178,35-44,Petah Tikva,Indian,low_carb,2025-05-25
10179,45-54,Kfar Saba,Asian,halal,2024-06-21
10180,45-54,Rehovot,Cafe,none,2025-09-18
10181,55+,Ashdod,Indian,low_carb,2025-02-04
10182,45-54,Kfar Saba,Thai,vegan,2024-02-21
10183,45-54,Haifa,Steakhouse,halal,2025-02-22
10184,45-54,Rishon LeZion,Greek,none,2025-06-25
10185,45-54,Beer Sheva,Burger,halal,2025-07-18
10186,55+,Beer Sheva,Italian,kosher,2024-04-24
10187,35-44,Netanya,Israeli,low_carb,2024-12-14
10188,18-24,Ashdod,Greek,gluten_free,2024-04-15
10189,18-24,Holon,Cafe,vegan,2025-09-09
10190,35-44,Netanya,Indian,kosher,2025-04-07
10191,45-54,Rishon LeZion,Vegan,halal,2024-11-12
10192,25-34,Petah Tikva,Sushi,gluten_free,2024-04-04
10193,35-44,Holon,Sushi,kosher,2023-11-23
10194,18-24,Ramat Gan,Seafood,kosher,2023-07-14
10195,25-34,Givatayim,Japanese,vegan,2023-10-22
10196,45-54,Ashdod,Pizza,none,2023-12-10
10197,18-24,Givatayim,Seafood,vegetarian,2024-11-27
10198,45-54,Eilat,Thai,halal,2025-04-14
10199,35-44,Beer Sheva,Indian,halal,2025-09-11
10200,25-34,Ramat Gan,Burger,vegan,2025-06-28
10201,25-34,Givatayim,Sushi,kosher,2025-08-26
10202,18-24,Eilat,Israeli,vegan,2023-07-03
10203,25-34,Givatayim,Italian,kosher,2024-01-18
10204,35-44,Tel Aviv,Italian,vegetarian,2024-06-25
10205,45-54,Haifa,Thai,low_carb,2023-08-30
10206,25-34,Ashdod,Italian,halal,2024-03-31
10207,45-54,Holon,Japanese,vegan,2023-11-08
10208,35-44,Givatayim,Seafood,vegan,2025-08-01
10209,45-54,Herzliya,Greek,low_carb,2023-02-06
10210,35-44,Rehovot,Mediterranean,halal,2024-11-06
10211,35-44,Beer Sheva,Greek,gluten_free,2025-02-21
10212,35-44,Givatayim,Vegan,none,2024-01-24
10213,35-44,Netanya,Israeli,none,2024-11-02
10214,55+,Givatayim,Israeli,vegetarian,2024-12-15
10215,25-34,Rishon LeZion,Seafood,vegan,2023-04-24
10216,35-44,Herzliya,Steakhouse,vegetarian,2023-06-22
10217,25-34,Kfar Saba,Thai,vegetarian,2023-07-12
10218,35-44,Netanya,Vegan,gluten_free,2024-06-27
10219,35-44,Eilat,Thai,gluten_free,2023-02-14
10220,45-54,Jerusalem,Thai,vegetarian,2025-06-05
10221,25-34,Eilat,Seafood,halal,2023-10-13
10222,35-44,Jerusalem,Sushi,halal,2023-03-22
10223,25-34,Rehovot,Japanese,halal,2023-06-08
10224,35-44,Beer Sheva,Japanese,vegan,2025-02-19
10225,35-44,Tel Aviv,Thai,gluten_free,2023-04-23
10226,45-54,Ashdod,Indian,low_carb,2023-07-25
10227,55+,Rehovot,Seafood,low_carb,2023-04-18
10228,45-54,Herzliya,Israeli,gluten_free,2023-09-14
10229,55+,Rehovot,Pizza,low_carb,2024-12-20
10230,55+,Beer Sheva,Asian,halal,2025-05-05
10231,45-54,Petah Tikva,Israeli,halal,2024-03-04
10232,35-44,Tel Aviv,Asian,halal,2025-07-08
10233,25-34,Petah Tikva,Asian,vegan,2024-01-25
10234,25-34,Ashdod,Greek,kosher,2023-06-08
10235,45-54,Ramat Gan,Greek,vegetarian,2023-04-21
10236,25-34,Holon,Seafood,low_carb,2024-01-30
10237,25-34,Herzliya,Asian,kosher,2023-11-02
10238,25-34,Netanya,Asian,halal,2025-08-07
10239,55+,Herzliya,Japanese,kosher,2023-02-05
10240,45-54,Rehovot,Thai,halal,2024-08-01
10241,35-44,Rishon LeZion,Steakhouse,none,2025-03-06
10242,18-24,Netanya,Japanese,gluten_free,2024-01-20
10243,55+,Kfar Saba,Indian,low_carb,2023-10-12
10244,45-54,Rehovot,Seafood,none,2025-09-24
10245,18-24,Jerusalem,Mexican,kosher,2023-12-11
10246,35-44,Holon,Mexican,gluten_free,2024-11-28
10247,35-44,Holon,Steakhouse,kosher,2025-08-27
10248,25-34,Petah Tikva,Seafood,low_carb,2025-09-11
10249,18-24,Rishon LeZion,Sushi,halal,2025-03-06
10250,45-54,Haifa,Asian,none,2023-04-11
10251,25-34,Ashdod,Greek,halal,2023-11-26
10252,45-54,Rishon LeZion,Burger,halal,2024-07-06
10253,45-54,Rehovot,Mediterranean,halal,2025-03-03
10254,55+,Netanya,Greek,low_carb,2024-10-18
10255,25-34,Beer Sheva,Greek,none,2025-07-15
10256,35-44,Haifa,Vegan,vegetarian,2024-05-18
10257,25-34,Rehovot,Seafood,none,2023-03-09
10258,45-54,Ramat Gan,Mediterranean,low_carb,2025-08-05
10259,35-44,Rehovot,Italian,kosher,2024-09-10
10260,35-44,Petah Tikva,Cafe,none,2023-07-04
10261,25-34,Tel Aviv,Israeli,halal,2023-03-26
10262,55+,Jerusalem,Italian,none,2025-04-04
10263,25-34,Holon,Cafe,low_carb,2024-11-17
10264,18-24,Kfar Saba,Cafe,halal,2025-07-23
10265,55+,Kfar Saba,Mediterranean,halal,2024-03-06
10266,45-54,Tel Aviv,Sushi,gluten_free,2023-07-01
10267,45-54,Netanya,Mexican,low_carb,2023-02-12
10268,45-54,Holon,Sushi,vegan,2023-07-19
10269,25-34,Petah Tikva,Japanese,halal,2025-09-02
10270,35-44,Ashdod,Steakhouse,none,2023-02-21
10271,55+,Rehovot,Italian,gluten_free,2024-07-31
10272,45-54,Rishon LeZion,Israeli,gluten_free,2025-09-12
10273,35-44,Givatayim,Mexican,kosher,2025-04-29
10274,18-24,Givatayim,Indian,vegan,2024-05-16
10275,55+,Rishon LeZion,Seafood,low_carb,2023-05-21
10276,55+,Ashdod,Burger,halal,2025-07-12
10277,55+,Rehovot,Greek,none,2024-01-17
10278,25-34,Eilat,Thai,halal,2024-05-02
10279,25-34,Herzliya,Pizza,halal,2024-12-29
10280,25-34,Petah Tikva,Greek,kosher,2025-05-11
10281,45-54,Givatayim,Greek,kosher,2023-11-23
10282,25-34,Ramat Gan,Sushi,kosher,2025-01-10
10283,45-54,Beer Sheva,Pizza,halal,2024-02-23
10284,35-44,Eilat,Sushi,halal,2024-02-27
10285,45-54,Beer Sheva,Sushi,halal,2023-05-23
10286,25-34,Givatayim,Cafe,halal,2025-03-13
10287,35-44,Rehovot,Thai,vegetarian,2024-05-20
10288,35-44,Netanya,Thai,gluten_free,2025-03-19
10289,55+,Herzliya,Sushi,kosher,2023-06-29
10290,25-34,Kfar Saba,Indian,vegetarian,2023-11-22
10291,35-44,Herzliya,Japanese,gluten_free,2025-02-26
10292,35-44,Eilat,Israeli,vegetarian,2023-01-21
10293,55+,Beer Sheva,Burger,halal,2024-08-01
10294,35-44,Rehovot,Israeli,kosher,2023-07-25
10295,18-24,Beer Sheva,Cafe,kosher,2025-07-18
10296,18-24,Kfar Saba,Japanese,gluten_free,2025-01-14
10297,25-34,Rehovot,Thai,gluten_free,2025-06-12
10298,55+,Holon,Indian,halal,2023-11-03
10299,25-34,Ashdod,Steakhouse,gluten_free,2023-07-07
10300,35-44,Rehovot,Greek,vegan,2024-05-31
10301,25-34,Beer Sheva,Mediterranean,vegan,2024-07-11
10302,45-54,Givatayim,Steakhouse,gluten_free,2023-05-16
10303,18-24,Jerusalem,Mexican,low_carb,2025-03-27
10304,18-24,Ramat Gan,Italian,halal,2023-01-18
10305,55+,Netanya,Indian,vegetarian,2024-01-11
10306,25-34,Tel Aviv,Burger,gluten_free,2025-03-22
10307,55+,Rehovot,Pizza,vegetarian,2024-04-19
10308,25-34,Ramat Gan,Japanese,vegan,2024-06-18
10309,45-54,Petah Tikva,Indian,gluten_free,2023-09-27
10310,35-44,Tel Aviv,Japanese,vegan,2025-05-12
10311,45-54,Givatayim,Mediterranean,none,2023-04-03
10312,55+,Holon,Israeli,none,2025-02-06
10313,55+,Netanya,Japanese,vegan,2024-02-02
10314,35-44,Eilat,Vegan,kosher,2023-02-14
10315,18-24,Herzliya,Vegan,low_carb,2024-05-17
10316,55+,Holon,Israeli,low_carb,2023-12-02
10317,18-24,Rishon LeZion,Japanese,kosher,2024-06-12
10318,25-34,Jerusalem,Israeli,low_carb,2024-05-17
10319,25-34,Jerusalem,Steakhouse,halal,2024-10-09
10320,45-54,Ashdod,Israeli,none,2024-04-22
10321,25-34,Rehovot,Seafood,kosher,2024-01-25
10322,35-44,Tel Aviv,Asian,gluten_free,2023-05-03
10323,25-34,Petah Tikva,Cafe,none,2023-02-02
10324,45-54,Ashdod,Steakhouse,low_carb,2023-06-25
10325,18-24,Herzliya,Steakhouse,halal,2023-09-12
10326,35-44,Petah Tikva,Cafe,halal,2024-10-04
10327,55+,Rehovot,Mexican,halal,2024-08-14
10328,45-54,Kfar Saba,Seafood,gluten_free,2023-12-08
10329,25-34,Ashdod,Steakhouse,none,2023-11-21
10330,55+,Tel Aviv,Burger,vegan,2024-03-29
10331,18-24,Rehovot,Sushi,kosher,2024-10-02
10332,55+,Rishon LeZion,Mexican,none,2024-08-29
10333,45-54,Givatayim,Vegan,kosher,2024-12-30
10334,25-34,Tel Aviv,Japanese,halal,2024-09-15
10335,18-24,Givatayim,Steakhouse,none,2024-05-28
10336,18-24,Tel Aviv,Vegan,halal,2025-07-20
10337,25-34,Kfar Saba,Seafood,vegetarian,2023-11-23
10338,45-54,Rishon LeZion,Mediterranean,vegan,2025-09-19
10339,45-54,Beer Sheva,Asian,gluten_free,2023-11-30
10340,45-54,Haifa,Asian,vegetarian,2023-12-16
10341,18-24,Tel Aviv,Cafe,gluten_free,2025-05-29
10342,35-44,Tel Aviv,Mediterranean,none,2024-10-18
10343,45-54,Herzliya,Israeli,gluten_free,2023-02-15
10344,55+,Rishon LeZion,Mexican,vegetarian,2023-08-04
10345,18-24,Jerusalem,Mexican,vegetarian,2024-11-08
10346,18-24,Haifa,Indian,low_carb,2023-04-14
10347,35-44,Holon,Mexican,vegetarian,2025-09-26
10348,35-44,Beer Sheva,Greek,none,2024-04-01
10349,25-34,Haifa,Mediterranean,gluten_free,2025-09-10
10350,25-34,Ramat Gan,Cafe,low_carb,2023-08-03
10351,45-54,Holon,Seafood,gluten_free,2024-11-11
10352,55+,Beer Sheva,Indian,vegan,2023-10-20
10353,25-34,Jerusalem,Italian,gluten_free,2023-08-29
10354,45-54,Holon,Indian,vegetarian,2024-04-27
10355,55+,Petah Tikva,Seafood,kosher,2023-12-18
10356,35-44,Petah Tikva,Sushi,halal,2025-01-29
10357,55+,Petah Tikva,Indian,vegetarian,2024-09-20
10358,55+,Rishon LeZion,Israeli,kosher,2025-08-05
10359,18-24,Ashdod,Burger,halal,2024-10-01
10360,18-24,Jerusalem,Vegan,none,2023-06-11
10361,35-44,Herzliya,Mexican,vegetarian,2023-10-03
10362,35-44,Haifa,Cafe,low_carb,2025-03-27
10363,25-34,Tel Aviv,Indian,none,2024-02-28
10364,45-54,Beer Sheva,Mediterranean,vegan,2025-04-07
10365,55+,Ashdod,Vegan,vegan,2025-03-08
10366,18-24,Petah Tikva,Israeli,halal,2023-03-09
10367,35-44,Givatayim,Indian,low_carb,2025-06-08
10368,18-24,Kfar Saba,Vegan,vegan,2023-03-26
10369,55+,Givatayim,Mediterranean,low_carb,2023-12-03
10370,18-24,Haifa,Greek,kosher,2023-06-03
10371,35-44,Givatayim,Israeli,vegetarian,2024-12-04
10372,25-34,Rehovot,Israeli,gluten_free,2023-08-29
10373,25-34,Givatayim,Seafood,kosher,2023-03-08
10374,25-34,Eilat,Burger,low_carb,2025-01-24
10375,55+,Herzliya,Burger,none,2024-09-25
10376,35-44,Petah Tikva,Seafood,kosher,2025-05-11
10377,35-44,Petah Tikva,Greek,low_carb,2024-01-24
10378,45-54,Beer Sheva,Vegan,gluten_free,2024-08-27
10379,25-34,Givatayim,Cafe,vegan,2024-03-10
10380,18-24,Netanya,Mediterranean,halal,2023-01-15
10381,35-44,Rehovot,Seafood,none,2023-11-15
10382,18-24,Eilat,Vegan,none,2025-04-10
10383,45-54,Rehovot,Asian,kosher,2023-08-09
10384,45-54,Kfar Saba,Mexican,vegetarian,2023-03-08
10385,55+,Haifa,Thai,none,2025-03-25
10386,25-34,Rishon LeZion,Mexican,vegetarian,2023-08-04
10387,35-44,Kfar Saba,Thai,none,2024-08-10
10388,35-44,Tel Aviv,Greek,halal,2025-08-01
10389,25-34,Givatayim,Israeli,low_carb,2025-07-27
10390,55+,Holon,Mexican,none,2024-04-08
10391,35-44,Netanya,Sushi,none,2023-02-10
10392,35-44,Rishon LeZion,Seafood,low_carb,2024-03-04
10393,45-54,Netanya,Mediterranean,low_carb,2023-01-24
10394,45-54,Rishon LeZion,Vegan,halal,2023-01-15
10395,35-44,Eilat,Mexican,halal,2025-07-17
10396,25-34,Eilat,Indian,vegan,2024-07-24
10397,25-34,Haifa,Asian,vegan,2024-12-10
10398,18-24,Holon,Indian,kosher,2023-09-05
10399,18-24,Rishon LeZion,Israeli,kosher,2023-03-21
10400,25-34,Petah Tikva,Italian,none,2025-02-27
10401,55+,Givatayim,Greek,vegetarian,2025-02-26
10402,35-44,Beer Sheva,Japanese,none,2025-02-23
10403,18-24,Netanya,Italian,halal,2023-10-22
10404,25-34,Netanya,Mediterranean,gluten_free,2023-05-27
10405,25-34,Beer Sheva,Asian,kosher,2023-08-29
10406,55+,Haifa,Pizza,halal,2023-02-05
10407,45-54,Jerusalem,Sushi,none,2025-03-10
10408,55+,Haifa,Greek,vegan,2023-04-23
10409,25-34,Kfar Saba,Burger,vegetarian,2025-06-08
10410,18-24,Beer Sheva,Sushi,gluten_free,2024-08-29
10411,35-44,Beer Sheva,Italian,vegetarian,2023-03-17
10412,35-44,Eilat,Burger,halal,2024-12-03
10413,45-54,Jerusalem,Mexican,kosher,2025-05-05
10414,55+,Haifa,Mediterranean,kosher,2025-01-15
10415,45-54,Rishon LeZion,Israeli,vegan,2024-08-12
10416,25-34,Eilat,Vegan,gluten_free,2023-11-29
10417,18-24,Netanya,Seafood,kosher,2023-03-29
10418,18-24,Haifa,Mediterranean,low_carb,2025-06-14
10419,55+,Kfar Saba,Vegan,kosher,2023-03-11
10420,55+,Rishon LeZion,Mediterranean,vegetarian,2024-10-02
10421,45-54,Rehovot,Burger,kosher,2025-06-18
10422,45-54,Givatayim,Sushi,kosher,2025-04-29
10423,25-34,Rehovot,Vegan,halal,2023-06-30
10424,18-24,Givatayim,Sushi,gluten_free,2023-08-02
10425,55+,Haifa,Sushi,none,2025-05-01
10426,55+,Kfar Saba,Mediterranean,low_carb,2024-11-14
10427,25-34,Ashdod,Mexican,halal,2023-10-18
10428,25-34,Jerusalem,Cafe,kosher,2023-11-18
10429,55+,Petah Tikva,Indian,vegetarian,2024-09-30
10430,45-54,Haifa,Italian,halal,2025-08-20
10431,18-24,Givatayim,Italian,vegetarian,2024-07-12
10432,18-24,Holon,Italian,vegan,2024-08-18
10433,45-54,Tel Aviv,Japanese,vegetarian,2024-10-16
10434,35-44,Petah Tikva,Burger,kosher,2025-09-15
10435,55+,Ramat Gan,Thai,vegetarian,2023-03-05
10436,35-44,Netanya,Steakhouse,vegan,2023-02-15
10437,55+,Beer Sheva,Vegan,kosher,2024-09-27
10438,18-24,Eilat,Japanese,low_carb,2024-06-30
10439,35-44,Petah Tikva,Sushi,halal,2023-03-07
10440,35-44,Petah Tikva,Italian,low_carb,2024-05-29
10441,45-54,Givatayim,Sushi,low_carb,2024-06-26
10442,45-54,Kfar Saba,Pizza,low_carb,2025-05-25
10443,35-44,Ramat Gan,Seafood,kosher,2023-01-03
10444,25-34,Haifa,Mediterranean,vegan,2023-01-05
10445,18-24,Ramat Gan,Greek,vegan,2024-07-20
10446,35-44,Holon,Cafe,vegetarian,2025-07-18
10447,25-34,Kfar Saba,Thai,none,2024-02-19
10448,35-44,Holon,Japanese,vegetarian,2024-04-08
10449,35-44,Rishon LeZion,Mediterranean,gluten_free,2025-03-03
10450,18-24,Eilat,Steakhouse,halal,2025-08-03
10451,18-24,Netanya,Italian,kosher,2025-04-03
10452,35-44,Jerusalem,Israeli,kosher,2023-01-02
10453,35-44,Petah Tikva,Greek,kosher,2024-11-20
10454,25-34,Ramat Gan,Cafe,gluten_free,2024-11-30
10455,55+,Eilat,Thai,low_carb,2025-04-15
10456,55+,Herzliya,Greek,gluten_free,2023-04-06
10457,45-54,Kfar Saba,Asian,none,2024-04-29
10458,45-54,Holon,Pizza,none,2024-12-20
10459,55+,Ramat Gan,Mediterranean,vegetarian,2025-09-23
10460,25-34,Rishon LeZion,Greek,vegan,2023-04-29
10461,45-54,Tel Aviv,Mexican,gluten_free,2025-02-03
10462,25-34,Rehovot,Vegan,halal,2023-10-16
10463,18-24,Herzliya,Japanese,vegetarian,2023-03-31
10464,35-44,Jerusalem,Japanese,low_carb,2023-08-24
10465,45-54,Jerusalem,Italian,halal,2025-03-09
10466,35-44,Rishon LeZion,Steakhouse,none,2023-01-24
10467,25-34,Rishon LeZion,Greek,vegetarian,2023-01-01
10468,35-44,Jerusalem,Cafe,low_carb,2024-06-03
10469,45-54,Givatayim,Burger,low_carb,2023-01-23
10470,18-24,Givatayim,Cafe,gluten_free,2025-04-08
10471,55+,Beer Sheva,Thai,vegan,2024-09-06
10472,55+,Holon,Indian,gluten_free,2024-12-14
10473,45-54,Ashdod,Mediterranean,vegetarian,2025-04-07
10474,35-44,Eilat,Japanese,vegan,2025-06-05
10475,35-44,Tel Aviv,Cafe,vegetarian,2025-01-04
10476,35-44,Ramat Gan,Indian,vegan,2023-02-16
10477,55+,Tel Aviv,Cafe,halal,2023-11-15
10478,35-44,Netanya,Greek,gluten_free,2023-08-29
10479,35-44,Haifa,Italian,vegan,2023-06-18
10480,55+,Tel Aviv,Indian,vegetarian,2023-07-25
10481,55+,Eilat,Sushi,none,2025-08-07
10482,45-54,Jerusalem,Israeli,halal,2023-09-28
10483,55+,Rehovot,Vegan,halal,2025-06-05
10484,55+,Rehovot,Asian,vegetarian,2024-03-02
10485,35-44,Rehovot,Mexican,vegetarian,2025-04-16
10486,55+,Holon,Seafood,vegan,2024-04-11
10487,55+,Eilat,Seafood,low_carb,2025-08-22
10488,55+,Rehovot,Japanese,low_carb,2024-05-13
10489,25-34,Ramat Gan,Mexican,vegan,2025-07-06
10490,55+,Givatayim,Mediterranean,vegan,2024-12-20
10491,45-54,Petah Tikva,Sushi,low_carb,2024-04-16
10492,35-44,Ramat Gan,Vegan,low_carb,2025-03-10
10493,45-54,Tel Aviv,Greek,halal,2023-08-18
10494,18-24,Givatayim,Indian,kosher,2024-06-03
10495,25-34,Netanya,Mexican,vegan,2024-06-12
10496,35-44,Netanya,Thai,none,2024-06-23
10497,55+,Haifa,Asian,gluten_free,2024-04-20
10498,45-54,Ashdod,Indian,low_carb,2024-06-09
10499,18-24,Petah Tikva,Pizza,halal,2024-05-04
10500,18-24,Herzliya,Vegan,halal,2024-05-21
10501,25-34,Rishon LeZion,Sushi,gluten_free,2023-01-23
10502,25-34,Holon,Japanese,gluten_free,2023-06-26
10503,18-24,Netanya,Pizza,vegetarian,2025-03-19
10504,45-54,Netanya,Thai,kosher,2024-12-25
10505,45-54,Ramat Gan,Sushi,none,2023-11-27
10506,35-44,Givatayim,Japanese,kosher,2024-02-13
10507,18-24,Haifa,Seafood,vegan,2024-10-16
10508,35-44,Eilat,Italian,vegan,2024-10-13
10509,18-24,Ramat Gan,Japanese,halal,2024-06-03
10510,18-24,Haifa,Italian,none,2023-04-15
10511,35-44,Netanya,Asian,none,2023-11-06
10512,35-44,Givatayim,Steakhouse,kosher,2023-05-13
10513,35-44,Netanya,Mediterranean,kosher,2024-08-31
10514,18-24,Tel Aviv,Cafe,halal,2024-09-27
10515,25-34,Kfar Saba,Burger,gluten_free,2025-03-17
10516,35-44,Holon,Burger,kosher,2025-05-24
10517,25-34,Ramat Gan,Asian,vegetarian,2024-05-14
10518,35-44,Beer Sheva,Japanese,gluten_free,2024-10-31
10519,55+,Eilat,Cafe,gluten_free,2023-03-27
10520,35-44,Ashdod,Cafe,kosher,2024-08-02
10521,35-44,Jerusalem,Israeli,vegetarian,2023-01-07
10522,35-44,Kfar Saba,Vegan,halal,2023-05-28
10523,55+,Rishon LeZion,Vegan,vegan,2023-10-08
10524,35-44,Rehovot,Mexican,none,2024-02-02
10525,25-34,Rehovot,Seafood,gluten_free,2023-06-18
10526,55+,Holon,Steakhouse,low_carb,2025-03-02
10527,45-54,Jerusalem,Seafood,gluten_free,2023-03-14
10528,35-44,Rishon LeZion,Mediterranean,halal,2024-03-09
10529,55+,Jerusalem,Greek,low_carb,2023-01-26
10530,55+,Beer Sheva,Greek,kosher,2025-05-20
10531,45-54,Jerusalem,Greek,vegan,2025-08-05
10532,18-24,Holon,Thai,vegetarian,2025-08-25
10533,25-34,Givatayim,Israeli,kosher,2024-01-13
10534,35-44,Givatayim,Mexican,kosher,2023-09-08
10535,18-24,Holon,Thai,halal,2025-08-18
10536,35-44,Ashdod,Burger,vegan,2024-05-01
10537,35-44,Givatayim,Sushi,vegetarian,2025-08-11
10538,45-54,Kfar Saba,Vegan,none,2025-08-19
10539,55+,Herzliya,Mexican,vegan,2024-06-30
10540,25-34,Jerusalem,Steakhouse,kosher,2023-11-05
10541,45-54,Beer Sheva,Sushi,vegan,2024-10-07
10542,55+,Netanya,Israeli,gluten_free,2025-03-04
10543,18-24,Herzliya,Japanese,halal,2024-07-26
10544,45-54,Holon,Sushi,halal,2024-08-03
10545,18-24,Rishon LeZion,Seafood,halal,2025-03-23
10546,55+,Kfar Saba,Japanese,vegetarian,2023-08-19
10547,45-54,Rehovot,Seafood,kosher,2023-01-05
10548,25-34,Jerusalem,Steakhouse,gluten_free,2025-08-08
10549,45-54,Kfar Saba,Burger,low_carb,2023-01-29
10550,55+,Eilat,Steakhouse,gluten_free,2024-12-14
10551,55+,Petah Tikva,Mediterranean,kosher,2025-08-01
10552,55+,Petah Tikva,Israeli,vegetarian,2023-01-07
10553,45-54,Tel Aviv,Pizza,gluten_free,2024-05-09
10554,18-24,Holon,Steakhouse,low_carb,2023-11-16
10555,35-44,Kfar Saba,Seafood,vegan,2024-09-23
10556,35-44,Holon,Italian,vegan,2023-10-09
10557,25-34,Herzliya,Steakhouse,low_carb,2023-01-21
10558,55+,Petah Tikva,Burger,kosher,2023-06-12
10559,18-24,Kfar Saba,Cafe,vegetarian,2023-04-05
10560,35-44,Givatayim,Italian,gluten_free,2024-11-17
10561,25-34,Herzliya,Italian,halal,2023-09-05
10562,45-54,Givatayim,Mediterranean,low_carb,2025-01-17
10563,18-24,Ramat Gan,Sushi,kosher,2023-05-02
10564,45-54,Ramat Gan,Asian,kosher,2025-04-17
10565,25-34,Beer Sheva,Greek,low_carb,2024-01-06
10566,18-24,Jerusalem,Mexican,vegan,2024-03-29
10567,25-34,Holon,Steakhouse,halal,2023-02-10
10568,35-44,Haifa,Japanese,low_carb,2023-07-25
10569,25-34,Givatayim,Greek,low_carb,2024-04-26
10570,35-44,Jerusalem,Israeli,none,2024-04-17
10571,35-44,Rishon LeZion,Greek,halal,2025-05-22
10572,18-24,Ashdod,Steakhouse,vegan,2024-05-14
10573,45-54,Rehovot,Burger,gluten_free,2025-01-05
10574,55+,Petah Tikva,Israeli,none,2023-04-03
10575,25-34,Jerusalem,Cafe,vegetarian,2023-02-24
10576,18-24,Tel Aviv,Pizza,kosher,2024-10-11
10577,18-24,Rishon LeZion,Italian,gluten_free,2023-07-12
10578,55+,Herzliya,Mexican,vegan,2023-02-13
10579,45-54,Holon,Greek,vegetarian,2023-08-02
10580,45-54,Rehovot,Israeli,low_carb,2023-08-25
10581,45-54,Haifa,Israeli,gluten_free,2024-01-30
10582,35-44,Tel Aviv,Thai,halal,2024-05-08
10583,35-44,Netanya,Thai,low_carb,2025-01-04
10584,18-24,Netanya,Seafood,vegetarian,2025-07-25
10585,55+,Tel Aviv,Israeli,none,2025-03-31
10586,55+,Ramat Gan,Mexican,vegetarian,2024-01-14
10587,55+,Netanya,Cafe,low_carb,2024-02-18
10588,18-24,Netanya,Thai,gluten_free,2024-04-13
10589,25-34,Jerusalem,Mediterranean,gluten_free,2025-06-03
10590,25-34,Jerusalem,Indian,kosher,2024-04-29
10591,55+,Haifa,Italian,none,2025-06-03
10592,25-34,Tel Aviv,Steakhouse,gluten_free,2025-07-26
10593,45-54,Herzliya,Sushi,none,2023-10-25
10594,18-24,Eilat,Indian,low_carb,2023-01-11
10595,35-44,Netanya,Vegan,none,2023-12-19
10596,55+,Petah Tikva,Cafe,vegan,2025-07-30
10597,35-44,Tel Aviv,Thai,kosher,2023-07-03
10598,18-24,Eilat,Mexican,low_carb,2025-07-31
10599,55+,Haifa,Pizza,vegetarian,2025-04-26
10600,25-34,Ramat Gan,Burger,none,2023-10-01
10601,55+,Givatayim,Cafe,vegetarian,2023-05-03
10602,25-34,Beer Sheva,Pizza,halal,2023-07-02
10603,45-54,Rishon LeZion,Japanese,none,2024-01-08
10604,25-34,Kfar Saba,Asian,kosher,2023-04-10
10605,18-24,Rehovot,Pizza,halal,2025-08-04
10606,18-24,Rishon LeZion,Thai,gluten_free,2024-04-06
10607,55+,Ashdod,Indian,gluten_free,2025-07-08
10608,35-44,Petah Tikva,Burger,vegan,2025-03-19
10609,18-24,Haifa,Indian,vegan,2023-06-30
10610,55+,Eilat,Vegan,low_carb,2023-04-13
10611,35-44,Rishon LeZion,Sushi,gluten_free,2024-07-31
10612,18-24,Rishon LeZion,Mexican,gluten_free,2024-12-29
10613,25-34,Ashdod,Asian,kosher,2023-01-17
10614,45-54,Beer Sheva,Sushi,none,2024-02-16
10615,35-44,Beer Sheva,Seafood,vegan,2023-04-30
10616,18-24,Ashdod,Seafood,kosher,2024-10-31
10617,35-44,Herzliya,Seafood,vegetarian,2024-01-26
10618,45-54,Herzliya,Mediterranean,low_carb,2023-06-29
10619,55+,Tel Aviv,Asian,halal,2025-08-15
10620,45-54,Eilat,Thai,low_carb,2024-10-30
10621,45-54,Rishon LeZion,Cafe,vegan,2024-08-22
10622,45-54,Netanya,Israeli,gluten_free,2025-08-30
10623,25-34,Rishon LeZion,Cafe,vegetarian,2023-10-31
10624,45-54,Ashdod,Israeli,vegan,2024-04-25
10625,18-24,Jerusalem,Israeli,kosher,2024-05-01
10626,18-24,Petah Tikva,Burger,vegetarian,2023-07-06
10627,45-54,Haifa,Steakhouse,gluten_free,2024-10-16
10628,55+,Beer Sheva,Thai,low_carb,2023-11-11
10629,55+,Beer Sheva,Burger,kosher,2024-08-26
10630,35-44,Netanya,Japanese,halal,2025-03-16
10631,18-24,Beer Sheva,Indian,gluten_free,2025-05-06
10632,18-24,Netanya,Steakhouse,gluten_free,2023-02-13
10633,25-34,Givatayim,Thai,vegetarian,2024-07-06
10634,25-34,Herzliya,Mexican,vegetarian,2025-03-10
10635,55+,Netanya,Thai,low_carb,2023-05-12
10636,55+,Ramat Gan,Sushi,vegetarian,2024-06-14
10637,18-24,Beer Sheva,Greek,gluten_free,2023-09-24
10638,18-24,Kfar Saba,Japanese,halal,2023-03-20
10639,35-44,Tel Aviv,Seafood,vegan,2024-12-13
10640,55+,Holon,Cafe,low_carb,2024-05-28
10641,25-34,Kfar Saba,Asian,gluten_free,2023-03-24
10642,18-24,Jerusalem,Japanese,none,2023-08-22
10643,55+,Ramat Gan,Steakhouse,halal,2023-03-05
10644,35-44,Tel Aviv,Seafood,kosher,2023-10-27
10645,25-34,Haifa,Israeli,gluten_free,2024-07-22
10646,18-24,Herzliya,Mexican,none,2024-04-16
10647,35-44,Kfar Saba,Vegan,halal,2025-08-12
10648,18-24,Jerusalem,Italian,low_carb,2025-03-27
10649,25-34,Ramat Gan,Steakhouse,vegan,2025-09-08
10650,35-44,Jerusalem,Greek,low_carb,2023-02-28
10651,25-34,Rehovot,Vegan,gluten_free,2024-02-03
10652,35-44,Rehovot,Asian,halal,2023-09-10
10653,55+,Haifa,Pizza,kosher,2023-02-14
10654,18-24,Haifa,Steakhouse,gluten_free,2025-02-03
10655,55+,Rehovot,Cafe,vegetarian,2024-12-12
10656,18-24,Rishon LeZion,Vegan,gluten_free,2023-12-23
10657,25-34,Holon,Asian,halal,2025-02-14
10658,35-44,Rehovot,Steakhouse,halal,2024-01-23
10659,25-34,Eilat,Burger,halal,2025-08-07
10660,18-24,Kfar Saba,Asian,low_carb,2023-06-22
10661,45-54,Holon,Israeli,none,2025-01-16
10662,35-44,Holon,Sushi,halal,2025-09-06
10663,35-44,Holon,Mediterranean,none,2023-06-22
10664,55+,Givatayim,Mexican,vegetarian,2023-09-22
10665,25-34,Ashdod,Japanese,vegan,2024-06-09
10666,18-24,Rishon LeZion,Mexican,vegan,2024-10-11
10667,35-44,Jerusalem,Indian,vegetarian,2025-07-12
10668,35-44,Eilat,Sushi,gluten_free,2024-02-08
10669,45-54,Ashdod,Steakhouse,low_carb,2023-06-29
10670,18-24,Jerusalem,Seafood,vegan,2024-07-21
10671,45-54,Holon,Burger,halal,2025-08-25
10672,35-44,Eilat,Seafood,vegan,2023-10-05
10673,25-34,Ramat Gan,Indian,kosher,2024-04-07
10674,18-24,Petah Tikva,Burger,kosher,2024-10-17
10675,55+,Givatayim,Mexican,halal,2024-10-07
10676,25-34,Ramat Gan,Thai,kosher,2024-08-05
10677,45-54,Jerusalem,Japanese,gluten_free,2024-03-06
10678,35-44,Netanya,Pizza,vegan,2023-09-18
10679,45-54,Ramat Gan,Pizza,vegetarian,2025-06-08
10680,18-24,Rehovot,Vegan,vegetarian,2024-02-12
10681,45-54,Herzliya,Pizza,halal,2023-11-07
10682,45-54,Kfar Saba,Mexican,kosher,2023-09-06
10683,45-54,Ashdod,Mexican,vegetarian,2024-05-03
10684,45-54,Holon,Seafood,gluten_free,2024-11-19
10685,45-54,Givatayim,Japanese,halal,2024-05-02
10686,35-44,Herzliya,Thai,low_carb,2024-07-05
10687,45-54,Beer Sheva,Thai,gluten_free,2023-01-30
10688,25-34,Jerusalem,Mediterranean,kosher,2024-08-04
10689,55+,Netanya,Vegan,vegetarian,2023-06-20
10690,45-54,Rishon LeZion,Japanese,kosher,2023-11-15
10691,45-54,Haifa,Israeli,vegetarian,2024-04-16
10692,55+,Beer Sheva,Italian,none,2023-12-18
10693,45-54,Netanya,Japanese,low_carb,2024-10-17
10694,25-34,Herzliya,Mexican,none,2024-10-13
10695,35-44,Givatayim,Italian,vegetarian,2024-06-05
10696,55+,Beer Sheva,Seafood,gluten_free,2023-03-20
10697,45-54,Netanya,Thai,low_carb,2023-10-04
10698,55+,Petah Tikva,Sushi,vegan,2024-11-04
10699,55+,Petah Tikva,Steakhouse,kosher,2023-07-28
10700,45-54,Petah Tikva,Cafe,gluten_free,2024-07-29
10701,35-44,Tel Aviv,Seafood,vegetarian,2023-04-19
10702,18-24,Jerusalem,Pizza,gluten_free,2024-06-13
10703,55+,Eilat,Seafood,gluten_free,2024-02-14
10704,35-44,Ramat Gan,Italian,gluten_free,2025-09-25
10705,35-44,Herzliya,Israeli,kosher,2024-01-12
10706,18-24,Ramat Gan,Pizza,gluten_free,2024-06-30
10707,55+,Tel Aviv,Mediterranean,gluten_free,2025-09-07
10708,55+,Ashdod,Mexican,gluten_free,2023-02-20
10709,45-54,Rehovot,Vegan,none,2023-04-26
10710,45-54,Givatayim,Asian,gluten_free,2025-08-15
10711,55+,Ramat Gan,Steakhouse,kosher,2024-10-10
10712,25-34,Beer Sheva,Israeli,none,2025-08-15
10713,35-44,Holon,Vegan,kosher,2023-05-24
10714,25-34,Haifa,Steakhouse,low_carb,2023-05-29
10715,55+,Haifa,Indian,halal,2025-08-24
10716,45-54,Netanya,Italian,kosher,2023-03-14
10717,45-54,Petah Tikva,Greek,vegan,2025-07-06
10718,18-24,Tel Aviv,Pizza,kosher,2024-04-20
10719,45-54,Kfar Saba,Burger,none,2023-11-14
10720,55+,Beer Sheva,Pizza,none,2024-10-07
10721,18-24,Petah Tikva,Greek,halal,2025-07-15
10722,18-24,Jerusalem,Japanese,low_carb,2024-11-17
10723,18-24,Tel Aviv,Israeli,vegetarian,2025-05-26
10724,55+,Tel Aviv,Seafood,low_carb,2024-01-22
10725,35-44,Beer Sheva,Asian,vegetarian,2024-01-18
10726,25-34,Givatayim,Israeli,low_carb,2023-12-25
10727,18-24,Givatayim,Thai,none,2024-08-05
10728,25-34,Holon,Pizza,low_carb,2023-11-09
10729,35-44,Beer Sheva,Vegan,kosher,2023-01-11
10730,35-44,Kfar Saba,Mexican,vegetarian,2024-10-05
10731,55+,Rishon LeZion,Steakhouse,low_carb,2024-03-31
10732,45-54,Beer Sheva,Mexican,kosher,2024-01-15
10733,55+,Givatayim,Seafood,halal,2023-08-04
10734,35-44,Rehovot,Thai,none,2023-08-17
10735,55+,Beer Sheva,Thai,vegan,2024-07-12
10736,25-34,Petah Tikva,Burger,halal,2023-06-27
10737,35-44,Ramat Gan,Sushi,vegan,2025-05-22
10738,55+,Herzliya,Mexican,vegetarian,2024-06-01
10739,55+,Tel Aviv,Pizza,vegetarian,2023-03-09
10740,25-34,Eilat,Israeli,vegetarian,2025-08-27
10741,25-34,Jerusalem,Asian,low_carb,2025-05-21
10742,55+,Ashdod,Thai,none,2023-08-12
10743,45-54,Holon,Italian,low_carb,2023-08-17
10744,55+,Jerusalem,Greek,kosher,2025-06-21
10745,35-44,Kfar Saba,Israeli,halal,2024-02-29
10746,25-34,Rehovot,Mediterranean,none,2025-07-16
10747,25-34,Eilat,Asian,vegan,2025-01-24
10748,18-24,Herzliya,Sushi,gluten_free,2024-05-05
10749,18-24,Petah Tikva,Israeli,gluten_free,2023-12-09
10750,55+,Ramat Gan,Cafe,none,2025-08-06
10751,55+,Kfar Saba,Indian,kosher,2024-07-28
10752,18-24,Beer Sheva,Mediterranean,none,2024-04-01
10753,35-44,Rehovot,Vegan,none,2025-06-04
10754,25-34,Haifa,Mediterranean,vegan,2023-08-17
10755,25-34,Rishon LeZion,Pizza,vegetarian,2024-10-02
10756,55+,Petah Tikva,Vegan,gluten_free,2024-05-11
10757,35-44,Netanya,Israeli,vegetarian,2024-06-20
10758,25-34,Ramat Gan,Mexican,vegetarian,2025-01-08
10759,55+,Eilat,Vegan,vegetarian,2023-10-27
10760,18-24,Ashdod,Cafe,halal,2023-09-23
10761,55+,Rehovot,Asian,halal,2024-02-19
10762,55+,Ramat Gan,Mexican,none,2023-03-06
10763,35-44,Ashdod,Japanese,gluten_free,2025-03-17
10764,45-54,Petah Tikva,Mediterranean,none,2023-02-10
10765,35-44,Ashdod,Pizza,none,2023-03-19
10766,45-54,Rehovot,Cafe,gluten_free,2025-03-08
10767,18-24,Herzliya,Vegan,halal,2025-05-23
10768,55+,Ramat Gan,Thai,vegetarian,2024-03-27
10769,35-44,Holon,Pizza,low_carb,2025-03-07
10770,45-54,Netanya,Indian,none,2025-08-11
10771,18-24,Herzliya,Mexican,low_carb,2025-09-26
10772,55+,Holon,Sushi,low_carb,2025-05-18
10773,55+,Holon,Mexican,kosher,2025-04-02
10774,45-54,Tel Aviv,Mexican,gluten_free,2025-07-14
10775,18-24,Jerusalem,Steakhouse,vegetarian,2023-09-16
10776,25-34,Ramat Gan,Israeli,vegan,2024-02-01
10777,45-54,Rehovot,Vegan,none,2024-02-10
10778,25-34,Eilat,Asian,low_carb,2023-07-29
10779,18-24,Beer Sheva,Italian,kosher,2023-12-24
10780,25-34,Tel Aviv,Vegan,none,2024-05-04
10781,25-34,Eilat,Seafood,gluten_free,2024-03-22
10782,35-44,Ashdod,Sushi,gluten_free,2023-08-10
10783,25-34,Haifa,Sushi,halal,2025-07-23
10784,45-54,Petah Tikva,Italian,vegan,2025-05-06
10785,55+,Petah Tikva,Seafood,none,2024-11-25
10786,25-34,Eilat,Seafood,halal,2024-04-16
10787,25-34,Ashdod,Seafood,vegan,2024-01-31
10788,35-44,Tel Aviv,Asian,halal,2023-03-08
10789,55+,Jerusalem,Pizza,low_carb,2023-03-25
10790,25-34,Ashdod,Cafe,none,2025-07-13
10791,35-44,Eilat,Asian,gluten_free,2025-08-17
10792,35-44,Kfar Saba,Sushi,gluten_free,2025-07-28
10793,45-54,Tel Aviv,Israeli,vegetarian,2023-03-14
10794,55+,Petah Tikva,Greek,vegetarian,2023-08-23
10795,25-34,Eilat,Mexican,kosher,2025-06-10
10796,35-44,Ramat Gan,Israeli,none,2025-05-01
10797,45-54,Jerusalem,Japanese,low_carb,2023-01-08
10798,18-24,Rishon LeZion,Vegan,halal,2024-05-31
10799,55+,Jerusalem,Pizza,none,2023-07-27
10800,55+,Tel Aviv,Asian,vegan,2025-08-01
10801,18-24,Ramat Gan,Greek,halal,2024-12-28
10802,35-44,Netanya,Steakhouse,none,2023-11-15
10803,45-54,Herzliya,Sushi,gluten_free,2024-12-12
10804,25-34,Haifa,Thai,gluten_free,2025-01-13
10805,25-34,Rishon LeZion,Israeli,gluten_free,2024-09-09
10806,55+,Petah Tikva,Israeli,halal,2023-07-22
10807,25-34,Netanya,Burger,gluten_free,2023-03-28
10808,35-44,Eilat,Cafe,kosher,2024-10-10
10809,55+,Haifa,Japanese,none,2023-03-19
10810,18-24,Herzliya,Mediterranean,vegetarian,2024-04-18
10811,55+,Eilat,Italian,halal,2023-04-02
10812,25-34,Holon,Greek,none,2024-09-14
10813,25-34,Eilat,Italian,gluten_free,2025-09-09
10814,55+,Ashdod,Indian,kosher,2023-05-24
10815,45-54,Herzliya,Thai,vegetarian,2023-07-03
10816,18-24,Holon,Italian,vegetarian,2024-02-05
10817,45-54,Haifa,Pizza,low_carb,2024-03-23
10818,25-34,Jerusalem,Pizza,gluten_free,2023-06-12
10819,35-44,Haifa,Sushi,kosher,2023-04-11
10820,35-44,Jerusalem,Burger,low_carb,2024-03-22
10821,18-24,Rishon LeZion,Pizza,none,2024-12-12
10822,45-54,Holon,Burger,vegan,2025-09-07
10823,18-24,Holon,Mexican,kosher,2025-05-10
10824,55+,Beer Sheva,Vegan,halal,2023-05-10
10825,55+,Holon,Vegan,none,2023-11-27
10826,55+,Beer Sheva,Thai,vegetarian,2025-05-11
10827,18-24,Haifa,Sushi,none,2023-11-18
10828,55+,Tel Aviv,Indian,kosher,2023-10-14
10829,45-54,Eilat,Steakhouse,low_carb,2025-07-15
10830,35-44,Beer Sheva,Sushi,low_carb,2025-04-25
10831,45-54,Haifa,Sushi,kosher,2024-10-05
10832,18-24,Eilat,Mexican,kosher,2023-04-15
10833,45-54,Petah Tikva,Thai,gluten_free,2023-07-30
10834,18-24,Rehovot,Seafood,none,2023-11-07
10835,18-24,Jerusalem,Japanese,vegetarian,2023-05-16
10836,35-44,Herzliya,Vegan,kosher,2024-09-02
10837,55+,Ashdod,Italian,halal,2023-02-20
10838,35-44,Kfar Saba,Greek,kosher,2024-08-23
10839,45-54,Haifa,Steakhouse,gluten_free,2025-01-26
10840,45-54,Kfar Saba,Israeli,low_carb,2025-07-04
10841,55+,Beer Sheva,Japanese,gluten_free,2025-06-21
10842,45-54,Rishon LeZion,Indian,halal,2025-08-19
10843,45-54,Herzliya,Mexican,halal,2024-03-24
10844,35-44,Ramat Gan,Asian,gluten_free,2025-03-01
10845,45-54,Beer Sheva,Greek,kosher,2025-04-01
10846,45-54,Eilat,Thai,vegan,2023-08-09
10847,18-24,Rehovot,Japanese,none,2023-03-31
10848,18-24,Beer Sheva,Pizza,low_carb,2023-01-11
10849,25-34,Givatayim,Seafood,gluten_free,2023-07-02
10850,45-54,Kfar Saba,Thai,kosher,2023-12-25
10851,35-44,Ashdod,Burger,gluten_free,2023-12-20
10852,55+,Givatayim,Sushi,halal,2023-11-12
10853,55+,Jerusalem,Burger,none,2023-08-26
10854,18-24,Rehovot,Italian,none,2025-07-11
10855,55+,Jerusalem,Burger,vegan,2023-03-07
10856,55+,Eilat,Greek,vegetarian,2025-02-12
10857,25-34,Kfar Saba,Sushi,none,2023-04-30
10858,55+,Petah Tikva,Indian,kosher,2024-06-18
10859,25-34,Netanya,Mexican,low_carb,2024-06-08
10860,55+,Ashdod,Burger,vegan,2025-01-21
10861,25-34,Jerusalem,Indian,none,2023-12-18
10862,55+,Petah Tikva,Mexican,vegetarian,2025-06-02
10863,45-54,Kfar Saba,Asian,none,2024-03-04
10864,18-24,Ramat Gan,Asian,halal,2024-01-07
10865,18-24,Rehovot,Indian,vegetarian,2023-06-19
10866,35-44,Holon,Vegan,none,2023-02-13
10867,35-44,Rehovot,Vegan,vegetarian,2024-10-31
10868,18-24,Rishon LeZion,Pizza,vegan,2023-01-03
10869,55+,Petah Tikva,Steakhouse,vegan,2024-03-21
10870,18-24,Tel Aviv,Vegan,low_carb,2023-07-14
10871,55+,Eilat,Japanese,none,2025-09-17
10872,35-44,Holon,Mexican,vegan,2025-07-26
10873,35-44,Rishon LeZion,Thai,halal,2025-01-04
10874,35-44,Rehovot,Greek,vegan,2024-12-14
10875,55+,Herzliya,Vegan,vegan,2024-06-16
10876,55+,Beer Sheva,Mediterranean,gluten_free,2023-01-23
10877,55+,Ashdod,Asian,halal,2024-06-22
10878,18-24,Kfar Saba,Indian,halal,2023-06-05
10879,35-44,Jerusalem,Sushi,gluten_free,2023-09-10
10880,25-34,Ashdod,Vegan,low_carb,2023-05-08
10881,45-54,Tel Aviv,Vegan,gluten_free,2024-02-16
10882,45-54,Jerusalem,Italian,none,2024-07-05
10883,35-44,Ramat Gan,Italian,none,2024-10-05
10884,25-34,Rehovot,Japanese,vegan,2024-03-13
10885,35-44,Rehovot,Israeli,vegan,2024-11-30
10886,25-34,Holon,Pizza,none,2025-03-09
10887,18-24,Holon,Israeli,kosher,2025-09-06
10888,18-24,Kfar Saba,Pizza,vegan,2023-01-25
10889,25-34,Netanya,Pizza,low_carb,2024-11-16
10890,35-44,Rishon LeZion,Cafe,gluten_free,2024-01-04
10891,45-54,Herzliya,Sushi,vegetarian,2024-08-05
10892,45-54,Herzliya,Pizza,none,2023-12-24
10893,18-24,Netanya,Asian,none,2023-07-12
10894,55+,Jerusalem,Greek,none,2025-07-26
10895,55+,Beer Sheva,Japanese,halal,2024-08-29
10896,18-24,Haifa,Sushi,halal,2024-02-24
10897,45-54,Eilat,Cafe,gluten_free,2025-04-12
10898,55+,Petah Tikva,Burger,vegetarian,2024-02-26
10899,55+,Kfar Saba,Burger,none,2023-01-06
10900,25-34,Eilat,Israeli,none,2023-02-20
10901,45-54,Rehovot,Greek,vegetarian,2025-09-27
10902,35-44,Herzliya,Burger,low_carb,2024-01-16
10903,45-54,Haifa,Indian,none,2023-08-10
10904,45-54,Rehovot,Seafood,kosher,2024-05-29
10905,55+,Netanya,Asian,vegan,2024-05-06
10906,45-54,Jerusalem,Mexican,low_carb,2024-08-24
10907,55+,Eilat,Burger,kosher,2025-06-26
10908,18-24,Rehovot,Steakhouse,kosher,2025-09-27
10909,18-24,Haifa,Pizza,vegetarian,2024-04-03
10910,55+,Ashdod,Asian,halal,2023-06-05
10911,55+,Netanya,Mediterranean,none,2025-05-28
10912,35-44,Givatayim,Asian,vegetarian,2024-06-15
10913,45-54,Beer Sheva,Indian,none,2025-06-09
10914,35-44,Ashdod,Greek,kosher,2024-04-05
10915,18-24,Beer Sheva,Thai,gluten_free,2025-09-21
10916,45-54,Herzliya,Israeli,kosher,2025-07-16
10917,25-34,Kfar Saba,Seafood,gluten_free,2024-01-20
10918,25-34,Herzliya,Burger,none,2025-05-15
10919,35-44,Netanya,Japanese,low_carb,2025-09-07
10920,55+,Kfar Saba,Burger,vegan,2023-10-21
10921,55+,Givatayim,Pizza,vegetarian,2023-12-15
10922,35-44,Holon,Steakhouse,vegan,2025-05-14
10923,45-54,Givatayim,Israeli,halal,2024-04-01
10924,25-34,Eilat,Thai,vegetarian,2024-08-24
10925,55+,Givatayim,Mexican,vegetarian,2023-12-17
10926,18-24,Rishon LeZion,Sushi,halal,2025-04-24
10927,55+,Rishon LeZion,Japanese,vegan,2024-02-14
10928,55+,Petah Tikva,Burger,none,2024-11-27
10929,25-34,Givatayim,Burger,halal,2025-04-14
10930,55+,Jerusalem,Burger,halal,2024-11-14
10931,25-34,Rehovot,Greek,none,2023-11-08
10932,18-24,Holon,Steakhouse,gluten_free,2024-08-11
10933,55+,Givatayim,Thai,none,2023-06-23
10934,18-24,Tel Aviv,Thai,none,2024-11-02
10935,18-24,Jerusalem,Sushi,vegan,2025-06-07
10936,55+,Jerusalem,Cafe,low_carb,2023-06-23
10937,25-34,Ramat Gan,Greek,vegan,2025-02-11
10938,18-24,Ramat Gan,Cafe,gluten_free,2025-09-05
10939,55+,Ashdod,Mexican,none,2023-01-13
10940,45-54,Jerusalem,Seafood,halal,2024-01-08
10941,45-54,Holon,Israeli,gluten_free,2025-05-18
10942,45-54,Petah Tikva,Mexican,vegan,2024-01-30
10943,25-34,Tel Aviv,Seafood,vegetarian,2023-09-02
10944,35-44,Netanya,Mediterranean,vegetarian,2023-10-31
10945,45-54,Herzliya,Greek,low_carb,2024-01-29
10946,35-44,Herzliya,Greek,kosher,2024-09-21
10947,18-24,Herzliya,Cafe,kosher,2024-05-19
10948,45-54,Rehovot,Italian,kosher,2023-06-10
10949,35-44,Eilat,Israeli,low_carb,2025-02-20
10950,25-34,Eilat,Japanese,vegan,2025-08-30
10951,35-44,Rishon LeZion,Japanese,low_carb,2025-02-04
10952,18-24,Herzliya,Mexican,gluten_free,2024-04-05
10953,18-24,Petah Tikva,Seafood,halal,2023-11-13
10954,18-24,Holon,Greek,vegetarian,2025-01-04
10955,25-34,Tel Aviv,Pizza,kosher,2024-05-28
10956,35-44,Haifa,Japanese,kosher,2023-11-25
10957,45-54,Ashdod,Mediterranean,gluten_free,2025-09-09
10958,45-54,Herzliya,Indian,halal,2024-05-08
10959,55+,Netanya,Italian,none,2023-02-13
10960,35-44,Holon,Burger,vegetarian,2023-12-27
10961,35-44,Netanya,Steakhouse,vegan,2024-04-18
10962,55+,Tel Aviv,Italian,gluten_free,2023-03-06
10963,55+,Ramat Gan,Sushi,none,2024-05-25
10964,18-24,Eilat,Mexican,halal,2025-05-17
10965,18-24,Haifa,Burger,low_carb,2025-06-04
10966,18-24,Herzliya,Asian,vegetarian,2023-06-09
10967,55+,Ashdod,Mediterranean,halal,2023-12-04
10968,35-44,Haifa,Cafe,vegetarian,2025-07-04
10969,45-54,Beer Sheva,Cafe,kosher,2025-05-23
10970,18-24,Herzliya,Seafood,vegan,2024-10-02
10971,55+,Ashdod,Pizza,vegetarian,2023-09-12
10972,18-24,Netanya,Greek,low_carb,2023-03-15
10973,45-54,Petah Tikva,Indian,vegetarian,2025-08-20
10974,45-54,Holon,Cafe,vegetarian,2023-05-08
10975,35-44,Petah Tikva,Burger,vegan,2025-03-27
10976,45-54,Tel Aviv,Sushi,gluten_free,2025-02-19
10977,18-24,Givatayim,Italian,vegan,2024-07-15
10978,45-54,Jerusalem,Seafood,none,2024-11-17
10979,55+,Kfar Saba,Mediterranean,vegan,2025-05-08
10980,45-54,Haifa,Italian,halal,2025-04-29
10981,25-34,Rehovot,Asian,vegetarian,2023-08-09
10982,45-54,Petah Tikva,Japanese,vegan,2023-01-10
10983,35-44,Givatayim,Vegan,vegetarian,2023-04-07
10984,35-44,Rishon LeZion,Greek,halal,2023-09-11
10985,25-34,Petah Tikva,Seafood,halal,2025-07-17
10986,55+,Givatayim,Greek,halal,2025-01-06
10987,35-44,Haifa,Asian,kosher,2023-08-31
10988,18-24,Eilat,Italian,kosher,2023-01-06
10989,18-24,Eilat,Mexican,low_carb,2024-09-01
10990,35-44,Jerusalem,Vegan,gluten_free,2024-03-30
10991,45-54,Holon,Thai,vegetarian,2024-12-31
10992,45-54,Petah Tikva,Burger,low_carb,2023-06-21
10993,18-24,Rehovot,Israeli,gluten_free,2023-08-31
10994,35-44,Givatayim,Thai,halal,2023-11-12
10995,45-54,Herzliya,Burger,low_carb,2023-03-02
10996,25-34,Ramat Gan,Thai,kosher,2023-03-05
10997,35-44,Kfar Saba,Italian,kosher,2023-07-17
10998,35-44,Haifa,Cafe,halal,2023-03-11
10999,18-24,Rishon LeZion,Mediterranean,none,2023-01-24
11000,35-44,Beer Sheva,Pizza,none,2023-04-05
11001,18-24,Ashdod,Mediterranean,kosher,2023-06-15
11002,18-24,Petah Tikva,Israeli,vegetarian,2024-11-07
11003,55+,Haifa,Japanese,vegan,2023-02-24
11004,25-34,Jerusalem,Italian,halal,2023-05-07
11005,45-54,Beer Sheva,Sushi,low_carb,2024-02-05
11006,18-24,Petah Tikva,Burger,none,2024-03-09
11007,35-44,Givatayim,Mexican,gluten_free,2023-08-21
11008,25-34,Ramat Gan,Cafe,kosher,2025-04-15
11009,35-44,Petah Tikva,Sushi,halal,2024-11-01
11010,18-24,Ramat Gan,Japanese,none,2024-01-01
11011,18-24,Petah Tikva,Seafood,gluten_free,2025-02-28
11012,55+,Haifa,Greek,vegetarian,2024-09-13
11013,45-54,Rishon LeZion,Steakhouse,none,2023-04-26
11014,35-44,Ashdod,Burger,low_carb,2023-01-04
11015,55+,Givatayim,Asian,none,2024-05-20
11016,55+,Herzliya,Indian,vegetarian,2024-09-12
11017,45-54,Tel Aviv,Steakhouse,kosher,2024-03-05
11018,55+,Holon,Cafe,gluten_free,2023-12-18
11019,18-24,Haifa,Sushi,none,2025-03-28
11020,45-54,Kfar Saba,Israeli,kosher,2023-11-28
11021,45-54,Ramat Gan,Indian,halal,2024-11-08
11022,35-44,Netanya,Japanese,halal,2024-11-16
11023,55+,Kfar Saba,Mexican,vegan,2023-08-17
11024,55+,Tel Aviv,Asian,halal,2023-08-28
11025,35-44,Petah Tikva,Sushi,halal,2024-06-16
11026,45-54,Eilat,Israeli,none,2023-12-07
11027,55+,Rehovot,Asian,vegan,2024-03-04
11028,25-34,Netanya,Sushi,none,2023-04-10
11029,18-24,Ashdod,Japanese,low_carb,2023-10-18
11030,45-54,Netanya,Japanese,vegetarian,2024-02-10
11031,45-54,Rehovot,Vegan,halal,2023-05-20
11032,45-54,Givatayim,Mexican,low_carb,2023-06-27
11033,18-24,Kfar Saba,Steakhouse,kosher,2023-08-01
11034,55+,Ashdod,Steakhouse,kosher,2025-06-17
11035,25-34,Eilat,Cafe,vegetarian,2025-09-04
11036,55+,Givatayim,Vegan,none,2023-02-19
11037,45-54,Holon,Sushi,halal,2023-02-20
11038,18-24,Kfar Saba,Japanese,vegan,2025-05-11
11039,18-24,Ashdod,Greek,gluten_free,2023-05-06
11040,18-24,Jerusalem,Indian,vegetarian,2023-02-23
11041,55+,Netanya,Israeli,gluten_free,2024-07-01
11042,35-44,Tel Aviv,Greek,gluten_free,2024-03-17
11043,25-34,Ramat Gan,Greek,vegetarian,2024-05-04
11044,55+,Ramat Gan,Pizza,kosher,2024-07-03
11045,35-44,Beer Sheva,Steakhouse,vegan,2023-12-21
11046,35-44,Jerusalem,Asian,halal,2024-10-19
11047,45-54,Haifa,Seafood,halal,2025-01-04
11048,55+,Rehovot,Burger,halal,2025-04-23
11049,18-24,Kfar Saba,Italian,vegetarian,2024-10-10
11050,18-24,Givatayim,Japanese,none,2023-03-08
11051,45-54,Ashdod,Mediterranean,halal,2023-04-20
11052,45-54,Beer Sheva,Seafood,vegan,2023-06-23
11053,35-44,Tel Aviv,Greek,vegetarian,2023-02-24
11054,18-24,Eilat,Vegan,low_carb,2024-07-09
11055,55+,Holon,Cafe,none,2023-05-27
11056,25-34,Petah Tikva,Pizza,low_carb,2024-06-07
11057,18-24,Tel Aviv,Mediterranean,gluten_free,2023-09-18
11058,25-34,Tel Aviv,Vegan,vegan,2023-07-17
11059,25-34,Eilat,Cafe,none,2023-12-18
11060,18-24,Beer Sheva,Steakhouse,none,2024-08-18
11061,25-34,Givatayim,Mexican,gluten_free,2023-02-04
11062,25-34,Haifa,Sushi,kosher,2024-08-03
11063,35-44,Herzliya,Israeli,halal,2023-07-19
11064,18-24,Ramat Gan,Thai,low_carb,2023-08-12
11065,55+,Tel Aviv,Seafood,kosher,2024-02-07
11066,35-44,Rishon LeZion,Indian,halal,2024-04-22
11067,45-54,Netanya,Mediterranean,low_carb,2024-04-12
11068,25-34,Holon,Vegan,vegetarian,2023-08-16
11069,25-34,Ramat Gan,Burger,halal,2025-03-28
11070,35-44,Tel Aviv,Cafe,vegan,2023-02-08
11071,35-44,Kfar Saba,Greek,gluten_free,2024-04-25
11072,18-24,Holon,Sushi,none,2024-07-05
11073,25-34,Haifa,Cafe,vegan,2025-09-11
11074,25-34,Tel Aviv,Pizza,low_carb,2025-05-22
11075,18-24,Rishon LeZion,Mexican,gluten_free,2025-05-30
11076,55+,Givatayim,Cafe,none,2025-04-26
11077,18-24,Givatayim,Seafood,gluten_free,2023-04-15
11078,45-54,Herzliya,Sushi,vegan,2025-01-27
11079,35-44,Eilat,Vegan,vegetarian,2024-10-05
11080,45-54,Herzliya,Vegan,halal,2023-08-29
11081,25-34,Herzliya,Pizza,gluten_free,2023-08-17
11082,45-54,Haifa,Japanese,low_carb,2024-06-30
11083,25-34,Ashdod,Cafe,halal,2023-07-09
11084,45-54,Ashdod,Asian,halal,2025-06-12
11085,45-54,Ramat Gan,Seafood,halal,2023-11-24
11086,25-34,Ashdod,Burger,halal,2025-05-17
11087,18-24,Rehovot,Mediterranean,gluten_free,2023-10-11
11088,35-44,Ashdod,Pizza,vegan,2024-09-06
11089,25-34,Ashdod,Israeli,halal,2024-07-10
11090,45-54,Rishon LeZion,Mediterranean,kosher,2023-10-19
11091,55+,Netanya,Greek,kosher,2025-03-24
11092,18-24,Rishon LeZion,Vegan,kosher,2023-06-22
11093,35-44,Ashdod,Italian,low_carb,2024-12-17
11094,55+,Netanya,Italian,halal,2023-07-04
11095,45-54,Holon,Burger,kosher,2024-12-18
11096,35-44,Haifa,Israeli,kosher,2025-02-07
11097,45-54,Netanya,Mediterranean,none,2024-10-29
11098,45-54,Kfar Saba,Greek,vegan,2023-02-12
11099,55+,Netanya,Indian,halal,2024-05-09
11100,45-54,Tel Aviv,Seafood,kosher,2025-01-03
11101,45-54,Eilat,Greek,gluten_free,2023-01-17
11102,35-44,Ramat Gan,Steakhouse,gluten_free,2025-08-01
11103,18-24,Tel Aviv,Pizza,kosher,2023-09-03
11104,45-54,Rehovot,Israeli,vegan,2023-08-02
11105,55+,Jerusalem,Thai,gluten_free,2024-02-29
11106,18-24,Holon,Mexican,vegan,2023-07-28
11107,25-34,Petah Tikva,Mexican,halal,2025-08-15
11108,35-44,Herzliya,Steakhouse,kosher,2024-07-11
11109,25-34,Kfar Saba,Vegan,halal,2024-04-24
11110,55+,Kfar Saba,Asian,none,2023-10-23
11111,35-44,Ramat Gan,Asian,low_carb,2025-04-29
11112,55+,Netanya,Steakhouse,low_carb,2024-07-24
11113,35-44,Jerusalem,Greek,kosher,2023-03-26
11114,45-54,Petah Tikva,Italian,low_carb,2024-01-17
11115,25-34,Rehovot,Mexican,vegetarian,2025-04-01
11116,55+,Herzliya,Steakhouse,none,2025-01-21
11117,55+,Haifa,Cafe,low_carb,2023-07-14
11118,18-24,Netanya,Seafood,vegan,2023-09-11
11119,35-44,Beer Sheva,Japanese,none,2023-03-15
11120,25-34,Petah Tikva,Indian,none,2024-07-19
11121,35-44,Herzliya,Cafe,low_carb,2024-06-20
11122,35-44,Ramat Gan,Cafe,low_carb,2025-09-24
11123,25-34,Tel Aviv,Sushi,none,2023-11-18
11124,45-54,Herzliya,Seafood,low_carb,2023-04-02
11125,18-24,Givatayim,Cafe,gluten_free,2023-03-30
11126,35-44,Kfar Saba,Steakhouse,low_carb,2023-05-09
11127,25-34,Herzliya,Seafood,vegan,2025-05-03
11128,25-34,Tel Aviv,Vegan,low_carb,2024-04-04
11129,45-54,Tel Aviv,Vegan,gluten_free,2023-02-20
11130,55+,Kfar Saba,Sushi,halal,2024-06-10
11131,35-44,Tel Aviv,Burger,halal,2024-10-04
11132,25-34,Eilat,Vegan,none,2023-05-07
11133,35-44,Herzliya,Burger,none,2025-01-16
11134,45-54,Jerusalem,Cafe,vegetarian,2025-03-13
11135,18-24,Rehovot,Thai,low_carb,2024-06-21
11136,35-44,Tel Aviv,Mexican,gluten_free,2025-05-04
11137,25-34,Rishon LeZion,Italian,vegetarian,2025-06-21
11138,45-54,Tel Aviv,Mexican,kosher,2025-06-21
11139,55+,Rishon LeZion,Thai,vegetarian,2023-09-02
11140,55+,Rishon LeZion,Burger,low_carb,2024-05-08
11141,45-54,Kfar Saba,Asian,low_carb,2023-03-08
11142,18-24,Kfar Saba,Steakhouse,vegetarian,2023-01-08
11143,35-44,Ashdod,Sushi,none,2023-07-13
11144,45-54,Rishon LeZion,Vegan,halal,2023-03-28
11145,55+,Givatayim,Italian,kosher,2025-03-15
11146,35-44,Rehovot,Mediterranean,vegan,2023-05-13
11147,25-34,Ashdod,Indian,gluten_free,2024-05-28
11148,45-54,Holon,Steakhouse,kosher,2025-01-21
11149,25-34,Rishon LeZion,Seafood,low_carb,2025-08-15
11150,18-24,Jerusalem,Sushi,low_carb,2023-02-13
11151,18-24,Holon,Italian,halal,2024-01-24
11152,18-24,Holon,Thai,none,2023-10-29
11153,25-34,Beer Sheva,Vegan,halal,2024-02-06
11154,45-54,Haifa,Asian,gluten_free,2024-09-25
11155,55+,Ramat Gan,Indian,vegetarian,2025-02-02
11156,35-44,Rishon LeZion,Sushi,vegetarian,2025-05-28
11157,25-34,Givatayim,Mexican,halal,2025-06-06
11158,25-34,Kfar Saba,Japanese,none,2023-10-17
11159,35-44,Givatayim,Seafood,kosher,2024-07-24
11160,45-54,Herzliya,Israeli,kosher,2024-04-09
11161,55+,Beer Sheva,Israeli,none,2023-05-24
11162,18-24,Jerusalem,Greek,kosher,2024-03-31
11163,45-54,Eilat,Israeli,vegan,2025-01-21
11164,18-24,Rehovot,Steakhouse,none,2024-12-31
11165,35-44,Givatayim,Steakhouse,low_carb,2024-02-08
11166,55+,Rishon LeZion,Asian,halal,2025-06-12
11167,55+,Beer Sheva,Japanese,low_carb,2025-05-22
11168,35-44,Netanya,Japanese,kosher,2024-10-09
11169,25-34,Holon,Pizza,none,2023-05-27
11170,25-34,Haifa,Mediterranean,vegan,2023-07-10
11171,45-54,Haifa,Pizza,low_carb,2023-12-21
11172,18-24,Eilat,Vegan,kosher,2024-05-24
11173,35-44,Ramat Gan,Mexican,kosher,2024-11-21
11174,35-44,Herzliya,Cafe,kosher,2025-05-18
11175,25-34,Netanya,Thai,none,2025-05-10
11176,55+,Kfar Saba,Seafood,halal,2023-03-14
11177,25-34,Givatayim,Vegan,kosher,2023-06-12
11178,55+,Holon,Mediterranean,none,2023-04-03
11179,18-24,Eilat,Vegan,vegan,2025-02-23
11180,55+,Kfar Saba,Italian,halal,2023-12-21
11181,18-24,Rehovot,Sushi,low_carb,2025-07-02
11182,45-54,Beer Sheva,Sushi,vegan,2024-11-12
11183,25-34,Ramat Gan,Greek,vegan,2023-04-07
11184,18-24,Petah Tikva,Burger,gluten_free,2023-06-13
11185,25-34,Holon,Sushi,kosher,2025-01-10
11186,35-44,Netanya,Greek,low_carb,2024-01-27
11187,55+,Ramat Gan,Israeli,kosher,2024-07-11
11188,35-44,Kfar Saba,Cafe,low_carb,2025-02-28
11189,18-24,Kfar Saba,Seafood,vegetarian,2023-11-28
11190,18-24,Netanya,Burger,vegan,2024-10-10
11191,45-54,Ashdod,Steakhouse,low_carb,2024-03-21
11192,18-24,Ramat Gan,Steakhouse,gluten_free,2023-05-28
11193,18-24,Holon,Asian,kosher,2023-07-31
11194,18-24,Haifa,Thai,vegan,2025-06-02
11195,18-24,Netanya,Burger,vegan,2024-07-21
11196,55+,Jerusalem,Thai,low_carb,2023-01-26
11197,45-54,Tel Aviv,Mexican,vegetarian,2023-06-07
11198,25-34,Haifa,Mediterranean,vegan,2023-06-15
11199,25-34,Givatayim,Greek,vegan,2024-03-30
11200,18-24,Holon,Indian,gluten_free,2025-07-01
11201,25-34,Eilat,Sushi,none,2024-03-07
11202,45-54,Ashdod,Thai,low_carb,2025-01-18
11203,45-54,Herzliya,Japanese,low_carb,2025-02-13
11204,55+,Ashdod,Sushi,none,2024-06-09
11205,18-24,Kfar Saba,Sushi,none,2024-03-31
11206,18-24,Ramat Gan,Thai,none,2023-07-13
11207,35-44,Rishon LeZion,Japanese,vegetarian,2023-07-18
11208,35-44,Ramat Gan,Italian,gluten_free,2023-10-11
11209,35-44,Tel Aviv,Italian,kosher,2024-02-18
11210,55+,Kfar Saba,Burger,gluten_free,2023-04-22
11211,45-54,Herzliya,Greek,halal,2024-09-04
11212,25-34,Holon,Mexican,gluten_free,2023-09-25
11213,25-34,Rehovot,Vegan,vegetarian,2024-12-18
11214,18-24,Ramat Gan,Asian,gluten_free,2025-03-16
11215,55+,Kfar Saba,Vegan,halal,2024-08-28
11216,18-24,Tel Aviv,Italian,vegan,2024-11-17
11217,35-44,Givatayim,Steakhouse,low_carb,2024-08-30
11218,45-54,Jerusalem,Italian,none,2024-04-04
11219,45-54,Rishon LeZion,Sushi,vegetarian,2024-04-02
11220,35-44,Givatayim,Sushi,kosher,2024-06-08
11221,55+,Rehovot,Mediterranean,low_carb,2023-01-06
11222,55+,Givatayim,Burger,vegetarian,2023-06-20
11223,25-34,Petah Tikva,Sushi,gluten_free,2023-04-30
11224,55+,Rishon LeZion,Pizza,low_carb,2025-01-09
11225,45-54,Netanya,Seafood,none,2025-04-09
11226,55+,Petah Tikva,Thai,halal,2023-12-15
11227,55+,Givatayim,Mediterranean,vegetarian,2024-05-22
11228,35-44,Rehovot,Mexican,gluten_free,2024-10-16
11229,45-54,Eilat,Israeli,gluten_free,2025-07-08
11230,55+,Tel Aviv,Greek,none,2023-04-30
11231,45-54,Ashdod,Thai,vegetarian,2025-05-16
11232,55+,Eilat,Steakhouse,gluten_free,2024-12-07
11233,18-24,Haifa,Seafood,kosher,2023-12-31
11234,45-54,Herzliya,Burger,vegan,2024-08-11
11235,25-34,Haifa,Thai,none,2023-08-12
11236,18-24,Netanya,Cafe,none,2025-06-07
11237,55+,Haifa,Israeli,none,2023-07-15
11238,45-54,Beer Sheva,Vegan,low_carb,2025-01-20
11239,55+,Eilat,Israeli,vegan,2024-10-04
11240,55+,Holon,Burger,kosher,2024-10-21
11241,35-44,Haifa,Cafe,kosher,2025-02-24
11242,55+,Petah Tikva,Italian,halal,2025-08-10
11243,25-34,Givatayim,Sushi,none,2024-11-28
11244,45-54,Ashdod,Pizza,kosher,2023-09-18
11245,45-54,Ashdod,Mexican,none,2024-12-12
11246,35-44,Kfar Saba,Asian,vegan,2025-01-04
11247,45-54,Ramat Gan,Israeli,kosher,2024-01-19
11248,35-44,Jerusalem,Mexican,none,2023-02-22
11249,25-34,Holon,Steakhouse,none,2024-05-16
11250,35-44,Petah Tikva,Thai,none,2023-06-30
11251,25-34,Herzliya,Mediterranean,low_carb,2023-02-02
11252,55+,Givatayim,Pizza,halal,2025-07-15
11253,25-34,Ramat Gan,Seafood,vegan,2024-11-07
11254,18-24,Givatayim,Asian,kosher,2023-07-27
11255,45-54,Jerusalem,Thai,gluten_free,2025-05-16
11256,18-24,Netanya,Greek,none,2024-06-23
11257,18-24,Petah Tikva,Burger,kosher,2023-12-29
11258,18-24,Ashdod,Italian,none,2023-03-24
11259,25-34,Givatayim,Asian,kosher,2024-05-20
11260,35-44,Kfar Saba,Seafood,gluten_free,2025-04-10
11261,45-54,Ashdod,Sushi,vegetarian,2024-05-31
11262,18-24,Netanya,Burger,halal,2023-07-18
11263,25-34,Ramat Gan,Italian,halal,2024-02-16
11264,25-34,Eilat,Pizza,vegan,2024-07-29
11265,45-54,Petah Tikva,Italian,vegetarian,2023-04-08
11266,55+,Herzliya,Cafe,low_carb,2023-09-12
11267,18-24,Herzliya,Japanese,gluten_free,2023-01-21
11268,18-24,Ramat Gan,Cafe,kosher,2025-08-22
11269,18-24,Petah Tikva,Greek,low_carb,2024-01-18
11270,55+,Ramat Gan,Greek,gluten_free,2024-04-14
11271,35-44,Eilat,Steakhouse,vegetarian,2024-11-27
11272,25-34,Netanya,Japanese,kosher,2025-09-16
11273,18-24,Beer Sheva,Cafe,none,2023-12-05
11274,55+,Kfar Saba,Indian,vegan,2024-05-08
11275,18-24,Herzliya,Japanese,vegan,2025-06-25
11276,45-54,Givatayim,Greek,none,2024-05-09
11277,55+,Tel Aviv,Greek,halal,2024-07-10
11278,55+,Eilat,Greek,halal,2023-04-22
11279,18-24,Kfar Saba,Steakhouse,kosher,2024-12-12
11280,35-44,Haifa,Israeli,vegan,2024-03-10
11281,45-54,Eilat,Steakhouse,none,2024-01-05
11282,18-24,Jerusalem,Burger,vegan,2025-06-05
11283,35-44,Kfar Saba,Cafe,low_carb,2023-08-25
11284,45-54,Holon,Indian,halal,2023-04-11
11285,45-54,Haifa,Israeli,none,2024-07-18
11286,18-24,Ashdod,Mexican,vegetarian,2023-01-03
11287,25-34,Givatayim,Pizza,vegan,2023-06-01
11288,35-44,Tel Aviv,Pizza,kosher,2023-08-05
11289,55+,Haifa,Israeli,none,2023-05-17
11290,18-24,Jerusalem,Mexican,kosher,2024-04-08
11291,45-54,Herzliya,Sushi,halal,2023-07-05
11292,35-44,Holon,Vegan,gluten_free,2023-08-19
11293,45-54,Givatayim,Cafe,vegan,2025-08-18
11294,35-44,Petah Tikva,Mediterranean,halal,2023-06-08
11295,35-44,Petah Tikva,Sushi,halal,2025-06-24
11296,18-24,Herzliya,Japanese,vegetarian,2024-03-05
11297,35-44,Jerusalem,Indian,gluten_free,2024-10-29
11298,55+,Tel Aviv,Thai,none,2024-08-10
11299,25-34,Netanya,Burger,gluten_free,2023-08-12
11300,18-24,Holon,Mexican,none,2025-08-06
11301,25-34,Holon,Vegan,low_carb,2023-04-09
11302,55+,Tel Aviv,Israeli,gluten_free,2025-06-10
11303,25-34,Petah Tikva,Steakhouse,vegetarian,2024-09-23
11304,45-54,Rehovot,Steakhouse,halal,2023-11-23
11305,55+,Eilat,Greek,vegan,2023-03-02
11306,35-44,Herzliya,Mediterranean,gluten_free,2023-03-28
11307,25-34,Ashdod,Sushi,gluten_free,2025-08-08
11308,55+,Eilat,Italian,kosher,2024-05-11
11309,55+,Herzliya,Italian,none,2024-01-04
11310,35-44,Holon,Sushi,vegetarian,2025-08-30
11311,45-54,Petah Tikva,Indian,none,2024-12-29
11312,18-24,Petah Tikva,Vegan,vegetarian,2024-08-17
11313,45-54,Givatayim,Cafe,halal,2023-01-22
11314,45-54,Herzliya,Pizza,low_carb,2024-08-11
11315,55+,Kfar Saba,Thai,vegetarian,2025-01-19
11316,55+,Ramat Gan,Israeli,none,2024-09-24
11317,18-24,Rishon LeZion,Mediterranean,halal,2024-08-25
11318,35-44,Rehovot,Japanese,low_carb,2024-03-31
11319,35-44,Haifa,Cafe,low_carb,2023-12-20
11320,55+,Beer Sheva,Mexican,halal,2023-02-21
11321,45-54,Ramat Gan,Sushi,vegan,2025-02-10
11322,18-24,Holon,Indian,vegan,2024-05-13
11323,55+,Eilat,Cafe,vegetarian,2023-02-22
11324,25-34,Eilat,Vegan,vegetarian,2025-07-02
11325,45-54,Rehovot,Italian,vegetarian,2025-05-31
11326,18-24,Netanya,Burger,none,2023-03-16
11327,55+,Kfar Saba,Japanese,low_carb,2025-09-20
11328,55+,Beer Sheva,Mediterranean,vegan,2025-07-07
11329,25-34,Rehovot,Mexican,halal,2023-11-17
11330,55+,Rishon LeZion,Pizza,vegan,2023-09-07
11331,18-24,Netanya,Greek,vegetarian,2024-02-26
11332,25-34,Ashdod,Israeli,halal,2025-08-02
11333,45-54,Eilat,Indian,halal,2025-06-15
11334,25-34,Haifa,Vegan,none,2023-04-27
11335,25-34,Haifa,Seafood,low_carb,2024-10-07
11336,25-34,Rishon LeZion,Seafood,halal,2025-05-27
11337,35-44,Jerusalem,Japanese,halal,2024-02-15
11338,45-54,Givatayim,Mexican,gluten_free,2024-12-05
11339,35-44,Tel Aviv,Indian,halal,2023-01-08
11340,45-54,Tel Aviv,Indian,none,2024-02-05
11341,35-44,Holon,Italian,halal,2023-02-07
11342,45-54,Beer Sheva,Seafood,gluten_free,2025-04-13
11343,18-24,Jerusalem,Sushi,vegetarian,2025-09-13
11344,18-24,Haifa,Mediterranean,kosher,2024-09-05
11345,35-44,Jerusalem,Cafe,halal,2024-07-29
11346,18-24,Jerusalem,Asian,vegetarian,2025-01-16
11347,18-24,Rishon LeZion,Pizza,low_carb,2024-08-22
11348,35-44,Kfar Saba,Pizza,vegan,2025-05-26
11349,25-34,Holon,Pizza,halal,2024-11-05
11350,45-54,Rishon LeZion,Mexican,halal,2025-01-21
11351,55+,Tel Aviv,Greek,vegan,2023-10-07
11352,35-44,Beer Sheva,Cafe,low_carb,2023-10-26
11353,55+,Jerusalem,Italian,low_carb,2025-05-02
11354,55+,Beer Sheva,Pizza,none,2023-04-02
11355,45-54,Eilat,Sushi,none,2023-05-02
11356,45-54,Haifa,Italian,kosher,2023-11-27
11357,45-54,Holon,Cafe,none,2024-10-06
11358,55+,Herzliya,Mexican,kosher,2024-02-26
11359,35-44,Petah Tikva,Mexican,gluten_free,2024-12-18
11360,25-34,Givatayim,Italian,vegan,2023-10-23
11361,18-24,Jerusalem,Greek,none,2023-11-23
11362,25-34,Kfar Saba,Burger,gluten_free,2024-08-23
11363,35-44,Ashdod,Steakhouse,low_carb,2025-04-08
11364,18-24,Tel Aviv,Israeli,low_carb,2024-01-31
11365,35-44,Ashdod,Seafood,vegan,2024-06-14
11366,45-54,Ashdod,Mexican,none,2024-04-04
11367,25-34,Holon,Mediterranean,none,2024-05-23
11368,55+,Givatayim,Sushi,halal,2024-02-26
11369,35-44,Kfar Saba,Mediterranean,kosher,2024-06-19
11370,55+,Holon,Israeli,vegan,2023-07-08
11371,18-24,Beer Sheva,Vegan,none,2025-05-01
11372,25-34,Petah Tikva,Japanese,kosher,2025-09-22
11373,45-54,Rishon LeZion,Burger,low_carb,2025-01-12
11374,35-44,Holon,Burger,none,2025-09-14
11375,25-34,Holon,Pizza,low_carb,2024-03-24
11376,25-34,Kfar Saba,Sushi,gluten_free,2024-11-10
11377,55+,Eilat,Pizza,low_carb,2025-07-22
11378,25-34,Eilat,Thai,none,2025-01-04
11379,45-54,Rehovot,Pizza,none,2025-08-09
11380,25-34,Tel Aviv,Indian,gluten_free,2024-11-09
11381,35-44,Ramat Gan,Burger,none,2025-05-27
11382,35-44,Ramat Gan,Sushi,low_carb,2024-10-31
11383,35-44,Kfar Saba,Italian,kosher,2023-01-29
11384,25-34,Ashdod,Greek,none,2023-07-03
11385,35-44,Herzliya,Mediterranean,none,2023-09-27
11386,18-24,Rishon LeZion,Italian,vegetarian,2023-05-12
11387,18-24,Tel Aviv,Steakhouse,kosher,2024-10-28
11388,55+,Eilat,Burger,vegan,2024-12-05
11389,25-34,Haifa,Thai,low_carb,2024-03-07
11390,35-44,Ramat Gan,Japanese,kosher,2024-03-28
11391,25-34,Rehovot,Greek,halal,2024-08-30
11392,55+,Netanya,Mediterranean,kosher,2023-05-13
11393,55+,Tel Aviv,Pizza,gluten_free,2023-05-02
11394,45-54,Ramat Gan,Indian,vegetarian,2025-09-27
11395,18-24,Ashdod,Greek,gluten_free,2024-08-11
11396,35-44,Ramat Gan,Italian,low_carb,2023-01-29
11397,18-24,Beer Sheva,Asian,halal,2024-07-10
11398,35-44,Rishon LeZion,Cafe,halal,2023-05-19
11399,18-24,Kfar Saba,Greek,low_carb,2025-01-03
11400,18-24,Rehovot,Asian,none,2024-09-28
11401,55+,Herzliya,Israeli,low_carb,2024-07-13
11402,35-44,Rishon LeZion,Asian,vegetarian,2025-07-01
11403,55+,Givatayim,Israeli,kosher,2023-11-23
11404,25-34,Haifa,Mexican,gluten_free,2025-03-30
11405,55+,Haifa,Steakhouse,low_carb,2024-09-23
11406,45-54,Jerusalem,Asian,halal,2025-06-17
11407,45-54,Ramat Gan,Pizza,vegetarian,2025-04-26
11408,18-24,Rishon LeZion,Italian,none,2025-06-21
11409,18-24,Ramat Gan,Asian,low_carb,2024-08-20
11410,35-44,Givatayim,Asian,low_carb,2024-02-05
11411,35-44,Netanya,Steakhouse,vegan,2024-02-19
11412,25-34,Jerusalem,Pizza,vegetarian,2023-04-28
11413,25-34,Jerusalem,Italian,kosher,2023-11-26
11414,45-54,Givatayim,Vegan,kosher,2023-10-22
11415,25-34,Eilat,Greek,gluten_free,2024-10-13
11416,35-44,Rehovot,Steakhouse,halal,2024-10-03
11417,55+,Holon,Pizza,gluten_free,2025-01-12
11418,25-34,Holon,Japanese,none,2023-07-15
11419,18-24,Kfar Saba,Sushi,vegan,2023-11-25
11420,55+,Ramat Gan,Thai,low_carb,2023-02-06
11421,55+,Netanya,Burger,none,2025-04-17
11422,35-44,Rehovot,Burger,none,2023-12-19
11423,45-54,Jerusalem,Indian,low_carb,2023-01-19
11424,45-54,Beer Sheva,Seafood,gluten_free,2023-07-25
11425,55+,Jerusalem,Italian,gluten_free,2025-03-11
11426,45-54,Eilat,Pizza,gluten_free,2024-07-07
11427,25-34,Rishon LeZion,Asian,none,2025-03-15
11428,18-24,Givatayim,Mediterranean,vegan,2023-12-19
11429,55+,Beer Sheva,Greek,halal,2023-07-20
11430,25-34,Haifa,Greek,none,2023-08-09
11431,55+,Netanya,Mexican,kosher,2023-08-13
11432,35-44,Jerusalem,Vegan,gluten_free,2023-03-28
11433,45-54,Rehovot,Thai,gluten_free,2023-11-10
11434,55+,Eilat,Seafood,vegan,2023-02-07
11435,25-34,Netanya,Seafood,kosher,2023-02-21
11436,45-54,Kfar Saba,Israeli,halal,2025-08-11
11437,45-54,Beer Sheva,Italian,vegetarian,2023-09-10
11438,18-24,Givatayim,Burger,vegan,2024-02-01
11439,55+,Givatayim,Greek,low_carb,2023-11-08
11440,25-34,Petah Tikva,Cafe,low_carb,2023-06-22
11441,45-54,Givatayim,Mediterranean,gluten_free,2024-06-13
11442,55+,Ashdod,Sushi,kosher,2025-01-11
11443,18-24,Ramat Gan,Thai,halal,2025-04-02
11444,55+,Beer Sheva,Thai,low_carb,2024-12-13
11445,45-54,Givatayim,Israeli,vegan,2025-01-11
11446,35-44,Ashdod,Italian,vegan,2025-06-06
11447,25-34,Rishon LeZion,Vegan,none,2024-12-14
11448,45-54,Kfar Saba,Pizza,vegan,2025-08-02
11449,25-34,Holon,Steakhouse,vegan,2025-07-20
11450,45-54,Ramat Gan,Greek,low_carb,2023-02-15
11451,25-34,Holon,Vegan,vegetarian,2024-01-02
11452,55+,Holon,Sushi,vegetarian,2023-06-25
11453,25-34,Holon,Cafe,vegetarian,2024-04-10
11454,35-44,Rehovot,Italian,low_carb,2023-07-15
11455,18-24,Beer Sheva,Steakhouse,halal,2023-06-09
11456,25-34,Petah Tikva,Japanese,vegan,2024-12-26
11457,45-54,Petah Tikva,Burger,vegetarian,2023-01-14
11458,18-24,Rehovot,Pizza,vegetarian,2023-07-29
11459,55+,Tel Aviv,Burger,gluten_free,2023-03-09
11460,25-34,Rehovot,Thai,vegetarian,2023-11-28
11461,35-44,Eilat,Italian,halal,2024-12-30
11462,45-54,Petah Tikva,Steakhouse,vegetarian,2025-02-01
11463,35-44,Ashdod,Thai,halal,2025-05-08
11464,45-54,Rehovot,Asian,gluten_free,2024-11-04
11465,18-24,Givatayim,Indian,gluten_free,2024-10-10
11466,45-54,Jerusalem,Asian,none,2025-08-04
11467,18-24,Ashdod,Vegan,kosher,2023-06-21
11468,35-44,Herzliya,Italian,kosher,2023-12-07
11469,55+,Rishon LeZion,Sushi,vegetarian,2025-03-12
11470,18-24,Kfar Saba,Italian,vegan,2025-04-04
11471,55+,Tel Aviv,Mexican,low_carb,2024-07-26
11472,35-44,Eilat,Burger,kosher,2023-12-14
11473,18-24,Holon,Mediterranean,halal,2023-04-05
11474,55+,Givatayim,Cafe,none,2024-07-05
11475,45-54,Beer Sheva,Steakhouse,gluten_free,2023-12-25
11476,18-24,Rehovot,Sushi,gluten_free,2023-12-19
11477,35-44,Netanya,Thai,kosher,2023-09-03
11478,55+,Beer Sheva,Steakhouse,low_carb,2023-03-24
11479,35-44,Rehovot,Israeli,halal,2025-07-06
11480,55+,Holon,Italian,vegetarian,2023-04-20
11481,25-34,Netanya,Mediterranean,gluten_free,2024-08-29
11482,18-24,Haifa,Asian,gluten_free,2023-05-10
11483,45-54,Petah Tikva,Indian,gluten_free,2024-11-13
11484,25-34,Eilat,Thai,kosher,2023-12-11
11485,45-54,Rishon LeZion,Asian,none,2024-11-04
11486,18-24,Haifa,Sushi,vegetarian,2023-12-25
11487,35-44,Ramat Gan,Indian,low_carb,2023-04-30
11488,18-24,Ramat Gan,Vegan,low_carb,2024-09-11
11489,18-24,Rehovot,Thai,low_carb,2023-11-04
11490,18-24,Eilat,Israeli,vegan,2023-04-20
11491,25-34,Rehovot,Greek,gluten_free,2023-09-10
11492,18-24,Holon,Seafood,none,2024-08-23
11493,35-44,Ashdod,Mediterranean,vegetarian,2023-01-31
11494,25-34,Ashdod,Italian,low_carb,2025-03-09
11495,35-44,Tel Aviv,Thai,halal,2024-06-01
11496,35-44,Haifa,Cafe,low_carb,2025-01-27
11497,35-44,Petah Tikva,Asian,gluten_free,2024-04-09
11498,35-44,Ashdod,Indian,halal,2024-11-15
11499,45-54,Beer Sheva,Burger,vegetarian,2023-01-09
11500,25-34,Jerusalem,Greek,halal,2025-07-31
11501,45-54,Herzliya,Pizza,halal,2023-09-16
11502,35-44,Jerusalem,Burger,none,2024-09-26
11503,45-54,Eilat,Sushi,none,2024-10-06
11504,55+,Rehovot,Italian,vegetarian,2024-04-17
11505,45-54,Ashdod,Israeli,kosher,2023-02-03
11506,35-44,Haifa,Indian,gluten_free,2025-06-03
11507,25-34,Ashdod,Thai,kosher,2023-11-17
11508,18-24,Ramat Gan,Pizza,vegan,2023-05-13
11509,55+,Tel Aviv,Seafood,none,2023-05-31
11510,25-34,Netanya,Indian,none,2024-12-04
11511,18-24,Rehovot,Steakhouse,gluten_free,2023-11-10
11512,35-44,Herzliya,Mediterranean,none,2024-01-05
11513,35-44,Rehovot,Steakhouse,gluten_free,2024-02-12
11514,55+,Rehovot,Steakhouse,vegan,2024-06-04
11515,18-24,Tel Aviv,Steakhouse,low_carb,2024-10-15
11516,35-44,Ramat Gan,Vegan,none,2025-07-07
11517,45-54,Ramat Gan,Mexican,vegan,2024-02-27
11518,45-54,Ashdod,Italian,halal,2023-03-20
11519,25-34,Petah Tikva,Steakhouse,none,2024-04-23
11520,35-44,Petah Tikva,Mexican,gluten_free,2023-09-09
11521,25-34,Jerusalem,Israeli,gluten_free,2023-11-19
11522,45-54,Tel Aviv,Sushi,kosher,2024-08-30
11523,18-24,Kfar Saba,Seafood,gluten_free,2023-02-11
11524,45-54,Beer Sheva,Thai,low_carb,2023-07-16
11525,25-34,Tel Aviv,Thai,none,2023-03-13
11526,25-34,Kfar Saba,Asian,gluten_free,2025-08-10
11527,25-34,Ashdod,Asian,kosher,2024-07-09
11528,55+,Jerusalem,Seafood,vegetarian,2023-07-20
11529,18-24,Netanya,Mediterranean,gluten_free,2025-01-01
11530,18-24,Herzliya,Pizza,gluten_free,2024-08-20
11531,45-54,Beer Sheva,Cafe,kosher,2023-04-19
11532,18-24,Ashdod,Indian,vegetarian,2024-11-13
11533,18-24,Jerusalem,Cafe,low_carb,2023-06-13
11534,35-44,Ashdod,Asian,none,2025-03-26
11535,35-44,Jerusalem,Mediterranean,gluten_free,2023-05-06
11536,35-44,Jerusalem,Israeli,vegan,2025-07-01
11537,55+,Beer Sheva,Israeli,halal,2024-02-07
11538,25-34,Jerusalem,Indian,gluten_free,2023-02-09
11539,45-54,Rishon LeZion,Italian,gluten_free,2024-03-04
11540,55+,Tel Aviv,Vegan,vegetarian,2023-11-05
11541,25-34,Beer Sheva,Mexican,kosher,2023-02-26
11542,18-24,Jerusalem,Japanese,kosher,2025-08-07
11543,35-44,Holon,Seafood,vegan,2024-06-28
11544,45-54,Petah Tikva,Cafe,vegan,2023-07-09
11545,35-44,Haifa,Japanese,vegan,2023-12-19
11546,25-34,Haifa,Sushi,low_carb,2024-06-30
11547,45-54,Jerusalem,Italian,gluten_free,2023-03-16
11548,45-54,Holon,Indian,low_carb,2025-09-27
11549,25-34,Herzliya,Mediterranean,vegetarian,2024-05-08
11550,18-24,Givatayim,Italian,kosher,2023-04-10
11551,35-44,Rehovot,Italian,none,2023-12-15
11552,35-44,Holon,Cafe,vegetarian,2025-08-29
11553,35-44,Netanya,Japanese,vegetarian,2023-03-30
11554,55+,Beer Sheva,Vegan,vegan,2024-07-27
11555,45-54,Kfar Saba,Thai,kosher,2025-02-22
11556,45-54,Petah Tikva,Italian,vegan,2023-08-07
11557,35-44,Jerusalem,Mexican,none,2023-06-01
11558,45-54,Holon,Thai,vegan,2024-05-04
11559,45-54,Rehovot,Burger,vegetarian,2023-03-09
11560,45-54,Holon,Burger,vegan,2023-08-07
11561,25-34,Haifa,Indian,halal,2024-01-17
11562,45-54,Haifa,Mexican,halal,2024-06-29
11563,25-34,Givatayim,Italian,vegetarian,2024-12-30
11564,45-54,Petah Tikva,Israeli,gluten_free,2023-08-24
11565,25-34,Eilat,Burger,vegetarian,2023-10-31
11566,55+,Givatayim,Mexican,low_carb,2023-11-25
11567,25-34,Rehovot,Pizza,none,2023-01-29
11568,55+,Rehovot,Israeli,none,2025-04-27
11569,55+,Givatayim,Steakhouse,low_carb,2024-01-08
11570,18-24,Herzliya,Indian,vegetarian,2025-06-14
11571,35-44,Ramat Gan,Asian,vegan,2024-07-24
11572,45-54,Eilat,Israeli,none,2024-05-22
11573,25-34,Haifa,Sushi,kosher,2023-12-01
11574,45-54,Givatayim,Indian,vegan,2023-10-05
11575,55+,Haifa,Burger,halal,2024-09-09
11576,45-54,Jerusalem,Greek,vegetarian,2023-01-18
11577,55+,Rishon LeZion,Indian,vegan,2025-07-26
11578,55+,Ashdod,Israeli,low_carb,2023-03-29
11579,35-44,Netanya,Steakhouse,none,2024-11-01
11580,25-34,Haifa,Pizza,none,2023-12-08
11581,18-24,Ashdod,Asian,halal,2025-06-14
11582,18-24,Givatayim,Steakhouse,vegetarian,2023-04-04
11583,45-54,Haifa,Japanese,vegan,2025-02-02
11584,35-44,Givatayim,Cafe,halal,2024-08-08
11585,55+,Holon,Cafe,none,2025-05-05
11586,35-44,Givatayim,Mediterranean,none,2023-12-25
11587,25-34,Rishon LeZion,Mediterranean,halal,2023-09-14
11588,25-34,Rishon LeZion,Vegan,low_carb,2024-06-13
11589,25-34,Ashdod,Indian,vegan,2024-08-20
11590,25-34,Netanya,Indian,halal,2024-05-17
11591,55+,Kfar Saba,Japanese,kosher,2025-08-15
11592,45-54,Haifa,Mexican,vegan,2024-10-11
11593,35-44,Tel Aviv,Steakhouse,kosher,2023-07-03
11594,45-54,Herzliya,Japanese,gluten_free,2025-05-18
11595,45-54,Haifa,Thai,kosher,2023-08-11
11596,35-44,Ramat Gan,Mediterranean,halal,2024-10-12
11597,18-24,Kfar Saba,Thai,low_carb,2025-02-02
11598,18-24,Eilat,Japanese,halal,2024-02-10
11599,45-54,Petah Tikva,Steakhouse,kosher,2023-04-12
11600,55+,Jerusalem,Israeli,gluten_free,2025-06-04
11601,35-44,Herzliya,Mexican,halal,2024-01-05
11602,55+,Eilat,Sushi,none,2024-06-30
11603,55+,Holon,Japanese,vegan,2023-03-07
11604,18-24,Givatayim,Vegan,vegan,2024-05-10
11605,35-44,Haifa,Israeli,kosher,2025-03-21
11606,45-54,Givatayim,Israeli,vegetarian,2023-02-23
11607,45-54,Beer Sheva,Vegan,low_carb,2023-11-30
11608,55+,Beer Sheva,Mexican,none,2023-01-07
11609,45-54,Givatayim,Japanese,gluten_free,2025-07-29
11610,45-54,Tel Aviv,Seafood,vegetarian,2025-07-10
11611,18-24,Petah Tikva,Vegan,halal,2023-06-27
11612,18-24,Eilat,Japanese,none,2025-01-17
11613,45-54,Tel Aviv,Indian,low_carb,2023-09-06
11614,55+,Jerusalem,Pizza,none,2023-08-31
11615,45-54,Petah Tikva,Burger,none,2023-05-13
11616,35-44,Petah Tikva,Burger,gluten_free,2024-01-22
11617,55+,Tel Aviv,Italian,kosher,2025-04-01
11618,25-34,Eilat,Steakhouse,low_carb,2025-08-26
11619,45-54,Tel Aviv,Steakhouse,none,2024-06-10
11620,35-44,Herzliya,Sushi,halal,2025-09-19
11621,35-44,Givatayim,Japanese,kosher,2023-06-25
11622,18-24,Ashdod,Asian,vegan,2025-03-04
11623,18-24,Holon,Indian,halal,2023-12-20
11624,18-24,Rehovot,Thai,kosher,2025-05-09
11625,18-24,Ramat Gan,Cafe,none,2023-03-29
11626,25-34,Netanya,Seafood,none,2023-10-08
11627,55+,Rishon LeZion,Indian,low_carb,2023-02-01
11628,25-34,Jerusalem,Asian,kosher,2023-04-11
11629,35-44,Givatayim,Israeli,gluten_free,2023-05-29
11630,18-24,Tel Aviv,Thai,gluten_free,2024-11-14
11631,45-54,Rehovot,Indian,gluten_free,2024-02-25
11632,45-54,Rishon LeZion,Israeli,low_carb,2025-04-18
11633,55+,Ashdod,Israeli,none,2023-12-30
11634,18-24,Ashdod,Thai,halal,2025-01-01
11635,18-24,Eilat,Sushi,none,2025-07-15
11636,18-24,Holon,Cafe,low_carb,2025-02-20
11637,45-54,Herzliya,Israeli,gluten_free,2023-08-17
11638,45-54,Holon,Seafood,halal,2024-08-06
11639,25-34,Rishon LeZion,Vegan,vegan,2025-05-17
11640,35-44,Rehovot,Mediterranean,kosher,2024-02-27
11641,18-24,Ashdod,Cafe,low_carb,2024-06-12
11642,25-34,Jerusalem,Vegan,kosher,2024-09-18
11643,55+,Ramat Gan,Vegan,gluten_free,2023-05-14
11644,25-34,Rishon LeZion,Greek,kosher,2024-07-11
11645,25-34,Herzliya,Indian,vegetarian,2023-12-18
11646,18-24,Netanya,Thai,halal,2024-11-27
11647,35-44,Rehovot,Mexican,vegetarian,2024-12-14
11648,55+,Tel Aviv,Israeli,vegetarian,2024-02-13
11649,25-34,Tel Aviv,Greek,none,2023-07-10
11650,45-54,Jerusalem,Vegan,halal,2023-07-06
11651,45-54,Ashdod,Israeli,vegetarian,2023-07-12
11652,35-44,Holon,Pizza,gluten_free,2025-03-31
11653,45-54,Rehovot,Asian,halal,2024-02-28
11654,35-44,Givatayim,Thai,vegetarian,2024-01-19
11655,35-44,Holon,Vegan,gluten_free,2025-03-04
11656,45-54,Beer Sheva,Steakhouse,vegan,2023-10-22
11657,45-54,Ashdod,Greek,gluten_free,2024-01-22
11658,25-34,Ashdod,Asian,halal,2024-07-24
11659,55+,Ramat Gan,Japanese,halal,2023-11-29
11660,18-24,Herzliya,Indian,none,2023-07-03
11661,35-44,Eilat,Israeli,low_carb,2024-10-10
11662,55+,Eilat,Mexican,vegan,2024-11-21
11663,25-34,Tel Aviv,Cafe,low_carb,2025-04-07
11664,35-44,Tel Aviv,Italian,halal,2025-02-28
11665,25-34,Herzliya,Vegan,vegetarian,2023-12-28
11666,25-34,Beer Sheva,Cafe,none,2024-08-17
11667,25-34,Netanya,Burger,none,2023-04-23
11668,18-24,Givatayim,Seafood,low_carb,2025-04-10
11669,25-34,Rehovot,Asian,gluten_free,2023-01-22
11670,45-54,Holon,Burger,low_carb,2024-03-03
11671,25-34,Jerusalem,Mexican,low_carb,2024-01-27
11672,45-54,Petah Tikva,Israeli,vegan,2023-03-17
11673,45-54,Holon,Sushi,halal,2023-03-07
11674,18-24,Kfar Saba,Greek,kosher,2025-07-02
11675,45-54,Beer Sheva,Cafe,gluten_free,2024-02-02
11676,25-34,Rishon LeZion,Thai,low_carb,2023-01-27
11677,18-24,Holon,Greek,vegetarian,2025-04-17
11678,45-54,Herzliya,Japanese,low_carb,2024-05-23
11679,35-44,Herzliya,Israeli,vegan,2023-03-23
11680,25-34,Ramat Gan,Italian,none,2023-11-30
11681,35-44,Ashdod,Japanese,gluten_free,2023-01-17
11682,35-44,Beer Sheva,Italian,vegetarian,2023-09-16
11683,35-44,Eilat,Seafood,kosher,2024-10-21
11684,45-54,Haifa,Pizza,kosher,2023-09-07
11685,35-44,Rehovot,Israeli,vegetarian,2024-09-21
11686,45-54,Rehovot,Sushi,kosher,2024-11-20
11687,35-44,Haifa,Burger,gluten_free,2023-06-04
11688,45-54,Herzliya,Indian,low_carb,2024-08-08
11689,45-54,Givatayim,Seafood,halal,2023-10-10
11690,55+,Herzliya,Greek,low_carb,2024-05-17
11691,55+,Haifa,Steakhouse,vegetarian,2023-05-31
11692,45-54,Eilat,Sushi,vegetarian,2025-03-27
11693,25-34,Petah Tikva,Israeli,none,2024-03-17
11694,45-54,Givatayim,Greek,gluten_free,2024-01-04
11695,35-44,Givatayim,Mexican,kosher,2023-03-15
11696,55+,Haifa,Vegan,vegetarian,2023-02-08
11697,35-44,Givatayim,Japanese,vegan,2023-08-03
11698,45-54,Tel Aviv,Seafood,gluten_free,2025-06-04
11699,25-34,Tel Aviv,Sushi,vegan,2024-11-03
11700,25-34,Kfar Saba,Israeli,gluten_free,2023-12-26
11701,25-34,Ramat Gan,Italian,none,2023-04-30
11702,45-54,Petah Tikva,Sushi,vegan,2024-01-22
11703,55+,Herzliya,Pizza,none,2024-03-21
11704,55+,Kfar Saba,Japanese,kosher,2025-03-19
11705,45-54,Kfar Saba,Sushi,gluten_free,2023-05-16
11706,35-44,Beer Sheva,Mexican,gluten_free,2023-07-01
11707,35-44,Petah Tikva,Indian,halal,2023-07-13
11708,25-34,Netanya,Italian,vegan,2024-02-03
11709,55+,Givatayim,Seafood,none,2025-04-15
11710,18-24,Haifa,Greek,kosher,2024-05-22
11711,35-44,Rehovot,Mexican,none,2024-05-10
11712,18-24,Givatayim,Pizza,gluten_free,2024-03-16
11713,18-24,Ramat Gan,Greek,vegetarian,2024-12-08
11714,35-44,Ramat Gan,Japanese,vegan,2023-10-20
11715,35-44,Haifa,Indian,kosher,2023-09-21
11716,18-24,Eilat,Steakhouse,gluten_free,2023-08-20
11717,35-44,Beer Sheva,Burger,kosher,2023-06-30
11718,25-34,Kfar Saba,Japanese,halal,2024-01-13
11719,55+,Tel Aviv,Pizza,halal,2023-12-17
11720,55+,Rishon LeZion,Burger,none,2025-07-07
11721,25-34,Haifa,Asian,gluten_free,2024-08-11
11722,55+,Holon,Asian,halal,2024-06-07
11723,35-44,Petah Tikva,Japanese,none,2023-12-31
11724,35-44,Herzliya,Japanese,none,2023-03-07
11725,55+,Jerusalem,Seafood,halal,2024-01-31
11726,55+,Herzliya,Mexican,none,2024-05-15
11727,55+,Haifa,Burger,low_carb,2025-01-28
11728,18-24,Beer Sheva,Italian,vegetarian,2024-08-15
11729,45-54,Petah Tikva,Israeli,kosher,2025-07-07
11730,18-24,Herzliya,Steakhouse,gluten_free,2024-11-28
11731,25-34,Kfar Saba,Mexican,kosher,2024-02-22
11732,35-44,Netanya,Mediterranean,none,2023-05-25
11733,45-54,Jerusalem,Steakhouse,none,2025-02-12
11734,18-24,Rehovot,Steakhouse,kosher,2024-08-30
11735,25-34,Herzliya,Pizza,gluten_free,2025-05-31
11736,55+,Netanya,Indian,vegetarian,2023-02-11
11737,45-54,Rishon LeZion,Pizza,vegan,2023-01-23
11738,45-54,Herzliya,Mexican,gluten_free,2023-06-03
11739,35-44,Tel Aviv,Pizza,none,2024-06-07
11740,18-24,Kfar Saba,Israeli,vegan,2024-10-28
11741,25-34,Beer Sheva,Indian,vegetarian,2023-05-08
11742,25-34,Rishon LeZion,Thai,vegan,2024-11-22
11743,55+,Givatayim,Mediterranean,gluten_free,2025-06-29
11744,55+,Givatayim,Sushi,gluten_free,2024-10-16
11745,55+,Holon,Italian,none,2025-04-30
11746,18-24,Rehovot,Japanese,none,2024-06-08
11747,18-24,Rishon LeZion,Indian,vegetarian,2023-01-04
11748,25-34,Haifa,Cafe,low_carb,2025-09-10
11749,35-44,Herzliya,Pizza,low_carb,2025-01-26
11750,45-54,Netanya,Asian,kosher,2023-08-18
11751,18-24,Netanya,Greek,vegetarian,2025-09-21
11752,55+,Beer Sheva,Burger,kosher,2024-06-26
11753,45-54,Givatayim,Mediterranean,gluten_free,2023-05-28
11754,45-54,Petah Tikva,Sushi,vegan,2024-09-14
11755,55+,Herzliya,Asian,none,2024-02-24
11756,45-54,Eilat,Asian,gluten_free,2025-07-25
11757,55+,Netanya,Israeli,halal,2025-07-17
11758,25-34,Ramat Gan,Greek,low_carb,2025-08-13
11759,25-34,Jerusalem,Mediterranean,none,2025-06-23
11760,45-54,Givatayim,Pizza,halal,2025-03-12
11761,55+,Eilat,Indian,vegan,2025-08-21
11762,45-54,Ramat Gan,Italian,vegetarian,2024-09-08
11763,25-34,Ramat Gan,Thai,kosher,2023-01-10
11764,45-54,Eilat,Israeli,vegetarian,2023-08-07
11765,18-24,Rehovot,Greek,none,2023-05-10
11766,55+,Tel Aviv,Sushi,vegan,2023-10-07
11767,55+,Haifa,Cafe,kosher,2023-04-12
11768,35-44,Eilat,Cafe,vegetarian,2025-01-30
11769,25-34,Petah Tikva,Steakhouse,gluten_free,2024-06-13
11770,25-34,Kfar Saba,Israeli,vegetarian,2025-05-20
11771,25-34,Givatayim,Thai,low_carb,2025-07-20
11772,45-54,Eilat,Israeli,kosher,2023-07-17
11773,18-24,Ramat Gan,Pizza,low_carb,2023-03-30
11774,55+,Rehovot,Cafe,low_carb,2025-04-30
11775,35-44,Herzliya,Asian,none,2025-05-12
11776,25-34,Ashdod,Asian,none,2025-03-31
11777,18-24,Ashdod,Sushi,vegan,2024-04-19
11778,45-54,Holon,Greek,halal,2024-11-03
11779,35-44,Tel Aviv,Asian,low_carb,2023-10-02
11780,35-44,Kfar Saba,Japanese,vegetarian,2023-06-26
11781,55+,Jerusalem,Italian,kosher,2023-02-16
11782,45-54,Holon,Indian,vegetarian,2025-02-11
11783,55+,Rishon LeZion,Thai,kosher,2024-08-21
11784,35-44,Haifa,Japanese,gluten_free,2024-05-11
11785,25-34,Eilat,Israeli,low_carb,2025-03-16
11786,25-34,Kfar Saba,Thai,low_carb,2023-03-06
11787,35-44,Givatayim,Burger,halal,2024-10-30
11788,45-54,Eilat,Steakhouse,vegetarian,2023-02-20
11789,25-34,Rehovot,Indian,vegan,2023-10-30
11790,18-24,Jerusalem,Mexican,gluten_free,2024-04-09
11791,18-24,Netanya,Italian,gluten_free,2025-08-26
11792,25-34,Kfar Saba,Mexican,low_carb,2024-06-11
11793,55+,Ramat Gan,Thai,low_carb,2023-02-02
11794,25-34,Beer Sheva,Burger,halal,2023-10-29
11795,55+,Haifa,Steakhouse,vegan,2025-03-31
11796,25-34,Rishon LeZion,Seafood,gluten_free,2023-03-07
11797,45-54,Beer Sheva,Vegan,kosher,2025-01-30
11798,35-44,Haifa,Burger,vegan,2023-10-30
11799,45-54,Kfar Saba,Greek,vegetarian,2023-10-23
11800,25-34,Beer Sheva,Israeli,low_carb,2024-02-11
11801,45-54,Netanya,Indian,kosher,2023-05-29
11802,45-54,Eilat,Burger,low_carb,2024-05-19
11803,35-44,Jerusalem,Vegan,none,2025-04-03
11804,25-34,Herzliya,Pizza,gluten_free,2024-07-28
11805,25-34,Rehovot,Italian,vegetarian,2025-06-17
11806,35-44,Rishon LeZion,Asian,vegan,2025-09-27
11807,25-34,Holon,Israeli,gluten_free,2023-03-11
11808,35-44,Herzliya,Vegan,gluten_free,2025-06-27
11809,45-54,Rehovot,Thai,gluten_free,2023-11-28
11810,45-54,Holon,Pizza,kosher,2023-06-15
11811,25-34,Haifa,Thai,gluten_free,2023-09-18
11812,35-44,Jerusalem,Mediterranean,vegan,2023-05-06
11813,25-34,Rehovot,Italian,low_carb,2024-09-04
11814,18-24,Givatayim,Burger,kosher,2023-11-11
11815,55+,Holon,Thai,halal,2024-09-10
11816,45-54,Tel Aviv,Thai,vegetarian,2025-01-30
11817,25-34,Holon,Greek,halal,2023-05-31
11818,25-34,Ramat Gan,Japanese,kosher,2025-07-06
11819,25-34,Beer Sheva,Sushi,low_carb,2024-04-30
11820,35-44,Herzliya,Seafood,vegetarian,2025-05-15
11821,55+,Rishon LeZion,Mediterranean,kosher,2025-03-13
11822,25-34,Rehovot,Pizza,vegetarian,2025-08-29
11823,35-44,Petah Tikva,Mexican,halal,2025-08-19
11824,18-24,Beer Sheva,Israeli,vegan,2023-02-04
11825,35-44,Holon,Greek,none,2024-04-22
11826,45-54,Eilat,Sushi,low_carb,2025-09-13
11827,55+,Tel Aviv,Vegan,low_carb,2023-06-04
11828,55+,Petah Tikva,Vegan,halal,2023-11-21
11829,25-34,Beer Sheva,Greek,gluten_free,2025-09-09
11830,25-34,Rishon LeZion,Pizza,vegan,2025-01-05
11831,35-44,Kfar Saba,Asian,vegetarian,2023-03-10
11832,25-34,Jerusalem,Mexican,vegetarian,2023-10-23
11833,55+,Ashdod,Cafe,kosher,2025-06-15
11834,55+,Herzliya,Thai,vegetarian,2023-08-17
11835,55+,Kfar Saba,Italian,vegetarian,2023-10-19
11836,55+,Jerusalem,Mediterranean,vegan,2024-07-13
11837,55+,Rishon LeZion,Japanese,vegetarian,2025-09-08
11838,55+,Beer Sheva,Japanese,none,2024-12-29
11839,35-44,Eilat,Thai,none,2024-01-27
11840,35-44,Givatayim,Japanese,gluten_free,2025-05-28
11841,55+,Petah Tikva,Vegan,gluten_free,2025-04-23
11842,25-34,Rishon LeZion,Vegan,gluten_free,2025-01-02
11843,25-34,Beer Sheva,Japanese,vegetarian,2024-10-24
11844,35-44,Kfar Saba,Pizza,none,2024-12-04
11845,55+,Netanya,Asian,gluten_free,2024-02-29
11846,25-34,Jerusalem,Pizza,halal,2023-05-06
11847,55+,Haifa,Seafood,vegetarian,2023-04-18
11848,18-24,Rishon LeZion,Indian,low_carb,2023-08-11
11849,18-24,Herzliya,Asian,none,2024-10-01
11850,45-54,Ramat Gan,Israeli,kosher,2024-08-19
11851,18-24,Ramat Gan,Vegan,halal,2025-05-03
11852,18-24,Eilat,Japanese,vegetarian,2023-10-07
11853,25-34,Petah Tikva,Mediterranean,vegetarian,2024-10-23
11854,35-44,Kfar Saba,Vegan,vegan,2023-12-08
11855,18-24,Rishon LeZion,Vegan,low_carb,2025-03-28
11856,25-34,Jerusalem,Seafood,none,2023-08-17
11857,45-54,Kfar Saba,Vegan,kosher,2024-08-10
11858,45-54,Givatayim,Vegan,low_carb,2024-02-07
11859,18-24,Ashdod,Israeli,halal,2023-09-19
11860,18-24,Haifa,Italian,low_carb,2024-09-20
11861,18-24,Eilat,Indian,halal,2024-05-08
11862,25-34,Haifa,Mediterranean,kosher,2023-10-31
11863,25-34,Netanya,Israeli,kosher,2023-05-14
11864,35-44,Tel Aviv,Seafood,vegan,2024-03-11
11865,45-54,Jerusalem,Thai,kosher,2024-05-07
11866,25-34,Beer Sheva,Cafe,vegetarian,2023-07-22
11867,18-24,Netanya,Mediterranean,gluten_free,2024-12-29
11868,25-34,Rehovot,Burger,none,2023-06-13
11869,55+,Petah Tikva,Japanese,halal,2025-01-06
11870,35-44,Givatayim,Indian,vegan,2025-09-15
11871,25-34,Beer Sheva,Japanese,gluten_free,2023-08-04
11872,35-44,Tel Aviv,Asian,vegan,2023-09-05
11873,25-34,Netanya,Japanese,kosher,2023-07-03
11874,25-34,Beer Sheva,Seafood,vegan,2024-12-21
11875,25-34,Holon,Seafood,none,2024-02-13
11876,18-24,Netanya,Cafe,vegan,2025-03-05
11877,35-44,Beer Sheva,Indian,gluten_free,2024-06-10
11878,25-34,Jerusalem,Cafe,low_carb,2024-04-20
11879,45-54,Eilat,Asian,none,2024-01-20
11880,18-24,Petah Tikva,Sushi,low_carb,2025-03-07
11881,25-34,Kfar Saba,Asian,vegan,2025-04-27
11882,18-24,Tel Aviv,Pizza,gluten_free,2024-12-17
11883,18-24,Holon,Mediterranean,kosher,2023-12-23
11884,18-24,Ramat Gan,Mediterranean,kosher,2025-07-03
11885,55+,Ramat Gan,Thai,gluten_free,2023-10-06
11886,18-24,Ramat Gan,Burger,vegan,2023-07-13
11887,55+,Ramat Gan,Indian,vegan,2024-01-15
11888,18-24,Rishon LeZion,Vegan,halal,2024-08-04
11889,45-54,Givatayim,Japanese,gluten_free,2024-08-08
11890,55+,Petah Tikva,Seafood,vegan,2023-12-06
11891,55+,Herzliya,Burger,gluten_free,2023-06-16
11892,45-54,Ashdod,Thai,vegetarian,2024-10-08
11893,55+,Petah Tikva,Indian,none,2024-08-24
11894,18-24,Rehovot,Indian,vegetarian,2025-01-07
11895,35-44,Tel Aviv,Mediterranean,kosher,2025-02-05
11896,45-54,Beer Sheva,Thai,vegan,2024-05-30
11897,18-24,Beer Sheva,Greek,gluten_free,2023-07-27
11898,45-54,Holon,Indian,vegetarian,2024-04-02
11899,45-54,Rehovot,Italian,vegetarian,2023-10-07
11900,45-54,Petah Tikva,Sushi,vegan,2023-10-27
11901,45-54,Beer Sheva,Mexican,none,2023-02-02
11902,25-34,Kfar Saba,Israeli,low_carb,2024-08-04
11903,35-44,Ashdod,Sushi,none,2024-02-24
11904,25-34,Givatayim,Burger,none,2025-06-24
11905,45-54,Tel Aviv,Cafe,kosher,2025-09-22
11906,25-34,Beer Sheva,Sushi,vegan,2024-11-19
11907,25-34,Tel Aviv,Steakhouse,none,2023-10-17
11908,25-34,Jerusalem,Burger,vegetarian,2025-09-07
11909,45-54,Givatayim,Vegan,none,2025-07-30
11910,55+,Holon,Israeli,kosher,2024-02-05
11911,18-24,Rishon LeZion,Mexican,gluten_free,2025-09-06
11912,18-24,Holon,Greek,kosher,2023-08-14
11913,35-44,Holon,Seafood,none,2024-01-07
11914,35-44,Rishon LeZion,Steakhouse,kosher,2024-09-08
11915,25-34,Herzliya,Burger,vegan,2025-05-09
11916,45-54,Netanya,Greek,vegetarian,2024-06-09
11917,35-44,Petah Tikva,Israeli,gluten_free,2023-11-21
11918,45-54,Holon,Greek,none,2023-01-05
11919,35-44,Ashdod,Burger,none,2024-12-17
11920,18-24,Tel Aviv,Sushi,halal,2023-09-22
11921,55+,Kfar Saba,Sushi,gluten_free,2023-05-11
11922,18-24,Jerusalem,Cafe,low_carb,2023-08-24
11923,45-54,Ramat Gan,Cafe,halal,2024-05-21
11924,18-24,Haifa,Vegan,vegetarian,2024-02-29
11925,25-34,Beer Sheva,Vegan,none,2024-02-11
11926,35-44,Netanya,Italian,halal,2023-06-05
11927,45-54,Ashdod,Burger,none,2023-03-17
11928,35-44,Holon,Sushi,vegan,2025-07-17
11929,25-34,Holon,Cafe,gluten_free,2024-10-19
11930,35-44,Haifa,Mediterranean,gluten_free,2023-05-13
11931,35-44,Rehovot,Burger,gluten_free,2024-11-25
11932,55+,Rehovot,Burger,none,2023-03-31
11933,55+,Eilat,Pizza,none,2025-04-28
11934,35-44,Petah Tikva,Asian,none,2025-03-13
11935,55+,Beer Sheva,Italian,kosher,2023-01-18
11936,18-24,Herzliya,Indian,gluten_free,2024-07-22
11937,35-44,Haifa,Steakhouse,none,2024-09-29
11938,18-24,Herzliya,Burger,low_carb,2025-05-20
11939,45-54,Petah Tikva,Mediterranean,low_carb,2023-02-26
11940,25-34,Beer Sheva,Sushi,gluten_free,2024-08-06
11941,55+,Haifa,Mexican,low_carb,2024-06-30
11942,35-44,Tel Aviv,Seafood,halal,2023-06-06
11943,45-54,Ramat Gan,Cafe,none,2023-07-25
11944,18-24,Tel Aviv,Vegan,low_carb,2024-11-16
11945,35-44,Netanya,Steakhouse,kosher,2025-01-03
11946,45-54,Rehovot,Sushi,halal,2024-08-26
11947,25-34,Rishon LeZion,Thai,gluten_free,2024-04-09
11948,18-24,Kfar Saba,Pizza,low_carb,2024-06-09
11949,18-24,Jerusalem,Mexican,gluten_free,2025-07-24
11950,35-44,Eilat,Vegan,none,2023-09-11
11951,25-34,Beer Sheva,Mediterranean,none,2024-09-14
11952,18-24,Rehovot,Pizza,vegan,2023-03-17
11953,25-34,Kfar Saba,Israeli,none,2024-10-30
11954,35-44,Givatayim,Cafe,gluten_free,2024-01-02
11955,55+,Haifa,Mediterranean,vegetarian,2025-04-27
11956,35-44,Givatayim,Seafood,gluten_free,2024-07-14
11957,45-54,Beer Sheva,Greek,halal,2024-03-22
11958,45-54,Beer Sheva,Seafood,gluten_free,2025-02-03
11959,25-34,Holon,Asian,halal,2023-10-16
11960,18-24,Petah Tikva,Burger,none,2025-04-15
11961,45-54,Netanya,Greek,vegetarian,2024-09-29
11962,45-54,Eilat,Italian,kosher,2025-09-19
11963,35-44,Haifa,Thai,low_carb,2024-02-03
11964,55+,Herzliya,Israeli,gluten_free,2023-01-10
11965,35-44,Beer Sheva,Italian,vegan,2025-01-05
11966,55+,Haifa,Indian,kosher,2023-06-08
11967,35-44,Rishon LeZion,Israeli,halal,2025-03-06
11968,45-54,Haifa,Vegan,gluten_free,2023-02-19
11969,18-24,Holon,Mediterranean,kosher,2025-06-27
11970,25-34,Rishon LeZion,Italian,none,2024-04-22
11971,35-44,Givatayim,Pizza,gluten_free,2024-09-30
11972,25-34,Ramat Gan,Seafood,gluten_free,2025-08-20
11973,45-54,Rishon LeZion,Indian,vegan,2023-06-27
11974,18-24,Kfar Saba,Steakhouse,halal,2025-03-29
11975,25-34,Givatayim,Asian,none,2025-09-19
11976,25-34,Ashdod,Indian,vegan,2024-01-24
11977,55+,Rehovot,Thai,kosher,2024-09-02
11978,35-44,Tel Aviv,Asian,vegan,2024-03-29
11979,55+,Kfar Saba,Italian,vegetarian,2023-10-04
11980,45-54,Herzliya,Seafood,none,2025-09-04
11981,25-34,Beer Sheva,Mexican,kosher,2023-06-25
11982,25-34,Petah Tikva,Mediterranean,halal,2023-10-09
11983,55+,Netanya,Vegan,kosher,2025-07-26
11984,35-44,Kfar Saba,Sushi,halal,2024-03-20
11985,25-34,Holon,Steakhouse,vegetarian,2025-03-27
11986,25-34,Netanya,Israeli,vegetarian,2024-02-29
11987,25-34,Eilat,Cafe,vegetarian,2025-06-17
11988,55+,Kfar Saba,Italian,kosher,2023-09-09
11989,35-44,Rehovot,Mexican,kosher,2023-10-19
11990,45-54,Petah Tikva,Japanese,low_carb,2025-09-26
11991,55+,Givatayim,Italian,gluten_free,2025-02-11
11992,55+,Jerusalem,Italian,vegetarian,2024-10-24
11993,18-24,Netanya,Italian,halal,2025-01-26
11994,55+,Haifa,Steakhouse,kosher,2023-04-19
11995,18-24,Ashdod,Mexican,kosher,2023-10-05
11996,35-44,Eilat,Israeli,gluten_free,2023-10-07
11997,55+,Netanya,Vegan,vegan,2024-09-03
11998,55+,Jerusalem,Pizza,vegetarian,2024-03-10
11999,18-24,Ramat Gan,Mediterranean,halal,2024-10-27
12000,45-54,Ramat Gan,Burger,vegan,2023-03-02
12001,25-34,Beer Sheva,Israeli,gluten_free,2023-05-10
12002,45-54,Rehovot,Indian,halal,2025-03-30
12003,45-54,Haifa,Japanese,kosher,2024-11-27
12004,25-34,Tel Aviv,Israeli,low_carb,2025-03-23
12005,45-54,Ashdod,Japanese,gluten_free,2025-01-31
12006,55+,Ashdod,Greek,none,2023-06-27
12007,45-54,Ashdod,Asian,low_carb,2024-04-10
12008,35-44,Herzliya,Thai,vegetarian,2023-11-28
12009,18-24,Tel Aviv,Vegan,gluten_free,2023-02-23
12010,35-44,Rehovot,Pizza,kosher,2025-06-25
12011,18-24,Eilat,Japanese,vegan,2024-04-17
12012,25-34,Rehovot,Pizza,none,2024-10-15
12013,25-34,Haifa,Greek,vegetarian,2023-04-10
12014,45-54,Netanya,Mediterranean,vegan,2024-10-14
12015,18-24,Rehovot,Vegan,vegetarian,2025-07-03
12016,18-24,Rishon LeZion,Steakhouse,low_carb,2024-08-14
12017,55+,Rishon LeZion,Steakhouse,kosher,2023-11-12
12018,45-54,Ashdod,Indian,low_carb,2023-12-10
12019,35-44,Eilat,Mediterranean,kosher,2023-10-16
12020,25-34,Herzliya,Pizza,vegetarian,2023-03-28
12021,35-44,Petah Tikva,Indian,none,2024-12-29
12022,55+,Kfar Saba,Burger,gluten_free,2023-06-09
12023,55+,Petah Tikva,Israeli,kosher,2025-08-10
12024,25-34,Rishon LeZion,Seafood,none,2023-09-02
12025,55+,Ramat Gan,Indian,gluten_free,2024-10-31
12026,35-44,Haifa,Greek,halal,2024-07-08
12027,25-34,Eilat,Asian,gluten_free,2024-03-26
12028,18-24,Herzliya,Japanese,halal,2024-06-16
12029,18-24,Kfar Saba,Indian,gluten_free,2024-10-28
12030,18-24,Eilat,Vegan,low_carb,2024-06-03
12031,18-24,Ramat Gan,Mediterranean,gluten_free,2024-09-07
12032,45-54,Petah Tikva,Asian,gluten_free,2025-02-07
12033,18-24,Ashdod,Pizza,gluten_free,2023-06-21
12034,45-54,Haifa,Thai,vegetarian,2024-09-03
12035,35-44,Netanya,Burger,vegetarian,2024-08-07
12036,35-44,Eilat,Greek,none,2024-02-23
12037,45-54,Rehovot,Cafe,vegetarian,2025-08-16
12038,45-54,Tel Aviv,Cafe,kosher,2024-09-15
12039,45-54,Holon,Mediterranean,vegan,2025-07-03
12040,18-24,Kfar Saba,Seafood,kosher,2024-12-01
12041,25-34,Herzliya,Pizza,halal,2025-01-29
12042,25-34,Haifa,Pizza,halal,2023-04-08
12043,25-34,Ramat Gan,Asian,halal,2023-12-09
12044,55+,Jerusalem,Israeli,vegetarian,2024-10-07
12045,25-34,Beer Sheva,Vegan,none,2024-03-25
12046,35-44,Jerusalem,Thai,halal,2024-06-24
12047,18-24,Ramat Gan,Cafe,vegetarian,2024-10-05
12048,55+,Jerusalem,Italian,none,2024-03-24
12049,45-54,Kfar Saba,Steakhouse,vegan,2024-07-16
12050,55+,Ramat Gan,Italian,kosher,2024-12-24
12051,55+,Beer Sheva,Italian,kosher,2023-03-30
12052,45-54,Givatayim,Vegan,low_carb,2023-08-13
12053,35-44,Rehovot,Burger,vegan,2023-03-24
12054,55+,Netanya,Indian,low_carb,2024-09-16
12055,25-34,Holon,Thai,vegetarian,2023-10-04
12056,25-34,Rishon LeZion,Pizza,vegan,2025-02-16
12057,45-54,Petah Tikva,Greek,gluten_free,2024-01-23
12058,25-34,Ramat Gan,Burger,halal,2023-03-06
12059,45-54,Ramat Gan,Mediterranean,none,2024-10-09
12060,35-44,Ashdod,Thai,low_carb,2024-07-04
12061,35-44,Givatayim,Cafe,low_carb,2024-01-20
12062,25-34,Holon,Indian,vegan,2023-08-09
12063,25-34,Ashdod,Burger,halal,2023-02-16
12064,18-24,Ramat Gan,Mediterranean,kosher,2024-02-29
12065,55+,Petah Tikva,Burger,low_carb,2023-11-10
12066,45-54,Eilat,Japanese,vegan,2025-04-09
12067,35-44,Beer Sheva,Israeli,vegetarian,2024-08-07
12068,55+,Netanya,Mexican,vegetarian,2025-01-30
12069,55+,Herzliya,Pizza,halal,2024-05-02
12070,55+,Eilat,Mediterranean,kosher,2024-11-17
12071,55+,Givatayim,Burger,kosher,2023-06-03
12072,25-34,Tel Aviv,Mediterranean,low_carb,2024-05-18
12073,35-44,Rehovot,Thai,halal,2025-06-09
12074,45-54,Givatayim,Israeli,vegetarian,2024-05-08
12075,25-34,Rehovot,Sushi,vegetarian,2024-06-30
12076,18-24,Eilat,Sushi,none,2024-05-07
12077,25-34,Eilat,Italian,vegetarian,2023-07-27
12078,35-44,Haifa,Cafe,vegetarian,2025-04-23
12079,55+,Ramat Gan,Israeli,vegetarian,2025-04-25
12080,35-44,Holon,Israeli,low_carb,2023-01-15
12081,55+,Kfar Saba,Vegan,vegetarian,2024-04-02
12082,18-24,Ashdod,Greek,halal,2023-08-24
12083,45-54,Rishon LeZion,Burger,vegetarian,2025-07-30
12084,35-44,Beer Sheva,Burger,none,2023-03-03
12085,18-24,Rehovot,Vegan,vegetarian,2023-03-13
12086,35-44,Rishon LeZion,Italian,vegan,2025-08-05
12087,25-34,Tel Aviv,Thai,gluten_free,2024-03-28
12088,55+,Givatayim,Indian,low_carb,2025-03-01
12089,55+,Ashdod,Japanese,gluten_free,2024-12-23
12090,45-54,Eilat,Mediterranean,low_carb,2024-12-02
12091,55+,Beer Sheva,Israeli,none,2023-05-26
12092,35-44,Tel Aviv,Indian,vegan,2025-05-12
12093,35-44,Ramat Gan,Vegan,kosher,2024-03-23
12094,18-24,Givatayim,Greek,vegan,2025-05-11
12095,45-54,Herzliya,Thai,vegetarian,2025-03-22
12096,18-24,Ramat Gan,Pizza,low_carb,2024-08-01
12097,25-34,Rehovot,Japanese,low_carb,2024-01-23
12098,55+,Holon,Vegan,none,2025-08-06
12099,35-44,Herzliya,Cafe,gluten_free,2023-05-10
12100,45-54,Haifa,Japanese,none,2024-02-21
12101,45-54,Kfar Saba,Burger,none,2023-07-02
12102,55+,Jerusalem,Thai,vegan,2025-08-13
12103,55+,Eilat,Steakhouse,vegetarian,2024-02-22
12104,45-54,Jerusalem,Italian,vegan,2024-02-16
12105,25-34,Ashdod,Italian,vegetarian,2023-02-04
12106,18-24,Jerusalem,Thai,low_carb,2024-01-20
12107,45-54,Kfar Saba,Pizza,low_carb,2023-11-04
12108,25-34,Jerusalem,Greek,gluten_free,2025-04-06
12109,45-54,Petah Tikva,Pizza,vegetarian,2025-02-23
12110,35-44,Tel Aviv,Mediterranean,none,2023-11-06
12111,18-24,Rehovot,Seafood,kosher,2025-03-12
12112,18-24,Petah Tikva,Greek,halal,2024-12-30
12113,25-34,Beer Sheva,Steakhouse,kosher,2025-05-17
12114,55+,Ashdod,Mexican,none,2025-06-21
12115,45-54,Ashdod,Italian,gluten_free,2025-07-18
12116,35-44,Ramat Gan,Steakhouse,low_carb,2025-01-26
12117,18-24,Petah Tikva,Indian,low_carb,2023-11-12
12118,25-34,Herzliya,Vegan,halal,2024-07-17
12119,25-34,Petah Tikva,Greek,halal,2023-01-06
12120,35-44,Givatayim,Sushi,halal,2024-08-20
12121,25-34,Ashdod,Pizza,halal,2025-04-16
12122,35-44,Haifa,Greek,kosher,2023-01-23
12123,35-44,Petah Tikva,Steakhouse,none,2025-05-23
12124,45-54,Ashdod,Indian,low_carb,2023-11-15
12125,25-34,Tel Aviv,Burger,low_carb,2025-04-26
12126,55+,Ramat Gan,Vegan,vegetarian,2025-09-08
12127,55+,Tel Aviv,Italian,kosher,2024-07-16
12128,25-34,Rishon LeZion,Cafe,low_carb,2024-06-23
12129,55+,Ashdod,Steakhouse,gluten_free,2024-06-09
12130,35-44,Rehovot,Italian,low_carb,2024-05-20
12131,35-44,Ramat Gan,Burger,low_carb,2023-04-10
12132,55+,Kfar Saba,Sushi,vegan,2023-01-03
12133,45-54,Haifa,Pizza,low_carb,2025-09-04
12134,25-34,Ashdod,Thai,halal,2024-08-06
12135,18-24,Netanya,Mexican,vegetarian,2025-06-21
12136,55+,Herzliya,Cafe,none,2024-01-19
12137,18-24,Tel Aviv,Thai,vegetarian,2023-11-30
12138,18-24,Rishon LeZion,Israeli,kosher,2023-11-18
12139,55+,Haifa,Vegan,kosher,2024-12-29
12140,18-24,Eilat,Cafe,none,2023-11-20
12141,35-44,Ramat Gan,Mexican,vegetarian,2025-03-16
12142,18-24,Ashdod,Pizza,halal,2025-03-22
12143,25-34,Ramat Gan,Mexican,none,2025-01-26
12144,18-24,Netanya,Indian,kosher,2023-04-04
12145,18-24,Tel Aviv,Japanese,kosher,2025-06-20
12146,35-44,Jerusalem,Mexican,halal,2025-03-30
12147,45-54,Herzliya,Italian,low_carb,2025-03-25
12148,18-24,Netanya,Seafood,halal,2024-07-28
12149,45-54,Haifa,Steakhouse,low_carb,2023-09-16
12150,35-44,Givatayim,Mexican,gluten_free,2023-06-22
12151,55+,Herzliya,Mexican,none,2025-08-10
12152,45-54,Netanya,Greek,vegetarian,2023-12-05
12153,25-34,Haifa,Burger,none,2024-02-07
12154,25-34,Ashdod,Seafood,vegetarian,2023-09-19
12155,45-54,Netanya,Sushi,none,2024-05-07
12156,55+,Jerusalem,Sushi,none,2023-12-03
12157,35-44,Jerusalem,Vegan,gluten_free,2025-05-13
12158,35-44,Petah Tikva,Pizza,gluten_free,2024-06-19
12159,25-34,Rehovot,Thai,vegetarian,2025-02-11
12160,55+,Eilat,Mediterranean,gluten_free,2025-08-26
12161,35-44,Haifa,Vegan,vegan,2023-10-10
12162,45-54,Rishon LeZion,Indian,vegetarian,2023-08-18
12163,45-54,Jerusalem,Mexican,vegan,2024-05-23
12164,35-44,Holon,Mexican,vegan,2023-09-27
12165,45-54,Rehovot,Steakhouse,none,2024-05-30
12166,55+,Beer Sheva,Thai,halal,2024-08-05
12167,25-34,Petah Tikva,Greek,vegetarian,2024-05-29
12168,35-44,Rishon LeZion,Israeli,gluten_free,2025-06-22
12169,35-44,Holon,Sushi,vegan,2025-01-13
12170,55+,Herzliya,Israeli,vegan,2025-04-29
12171,18-24,Ashdod,Thai,gluten_free,2024-04-16
12172,55+,Netanya,Burger,halal,2024-05-07
12173,18-24,Rishon LeZion,Mexican,vegetarian,2025-07-10
12174,18-24,Kfar Saba,Burger,vegetarian,2023-07-17
12175,25-34,Herzliya,Asian,none,2024-01-26
12176,35-44,Herzliya,Thai,kosher,2025-05-24
12177,55+,Ashdod,Greek,low_carb,2023-02-22
12178,35-44,Eilat,Italian,halal,2023-05-20
12179,35-44,Jerusalem,Israeli,none,2023-10-21
12180,45-54,Herzliya,Steakhouse,none,2023-02-11
12181,35-44,Ashdod,Vegan,low_carb,2023-07-31
12182,55+,Ashdod,Pizza,low_carb,2023-09-04
12183,45-54,Jerusalem,Asian,halal,2024-07-28
12184,45-54,Haifa,Asian,kosher,2025-01-22
12185,18-24,Beer Sheva,Mexican,vegetarian,2025-04-02
12186,55+,Ashdod,Cafe,gluten_free,2023-10-30
12187,35-44,Netanya,Indian,gluten_free,2024-09-22
12188,55+,Beer Sheva,Burger,kosher,2023-12-07
12189,55+,Ashdod,Seafood,none,2023-12-10
12190,35-44,Holon,Japanese,gluten_free,2025-05-16
12191,35-44,Tel Aviv,Israeli,kosher,2023-02-26
12192,25-34,Holon,Mediterranean,vegetarian,2023-10-20
12193,45-54,Tel Aviv,Steakhouse,gluten_free,2024-01-16
12194,55+,Givatayim,Seafood,vegan,2024-06-04
12195,55+,Beer Sheva,Mexican,vegan,2025-04-26
12196,35-44,Tel Aviv,Seafood,kosher,2024-11-01
12197,18-24,Holon,Mediterranean,kosher,2024-02-12
12198,55+,Petah Tikva,Thai,halal,2024-12-10
12199,35-44,Netanya,Burger,none,2025-09-13
12200,25-34,Netanya,Indian,halal,2023-01-03
12201,25-34,Herzliya,Asian,halal,2023-01-04
12202,35-44,Ramat Gan,Vegan,vegetarian,2023-09-12
12203,18-24,Ashdod,Indian,halal,2025-02-19
12204,35-44,Herzliya,Burger,low_carb,2024-07-01
12205,45-54,Rehovot,Mexican,none,2023-05-07
12206,18-24,Ashdod,Thai,low_carb,2024-10-09
12207,35-44,Netanya,Sushi,halal,2025-09-24
12208,25-34,Kfar Saba,Burger,low_carb,2024-07-21
12209,18-24,Jerusalem,Asian,gluten_free,2024-09-25
12210,18-24,Givatayim,Asian,gluten_free,2024-10-28
12211,35-44,Netanya,Seafood,none,2024-01-31
12212,45-54,Petah Tikva,Israeli,vegetarian,2024-04-04
12213,18-24,Petah Tikva,Burger,low_carb,2024-02-19
12214,18-24,Ashdod,Steakhouse,gluten_free,2023-01-29
12215,25-34,Netanya,Mexican,vegan,2024-10-10
12216,25-34,Tel Aviv,Japanese,vegetarian,2023-04-09
12217,45-54,Givatayim,Vegan,vegan,2023-01-20
12218,55+,Givatayim,Mexican,none,2024-10-10
12219,18-24,Haifa,Mediterranean,vegan,2024-07-11
12220,55+,Petah Tikva,Asian,none,2023-07-26
12221,55+,Givatayim,Israeli,low_carb,2024-02-02
12222,35-44,Tel Aviv,Japanese,kosher,2025-07-10
12223,45-54,Beer Sheva,Japanese,gluten_free,2024-07-27
12224,55+,Petah Tikva,Asian,none,2023-10-15
12225,35-44,Givatayim,Seafood,none,2024-12-22
12226,45-54,Givatayim,Israeli,low_carb,2025-06-24
12227,35-44,Jerusalem,Sushi,low_carb,2025-01-23
12228,18-24,Tel Aviv,Asian,vegetarian,2025-06-06
12229,18-24,Rehovot,Seafood,gluten_free,2024-08-09
12230,45-54,Kfar Saba,Thai,none,2025-08-15
12231,55+,Netanya,Thai,vegan,2023-11-25
12232,18-24,Jerusalem,Mexican,low_carb,2024-02-22
12233,25-34,Herzliya,Burger,low_carb,2024-09-16
12234,18-24,Jerusalem,Indian,gluten_free,2023-05-06
12235,25-34,Rishon LeZion,Asian,gluten_free,2024-05-17
12236,25-34,Rehovot,Mediterranean,vegan,2023-02-09
12237,45-54,Givatayim,Vegan,kosher,2025-03-20
12238,35-44,Jerusalem,Cafe,vegetarian,2024-10-05
12239,25-34,Kfar Saba,Sushi,none,2023-04-21
12240,35-44,Kfar Saba,Pizza,kosher,2024-02-22
12241,45-54,Haifa,Pizza,vegetarian,2025-05-21
12242,18-24,Tel Aviv,Israeli,none,2023-09-21
12243,25-34,Petah Tikva,Steakhouse,low_carb,2024-02-19
12244,55+,Petah Tikva,Seafood,halal,2023-11-23
12245,25-34,Petah Tikva,Israeli,none,2025-06-21
12246,18-24,Beer Sheva,Mexican,kosher,2024-04-10
12247,25-34,Tel Aviv,Burger,halal,2025-03-19
12248,25-34,Rishon LeZion,Sushi,gluten_free,2025-06-17
12249,45-54,Ramat Gan,Pizza,none,2023-09-11
12250,25-34,Jerusalem,Asian,vegetarian,2025-07-24
12251,25-34,Petah Tikva,Seafood,vegetarian,2023-12-11
12252,45-54,Herzliya,Indian,vegan,2023-04-08
12253,45-54,Holon,Greek,halal,2023-05-06
12254,35-44,Haifa,Indian,gluten_free,2025-02-03
12255,55+,Ramat Gan,Burger,low_carb,2023-05-27
12256,18-24,Eilat,Burger,halal,2024-08-11
12257,55+,Rehovot,Israeli,kosher,2023-04-19
12258,18-24,Jerusalem,Steakhouse,gluten_free,2023-06-25
12259,18-24,Netanya,Israeli,halal,2024-05-28
12260,18-24,Herzliya,Greek,vegan,2024-01-12
12261,35-44,Eilat,Pizza,gluten_free,2023-08-19
12262,18-24,Petah Tikva,Burger,vegan,2023-10-13
12263,18-24,Tel Aviv,Vegan,kosher,2023-07-13
12264,18-24,Tel Aviv,Thai,vegetarian,2025-04-02
12265,45-54,Netanya,Mexican,kosher,2024-09-22
12266,45-54,Ashdod,Burger,gluten_free,2023-09-19
12267,18-24,Givatayim,Israeli,halal,2025-02-04
12268,35-44,Haifa,Mediterranean,none,2023-07-14
12269,35-44,Rishon LeZion,Burger,none,2024-03-15
12270,18-24,Eilat,Thai,gluten_free,2023-08-19
12271,25-34,Petah Tikva,Seafood,kosher,2023-09-04
12272,45-54,Petah Tikva,Israeli,low_carb,2025-07-10
12273,25-34,Rehovot,Israeli,vegan,2023-06-10
12274,45-54,Rehovot,Japanese,low_carb,2025-02-23
12275,18-24,Ramat Gan,Vegan,none,2025-01-24
12276,25-34,Beer Sheva,Sushi,kosher,2025-01-26
12277,55+,Beer Sheva,Vegan,halal,2025-06-09
12278,55+,Rehovot,Mexican,none,2023-09-09
12279,25-34,Jerusalem,Steakhouse,halal,2024-01-10
12280,25-34,Rehovot,Thai,none,2023-03-28
12281,18-24,Ramat Gan,Burger,low_carb,2023-11-06
12282,35-44,Jerusalem,Vegan,halal,2023-07-13
12283,45-54,Eilat,Seafood,kosher,2025-03-02
12284,18-24,Ramat Gan,Indian,vegetarian,2024-05-17
12285,55+,Beer Sheva,Sushi,gluten_free,2025-05-26
12286,45-54,Haifa,Sushi,kosher,2023-08-10
12287,25-34,Petah Tikva,Italian,gluten_free,2024-07-11
12288,18-24,Netanya,Seafood,low_carb,2025-05-04
12289,55+,Herzliya,Seafood,vegetarian,2023-01-04
12290,25-34,Rehovot,Vegan,vegetarian,2024-05-28
12291,25-34,Rehovot,Burger,vegan,2025-02-27
12292,45-54,Kfar Saba,Steakhouse,low_carb,2025-07-08
12293,25-34,Ashdod,Italian,vegan,2024-05-06
12294,25-34,Tel Aviv,Greek,halal,2024-04-12
12295,25-34,Ashdod,Mexican,vegetarian,2024-07-05
12296,35-44,Beer Sheva,Mediterranean,low_carb,2025-06-12
12297,18-24,Tel Aviv,Thai,none,2024-08-06
12298,55+,Kfar Saba,Sushi,vegan,2023-04-17
12299,45-54,Herzliya,Vegan,low_carb,2023-08-10
12300,35-44,Petah Tikva,Thai,none,2023-01-02
12301,25-34,Ashdod,Pizza,gluten_free,2023-08-22
12302,45-54,Givatayim,Pizza,vegetarian,2025-06-09
12303,25-34,Netanya,Cafe,vegan,2023-05-08
12304,18-24,Ashdod,Indian,kosher,2024-03-20
12305,25-34,Rehovot,Mexican,halal,2024-11-01
12306,45-54,Givatayim,Sushi,vegan,2024-06-11
12307,25-34,Petah Tikva,Mexican,halal,2023-05-15
12308,45-54,Beer Sheva,Mexican,kosher,2023-12-15
12309,55+,Holon,Japanese,halal,2025-07-12
12310,35-44,Rehovot,Greek,halal,2024-09-23
12311,35-44,Ramat Gan,Pizza,none,2024-09-20
12312,25-34,Jerusalem,Sushi,gluten_free,2025-09-01
12313,45-54,Ashdod,Japanese,vegetarian,2025-06-02
12314,55+,Rehovot,Mexican,low_carb,2023-05-18
12315,35-44,Petah Tikva,Vegan,halal,2024-10-30
12316,45-54,Kfar Saba,Mexican,kosher,2023-02-21
12317,45-54,Holon,Sushi,low_carb,2024-12-11
12318,55+,Eilat,Steakhouse,vegan,2023-08-24
12319,55+,Haifa,Vegan,halal,2024-04-19
12320,35-44,Rishon LeZion,Indian,vegetarian,2025-02-26
12321,55+,Eilat,Pizza,none,2024-11-18
12322,18-24,Beer Sheva,Vegan,none,2024-01-12
12323,35-44,Petah Tikva,Greek,vegan,2023-11-01
12324,55+,Rishon LeZion,Israeli,kosher,2024-02-26
12325,35-44,Tel Aviv,Steakhouse,none,2023-12-18
12326,45-54,Eilat,Mediterranean,none,2024-10-29
12327,25-34,Rishon LeZion,Pizza,halal,2024-02-06
12328,18-24,Herzliya,Italian,gluten_free,2024-07-18
12329,25-34,Jerusalem,Indian,none,2024-11-30
12330,18-24,Herzliya,Italian,halal,2023-06-07
12331,55+,Herzliya,Burger,vegetarian,2024-02-17
12332,18-24,Herzliya,Asian,none,2025-01-17
12333,25-34,Rishon LeZion,Sushi,halal,2024-04-14
12334,45-54,Haifa,Cafe,none,2023-11-09
12335,45-54,Ramat Gan,Pizza,halal,2023-08-11
12336,55+,Petah Tikva,Mediterranean,gluten_free,2025-02-18
12337,55+,Rishon LeZion,Sushi,none,2025-03-18
12338,18-24,Netanya,Seafood,none,2023-09-19
12339,25-34,Givatayim,Japanese,vegan,2024-03-20
12340,55+,Holon,Mediterranean,gluten_free,2024-01-21
12341,25-34,Herzliya,Israeli,none,2024-05-17
12342,18-24,Ashdod,Thai,vegetarian,2024-07-18
12343,25-34,Eilat,Mexican,halal,2024-05-30
12344,18-24,Holon,Cafe,vegetarian,2023-06-24
12345,35-44,Eilat,Thai,kosher,2024-07-31
12346,18-24,Herzliya,Mediterranean,gluten_free,2025-04-04
12347,35-44,Ashdod,Cafe,gluten_free,2023-11-03
12348,35-44,Rehovot,Mediterranean,low_carb,2024-05-12
12349,55+,Rehovot,Thai,halal,2024-03-07
12350,25-34,Herzliya,Pizza,low_carb,2024-10-31
12351,25-34,Herzliya,Burger,kosher,2023-12-28
12352,25-34,Petah Tikva,Asian,halal,2024-03-24
12353,18-24,Netanya,Pizza,kosher,2023-12-26
12354,45-54,Beer Sheva,Israeli,kosher,2024-08-20
12355,25-34,Herzliya,Mexican,none,2025-08-08
12356,25-34,Petah Tikva,Sushi,vegetarian,2023-04-30
12357,35-44,Haifa,Mexican,kosher,2024-01-30
12358,55+,Beer Sheva,Indian,low_carb,2024-11-26
12359,45-54,Herzliya,Sushi,none,2024-09-14
12360,18-24,Herzliya,Burger,kosher,2023-08-28
12361,25-34,Ashdod,Italian,gluten_free,2023-04-17
12362,45-54,Kfar Saba,Japanese,halal,2025-03-10
12363,18-24,Givatayim,Italian,low_carb,2023-07-21
12364,45-54,Haifa,Burger,gluten_free,2023-03-20
12365,35-44,Ramat Gan,Burger,gluten_free,2024-11-13
12366,25-34,Ashdod,Seafood,gluten_free,2025-08-19
12367,45-54,Jerusalem,Asian,gluten_free,2025-03-12
12368,35-44,Beer Sheva,Sushi,vegetarian,2025-04-23
12369,45-54,Herzliya,Pizza,vegan,2023-08-08
12370,25-34,Herzliya,Cafe,vegan,2025-06-02
12371,45-54,Haifa,Mexican,gluten_free,2024-05-06
12372,45-54,Kfar Saba,Mediterranean,halal,2023-10-10
12373,18-24,Herzliya,Greek,vegan,2024-02-21
12374,55+,Holon,Italian,none,2025-07-01
12375,35-44,Netanya,Israeli,gluten_free,2024-05-20
12376,18-24,Beer Sheva,Thai,none,2025-04-29
12377,18-24,Ashdod,Sushi,gluten_free,2023-10-24
12378,18-24,Herzliya,Thai,halal,2023-12-02
12379,18-24,Tel Aviv,Israeli,kosher,2025-02-20
12380,35-44,Rishon LeZion,Italian,gluten_free,2024-05-13
12381,25-34,Beer Sheva,Mediterranean,gluten_free,2023-04-16
12382,18-24,Netanya,Burger,none,2025-08-06
12383,45-54,Netanya,Steakhouse,vegan,2024-09-28
12384,35-44,Haifa,Cafe,kosher,2023-12-18
12385,55+,Kfar Saba,Italian,vegetarian,2025-06-04
12386,25-34,Kfar Saba,Mexican,kosher,2023-05-23
12387,25-34,Ashdod,Vegan,none,2025-02-01
12388,35-44,Rehovot,Sushi,none,2024-06-13
12389,35-44,Givatayim,Thai,low_carb,2025-08-25
12390,55+,Jerusalem,Sushi,none,2025-03-16
12391,55+,Eilat,Sushi,vegan,2023-08-29
12392,45-54,Jerusalem,Indian,vegetarian,2024-11-27
12393,45-54,Ashdod,Mexican,gluten_free,2025-04-19
12394,45-54,Kfar Saba,Japanese,gluten_free,2024-04-19
12395,45-54,Ashdod,Asian,vegan,2023-09-08
12396,35-44,Givatayim,Cafe,none,2024-12-17
12397,35-44,Eilat,Thai,halal,2023-05-31
12398,18-24,Givatayim,Italian,kosher,2023-04-10
12399,45-54,Jerusalem,Thai,gluten_free,2023-01-22
12400,55+,Herzliya,Thai,none,2023-04-21
12401,45-54,Ramat Gan,Steakhouse,low_carb,2025-05-26
12402,25-34,Tel Aviv,Italian,low_carb,2024-01-12
12403,35-44,Ashdod,Italian,none,2023-03-03
12404,45-54,Netanya,Burger,halal,2024-06-16
12405,18-24,Rishon LeZion,Mediterranean,gluten_free,2024-01-30
12406,55+,Netanya,Asian,halal,2023-08-21
12407,55+,Ashdod,Vegan,gluten_free,2025-02-13
12408,25-34,Eilat,Asian,kosher,2024-10-16
12409,45-54,Rishon LeZion,Sushi,vegetarian,2024-04-17
12410,18-24,Eilat,Steakhouse,low_carb,2024-04-21
12411,25-34,Kfar Saba,Greek,none,2023-10-12
12412,55+,Beer Sheva,Israeli,halal,2023-08-10
12413,35-44,Ramat Gan,Greek,vegan,2023-08-22
12414,35-44,Rehovot,Vegan,gluten_free,2024-12-30
12415,18-24,Netanya,Indian,gluten_free,2023-08-19
12416,18-24,Netanya,Seafood,vegan,2024-08-27
12417,25-34,Rehovot,Cafe,halal,2023-07-21
12418,55+,Haifa,Steakhouse,halal,2025-07-04
12419,18-24,Kfar Saba,Vegan,none,2024-12-22
12420,45-54,Givatayim,Mediterranean,kosher,2024-05-16
12421,45-54,Herzliya,Thai,gluten_free,2023-06-07
12422,18-24,Tel Aviv,Mediterranean,vegetarian,2023-06-02
12423,35-44,Herzliya,Indian,none,2024-06-21
12424,35-44,Holon,Mexican,gluten_free,2024-12-09
12425,35-44,Beer Sheva,Sushi,low_carb,2023-12-18
12426,25-34,Ashdod,Asian,vegan,2023-02-18
12427,18-24,Beer Sheva,Mediterranean,halal,2024-03-04
12428,45-54,Kfar Saba,Seafood,kosher,2024-12-25
12429,18-24,Givatayim,Burger,vegetarian,2024-03-24
12430,45-54,Netanya,Italian,gluten_free,2023-06-29
12431,25-34,Ramat Gan,Seafood,vegetarian,2023-01-11
12432,18-24,Beer Sheva,Seafood,vegan,2024-08-07
12433,55+,Holon,Steakhouse,kosher,2023-09-07
12434,45-54,Tel Aviv,Greek,kosher,2025-05-21
12435,18-24,Kfar Saba,Greek,gluten_free,2024-10-15
12436,55+,Eilat,Japanese,gluten_free,2023-05-06
12437,45-54,Rehovot,Burger,low_carb,2023-09-24
12438,45-54,Ramat Gan,Cafe,vegan,2023-04-24
12439,45-54,Holon,Israeli,none,2025-09-02
12440,35-44,Petah Tikva,Israeli,kosher,2024-02-08
12441,35-44,Holon,Burger,halal,2025-08-06
12442,35-44,Ashdod,Steakhouse,vegetarian,2023-12-18
12443,18-24,Ashdod,Burger,low_carb,2024-11-01
12444,45-54,Netanya,Israeli,kosher,2025-02-02
12445,35-44,Beer Sheva,Japanese,low_carb,2023-12-01
12446,35-44,Ramat Gan,Greek,vegetarian,2023-12-03
12447,55+,Haifa,Italian,low_carb,2024-11-09
12448,55+,Jerusalem,Burger,none,2023-11-03
12449,55+,Ramat Gan,Vegan,none,2025-03-09
12450,45-54,Kfar Saba,Burger,none,2025-04-16
12451,55+,Jerusalem,Israeli,gluten_free,2023-10-07
12452,55+,Beer Sheva,Seafood,none,2025-06-09
12453,25-34,Herzliya,Pizza,kosher,2023-01-03
12454,18-24,Beer Sheva,Japanese,halal,2023-01-26
12455,18-24,Eilat,Thai,vegan,2023-08-24
12456,35-44,Tel Aviv,Mexican,kosher,2024-06-17
12457,35-44,Givatayim,Asian,none,2025-07-18
12458,55+,Eilat,Japanese,low_carb,2025-02-16
12459,25-34,Givatayim,Greek,none,2024-05-30
12460,35-44,Tel Aviv,Pizza,vegan,2025-07-23
12461,55+,Tel Aviv,Greek,gluten_free,2023-07-23
12462,45-54,Kfar Saba,Indian,low_carb,2024-01-20
12463,25-34,Givatayim,Thai,kosher,2024-02-13
12464,55+,Rishon LeZion,Indian,low_carb,2024-12-21
12465,55+,Ramat Gan,Greek,vegan,2023-05-02
12466,35-44,Jerusalem,Indian,kosher,2024-10-30
12467,35-44,Givatayim,Italian,halal,2023-08-02
12468,35-44,Tel Aviv,Vegan,low_carb,2024-09-13
12469,45-54,Herzliya,Israeli,kosher,2025-01-31
12470,35-44,Rishon LeZion,Italian,vegan,2023-08-13
12471,25-34,Rishon LeZion,Italian,vegetarian,2025-05-29
12472,45-54,Netanya,Seafood,vegan,2023-03-03
12473,18-24,Rishon LeZion,Mexican,gluten_free,2024-09-15
12474,18-24,Kfar Saba,Burger,gluten_free,2024-09-19
12475,25-34,Haifa,Thai,kosher,2023-08-26
12476,35-44,Ramat Gan,Sushi,vegetarian,2025-05-13
12477,55+,Jerusalem,Sushi,none,2025-05-08
12478,35-44,Rehovot,Cafe,vegetarian,2024-11-16
12479,18-24,Beer Sheva,Steakhouse,low_carb,2024-09-04
12480,25-34,Ramat Gan,Greek,halal,2023-07-27
12481,55+,Kfar Saba,Israeli,halal,2024-05-15
12482,25-34,Kfar Saba,Seafood,halal,2023-05-08
12483,25-34,Haifa,Seafood,halal,2025-04-10
12484,25-34,Jerusalem,Pizza,low_carb,2024-10-23
12485,55+,Eilat,Mediterranean,none,2025-07-20
12486,55+,Tel Aviv,Cafe,halal,2023-04-10
12487,18-24,Herzliya,Thai,none,2024-09-12
12488,45-54,Jerusalem,Cafe,vegan,2025-01-13
12489,45-54,Ashdod,Asian,kosher,2023-04-22
12490,45-54,Haifa,Mexican,vegan,2025-09-10
12491,35-44,Rehovot,Israeli,none,2025-07-23
12492,25-34,Haifa,Cafe,none,2025-02-10
12493,45-54,Ashdod,Sushi,gluten_free,2024-12-05
12494,18-24,Jerusalem,Japanese,kosher,2025-04-11
12495,45-54,Kfar Saba,Israeli,low_carb,2024-12-25
12496,45-54,Kfar Saba,Indian,none,2023-02-23
12497,55+,Rishon LeZion,Italian,low_carb,2024-09-30
12498,25-34,Petah Tikva,Sushi,vegetarian,2024-12-11
12499,55+,Tel Aviv,Sushi,halal,2025-02-01
12500,55+,Kfar Saba,Greek,vegetarian,2023-06-18
12501,55+,Kfar Saba,Mexican,low_carb,2023-04-09
12502,25-34,Herzliya,Seafood,halal,2023-07-17
12503,25-34,Givatayim,Seafood,low_carb,2025-03-14
12504,55+,Holon,Mexican,halal,2023-03-12
12505,55+,Herzliya,Steakhouse,gluten_free,2023-01-01
12506,55+,Haifa,Burger,halal,2024-02-22
12507,35-44,Jerusalem,Greek,halal,2023-06-28
12508,55+,Rishon LeZion,Burger,low_carb,2024-06-21
12509,45-54,Herzliya,Pizza,vegan,2023-07-16
12510,45-54,Kfar Saba,Steakhouse,gluten_free,2025-06-03
12511,35-44,Petah Tikva,Italian,kosher,2024-10-29
12512,35-44,Petah Tikva,Sushi,low_carb,2025-09-07
12513,55+,Jerusalem,Pizza,kosher,2024-10-24
12514,18-24,Rishon LeZion,Mediterranean,halal,2024-07-08
12515,55+,Netanya,Greek,vegan,2024-07-10
12516,18-24,Eilat,Sushi,low_carb,2024-08-23
12517,35-44,Netanya,Mexican,none,2023-10-03
12518,25-34,Haifa,Thai,none,2025-07-16
12519,25-34,Jerusalem,Greek,kosher,2023-10-17
12520,45-54,Petah Tikva,Steakhouse,gluten_free,2025-09-14
12521,18-24,Herzliya,Sushi,kosher,2023-02-18
12522,18-24,Haifa,Pizza,none,2023-12-18
12523,35-44,Tel Aviv,Mexican,none,2024-09-06
12524,35-44,Kfar Saba,Asian,low_carb,2025-08-11
12525,25-34,Petah Tikva,Mexican,vegan,2024-11-27
12526,18-24,Rishon LeZion,Steakhouse,kosher,2025-04-16
12527,45-54,Petah Tikva,Asian,kosher,2023-03-01
12528,55+,Beer Sheva,Greek,vegan,2025-08-17
12529,18-24,Ashdod,Burger,vegan,2024-12-08
12530,45-54,Rishon LeZion,Greek,kosher,2025-05-22
12531,35-44,Ramat Gan,Thai,low_carb,2024-07-07
12532,18-24,Givatayim,Burger,kosher,2023-02-24
12533,55+,Haifa,Mediterranean,none,2024-09-21
12534,45-54,Holon,Indian,low_carb,2025-06-06
12535,25-34,Netanya,Mediterranean,kosher,2023-06-06
12536,25-34,Rishon LeZion,Thai,vegan,2023-01-05
12537,25-34,Givatayim,Mediterranean,halal,2023-09-18
12538,45-54,Givatayim,Steakhouse,none,2024-12-23
12539,55+,Netanya,Greek,gluten_free,2024-08-16
12540,45-54,Haifa,Steakhouse,halal,2023-02-04
12541,45-54,Eilat,Sushi,vegetarian,2023-06-17
12542,25-34,Tel Aviv,Sushi,vegetarian,2024-02-21
12543,45-54,Holon,Seafood,vegetarian,2023-04-23
12544,55+,Holon,Asian,gluten_free,2023-05-20
12545,55+,Eilat,Indian,vegan,2025-08-07
12546,18-24,Eilat,Thai,kosher,2025-01-21
12547,45-54,Petah Tikva,Asian,gluten_free,2024-09-17
12548,55+,Eilat,Steakhouse,halal,2024-06-18
12549,18-24,Givatayim,Pizza,gluten_free,2024-09-18
12550,25-34,Jerusalem,Thai,vegetarian,2024-01-22
12551,45-54,Beer Sheva,Cafe,kosher,2023-01-14
12552,35-44,Tel Aviv,Steakhouse,kosher,2023-12-30
12553,18-24,Netanya,Thai,none,2024-10-01
12554,45-54,Kfar Saba,Pizza,vegan,2023-09-29
12555,25-34,Givatayim,Mediterranean,gluten_free,2025-03-25
12556,45-54,Petah Tikva,Cafe,gluten_free,2024-08-16
12557,35-44,Givatayim,Pizza,kosher,2023-05-30
12558,25-34,Tel Aviv,Asian,gluten_free,2024-01-10
12559,25-34,Beer Sheva,Italian,low_carb,2024-07-19
12560,45-54,Jerusalem,Burger,kosher,2024-11-16
12561,25-34,Holon,Pizza,halal,2025-01-02
12562,55+,Herzliya,Pizza,vegetarian,2023-01-07
12563,18-24,Petah Tikva,Steakhouse,gluten_free,2023-12-28
12564,18-24,Netanya,Steakhouse,gluten_free,2024-02-21
12565,18-24,Jerusalem,Pizza,kosher,2023-02-22
12566,55+,Holon,Greek,vegetarian,2023-05-31
12567,18-24,Jerusalem,Israeli,halal,2024-01-11
12568,55+,Rishon LeZion,Thai,halal,2023-11-22
12569,35-44,Beer Sheva,Mediterranean,halal,2023-06-25
12570,35-44,Jerusalem,Israeli,low_carb,2023-12-08
12571,25-34,Rishon LeZion,Japanese,low_carb,2023-10-26
12572,45-54,Rehovot,Seafood,kosher,2024-03-25
12573,55+,Herzliya,Vegan,kosher,2025-01-13
12574,25-34,Beer Sheva,Pizza,none,2023-09-18
12575,35-44,Beer Sheva,Italian,low_carb,2024-02-06
12576,45-54,Beer Sheva,Mexican,none,2024-10-27
12577,55+,Rishon LeZion,Cafe,halal,2025-07-01
12578,55+,Givatayim,Italian,low_carb,2024-06-15
12579,18-24,Netanya,Indian,low_carb,2023-07-01
12580,45-54,Ashdod,Pizza,low_carb,2023-07-28
12581,18-24,Jerusalem,Cafe,vegetarian,2023-03-08
12582,25-34,Beer Sheva,Steakhouse,vegetarian,2024-07-02
12583,45-54,Petah Tikva,Greek,low_carb,2024-02-19
12584,55+,Rehovot,Cafe,vegetarian,2024-10-16
12585,18-24,Ramat Gan,Seafood,low_carb,2025-08-12
12586,35-44,Haifa,Mediterranean,halal,2025-06-13
12587,35-44,Petah Tikva,Sushi,vegan,2025-08-15
12588,35-44,Rehovot,Asian,halal,2024-08-26
12589,18-24,Ramat Gan,Mexican,none,2023-03-16
12590,25-34,Kfar Saba,Asian,none,2023-01-16
12591,35-44,Ashdod,Seafood,vegan,2024-11-04
12592,55+,Haifa,Cafe,none,2025-02-18
12593,35-44,Kfar Saba,Thai,vegetarian,2025-03-18
12594,18-24,Holon,Greek,vegan,2023-04-13
12595,25-34,Ramat Gan,Vegan,halal,2023-07-23
12596,45-54,Givatayim,Mediterranean,kosher,2025-04-11
12597,25-34,Tel Aviv,Mediterranean,low_carb,2024-02-28
12598,25-34,Beer Sheva,Mediterranean,gluten_free,2024-07-12
12599,55+,Givatayim,Asian,vegan,2023-06-27
12600,55+,Petah Tikva,Steakhouse,gluten_free,2024-06-07
12601,55+,Tel Aviv,Sushi,low_carb,2024-01-08
12602,55+,Holon,Seafood,gluten_free,2025-04-10
12603,18-24,Jerusalem,Mexican,low_carb,2023-03-20
12604,18-24,Givatayim,Mediterranean,vegetarian,2024-04-18
12605,35-44,Jerusalem,Sushi,gluten_free,2025-03-11
12606,55+,Ashdod,Asian,kosher,2023-01-05
12607,18-24,Kfar Saba,Mediterranean,none,2024-11-02
12608,18-24,Holon,Asian,low_carb,2025-01-26
12609,25-34,Beer Sheva,Israeli,none,2023-12-07
12610,25-34,Haifa,Mediterranean,vegan,2024-10-07
12611,35-44,Netanya,Israeli,vegetarian,2024-06-27
12612,25-34,Holon,Mediterranean,gluten_free,2025-09-19
12613,25-34,Eilat,Cafe,vegetarian,2023-11-06
12614,35-44,Kfar Saba,Asian,halal,2024-09-02
12615,25-34,Jerusalem,Burger,halal,2025-07-17
12616,55+,Ramat Gan,Seafood,vegan,2025-05-27
12617,35-44,Jerusalem,Mexican,gluten_free,2025-03-30
12618,45-54,Holon,Mexican,vegan,2024-10-03
12619,25-34,Netanya,Mexican,low_carb,2025-02-23
12620,55+,Holon,Italian,none,2025-07-02
12621,25-34,Herzliya,Indian,low_carb,2023-09-10
12622,55+,Holon,Vegan,low_carb,2023-05-30
12623,18-24,Rishon LeZion,Burger,vegan,2025-08-29
12624,35-44,Kfar Saba,Thai,low_carb,2023-04-28
12625,18-24,Petah Tikva,Pizza,vegetarian,2023-02-14
12626,45-54,Kfar Saba,Mexican,none,2025-04-01
12627,25-34,Herzliya,Mexican,low_carb,2024-06-03
12628,18-24,Eilat,Thai,gluten_free,2023-09-05
12629,18-24,Tel Aviv,Japanese,vegetarian,2024-10-11
12630,35-44,Beer Sheva,Mediterranean,kosher,2024-09-18
12631,25-34,Tel Aviv,Israeli,vegetarian,2024-11-06
12632,25-34,Ramat Gan,Greek,vegetarian,2024-07-20
12633,45-54,Netanya,Thai,none,2024-07-09
12634,45-54,Netanya,Steakhouse,kosher,2025-04-29
12635,18-24,Eilat,Thai,vegan,2023-12-06
12636,45-54,Herzliya,Cafe,gluten_free,2025-02-09
12637,25-34,Tel Aviv,Greek,halal,2025-06-27
12638,35-44,Kfar Saba,Greek,vegetarian,2023-04-21
12639,35-44,Petah Tikva,Vegan,gluten_free,2023-10-03
12640,45-54,Tel Aviv,Seafood,none,2023-10-04
12641,45-54,Eilat,Israeli,kosher,2024-07-16
12642,45-54,Ramat Gan,Vegan,halal,2024-07-08
12643,35-44,Petah Tikva,Seafood,halal,2024-04-28
12644,18-24,Petah Tikva,Vegan,halal,2023-09-17
12645,25-34,Tel Aviv,Mexican,vegetarian,2025-07-23
12646,55+,Holon,Vegan,halal,2025-06-10
12647,35-44,Ashdod,Cafe,vegan,2025-02-18
12648,35-44,Rehovot,Mexican,low_carb,2024-04-08
12649,45-54,Eilat,Asian,none,2025-04-02
12650,35-44,Herzliya,Steakhouse,low_carb,2024-11-28
12651,35-44,Givatayim,Israeli,kosher,2025-04-22
12652,35-44,Haifa,Steakhouse,kosher,2024-09-08
12653,55+,Rehovot,Steakhouse,none,2024-09-18
12654,45-54,Eilat,Cafe,vegan,2024-01-27
12655,55+,Eilat,Japanese,vegan,2023-06-14
12656,35-44,Rehovot,Indian,gluten_free,2025-09-21
12657,25-34,Holon,Sushi,low_carb,2025-08-17
12658,35-44,Eilat,Asian,halal,2024-06-12
12659,35-44,Givatayim,Greek,kosher,2024-11-11
12660,18-24,Jerusalem,Seafood,gluten_free,2024-09-15
12661,35-44,Jerusalem,Cafe,low_carb,2025-06-24
12662,45-54,Herzliya,Indian,none,2025-03-06
12663,18-24,Eilat,Asian,vegan,2025-01-24
12664,25-34,Rishon LeZion,Asian,halal,2023-01-27
12665,35-44,Holon,Vegan,low_carb,2023-04-13
12666,45-54,Ashdod,Burger,low_carb,2023-04-15
12667,25-34,Eilat,Cafe,low_carb,2024-01-24
12668,25-34,Herzliya,Italian,kosher,2023-01-08
12669,55+,Jerusalem,Japanese,halal,2025-03-06
12670,45-54,Rishon LeZion,Seafood,gluten_free,2025-01-10
12671,55+,Rehovot,Mexican,gluten_free,2024-04-20
12672,35-44,Rishon LeZion,Burger,none,2023-06-18
12673,18-24,Rishon LeZion,Cafe,gluten_free,2023-10-11
12674,25-34,Netanya,Steakhouse,vegan,2024-01-23
12675,25-34,Ramat Gan,Burger,halal,2025-01-04
12676,45-54,Kfar Saba,Mediterranean,gluten_free,2024-08-05
12677,35-44,Beer Sheva,Steakhouse,halal,2023-04-19
12678,18-24,Beer Sheva,Asian,kosher,2025-04-07
12679,25-34,Netanya,Asian,vegetarian,2024-05-18
12680,35-44,Kfar Saba,Japanese,vegan,2023-10-16
12681,55+,Kfar Saba,Pizza,halal,2024-09-16
12682,45-54,Holon,Greek,kosher,2025-07-05
12683,25-34,Givatayim,Mediterranean,halal,2023-06-28
12684,45-54,Rishon LeZion,Italian,gluten_free,2024-11-28
12685,35-44,Givatayim,Thai,halal,2023-05-12
12686,55+,Kfar Saba,Pizza,vegan,2024-03-11
12687,35-44,Netanya,Steakhouse,none,2024-01-14
12688,45-54,Tel Aviv,Thai,kosher,2024-02-23
12689,55+,Rishon LeZion,Cafe,none,2025-03-29
12690,18-24,Rehovot,Indian,gluten_free,2024-08-16
12691,55+,Herzliya,Vegan,none,2025-03-21
12692,55+,Tel Aviv,Cafe,low_carb,2023-06-16
12693,55+,Givatayim,Burger,vegan,2024-05-03
12694,18-24,Eilat,Mexican,vegan,2023-09-30
12695,35-44,Rehovot,Mediterranean,kosher,2025-04-19
12696,18-24,Rishon LeZion,Mediterranean,halal,2023-05-22
12697,55+,Ashdod,Steakhouse,vegan,2024-08-08
12698,55+,Tel Aviv,Israeli,kosher,2023-11-14
12699,18-24,Jerusalem,Greek,vegan,2025-09-15
12700,25-34,Eilat,Seafood,none,2024-03-24
12701,25-34,Beer Sheva,Indian,gluten_free,2024-11-28
12702,18-24,Ramat Gan,Burger,kosher,2023-01-06
12703,35-44,Beer Sheva,Pizza,vegetarian,2023-05-24
12704,25-34,Herzliya,Mexican,none,2025-04-06
12705,55+,Rishon LeZion,Indian,halal,2023-04-11
12706,25-34,Jerusalem,Sushi,low_carb,2023-11-19
12707,35-44,Netanya,Cafe,vegan,2024-07-29
12708,45-54,Petah Tikva,Vegan,vegetarian,2023-04-10
12709,18-24,Ashdod,Asian,none,2024-01-22
12710,25-34,Rehovot,Japanese,none,2025-08-17
12711,35-44,Ashdod,Pizza,kosher,2025-06-02
12712,25-34,Haifa,Mediterranean,none,2025-07-04
12713,18-24,Givatayim,Thai,vegetarian,2024-08-03
12714,18-24,Jerusalem,Asian,gluten_free,2025-08-31
12715,55+,Netanya,Cafe,kosher,2023-07-28
12716,35-44,Eilat,Vegan,none,2024-03-18
12717,35-44,Givatayim,Pizza,low_carb,2025-06-30
12718,18-24,Ashdod,Burger,gluten_free,2023-10-03
12719,55+,Jerusalem,Indian,vegetarian,2025-02-14
12720,55+,Petah Tikva,Thai,kosher,2025-01-13
12721,18-24,Petah Tikva,Seafood,vegan,2025-06-08
12722,18-24,Holon,Vegan,low_carb,2024-07-29
12723,18-24,Herzliya,Sushi,low_carb,2023-03-23
12724,18-24,Tel Aviv,Indian,kosher,2025-01-20
12725,18-24,Eilat,Thai,gluten_free,2024-02-05
12726,55+,Eilat,Italian,halal,2025-08-24
12727,45-54,Jerusalem,Israeli,none,2024-12-29
12728,18-24,Tel Aviv,Mexican,vegetarian,2025-08-12
12729,45-54,Ramat Gan,Sushi,low_carb,2025-06-14
12730,18-24,Haifa,Greek,vegetarian,2025-05-20
12731,18-24,Kfar Saba,Burger,vegan,2023-01-05
12732,55+,Netanya,Burger,halal,2024-10-09
12733,55+,Eilat,Japanese,vegan,2025-01-21
12734,25-34,Haifa,Burger,vegan,2024-05-25
12735,45-54,Ashdod,Mediterranean,gluten_free,2024-03-22
12736,55+,Tel Aviv,Greek,low_carb,2025-06-24
12737,55+,Netanya,Greek,low_carb,2024-11-15
12738,25-34,Netanya,Greek,none,2023-05-05
12739,55+,Tel Aviv,Steakhouse,vegetarian,2023-04-14
12740,45-54,Givatayim,Sushi,halal,2023-08-26
12741,18-24,Kfar Saba,Steakhouse,gluten_free,2024-03-29
12742,55+,Givatayim,Thai,kosher,2025-01-15
12743,25-34,Tel Aviv,Pizza,halal,2024-01-29
12744,18-24,Ramat Gan,Seafood,kosher,2023-02-11
12745,25-34,Givatayim,Seafood,low_carb,2024-09-25
12746,55+,Petah Tikva,Mexican,vegetarian,2023-03-17
12747,35-44,Eilat,Burger,vegetarian,2023-05-04
12748,18-24,Herzliya,Israeli,vegan,2024-05-14
12749,35-44,Ramat Gan,Indian,gluten_free,2024-03-16
12750,45-54,Petah Tikva,Sushi,low_carb,2024-03-05
12751,18-24,Beer Sheva,Thai,gluten_free,2025-02-06
12752,35-44,Herzliya,Greek,vegetarian,2024-10-04
12753,35-44,Petah Tikva,Japanese,low_carb,2023-01-26
12754,25-34,Givatayim,Steakhouse,kosher,2024-01-10
12755,55+,Tel Aviv,Cafe,none,2025-07-28
12756,18-24,Tel Aviv,Italian,gluten_free,2025-07-05
12757,35-44,Tel Aviv,Seafood,low_carb,2024-06-25
12758,35-44,Kfar Saba,Sushi,none,2025-08-14
12759,35-44,Rehovot,Mediterranean,vegetarian,2025-09-18
12760,18-24,Ramat Gan,Vegan,halal,2025-08-14
12761,35-44,Beer Sheva,Asian,kosher,2025-04-12
12762,18-24,Herzliya,Greek,gluten_free,2025-01-23
12763,45-54,Netanya,Japanese,halal,2024-10-22
12764,25-34,Rehovot,Burger,halal,2025-03-28
12765,45-54,Rishon LeZion,Steakhouse,gluten_free,2025-06-11
12766,55+,Netanya,Indian,none,2023-10-02
12767,55+,Herzliya,Greek,halal,2024-09-27
12768,55+,Givatayim,Sushi,halal,2023-02-23
12769,18-24,Ramat Gan,Japanese,gluten_free,2024-09-23
12770,35-44,Petah Tikva,Italian,gluten_free,2024-04-13
12771,18-24,Rishon LeZion,Israeli,kosher,2025-06-19
12772,45-54,Rehovot,Seafood,vegan,2024-09-11
12773,18-24,Ashdod,Mediterranean,vegetarian,2025-03-21
12774,35-44,Givatayim,Thai,halal,2024-04-09
12775,45-54,Eilat,Asian,halal,2023-04-22
12776,35-44,Haifa,Sushi,vegetarian,2025-06-17
12777,25-34,Holon,Japanese,none,2023-06-15
12778,45-54,Givatayim,Asian,kosher,2024-10-30
12779,55+,Haifa,Burger,low_carb,2023-04-15
12780,45-54,Petah Tikva,Vegan,vegetarian,2025-03-05
12781,55+,Beer Sheva,Greek,vegetarian,2024-07-25
12782,45-54,Eilat,Sushi,vegetarian,2025-05-11
12783,25-34,Netanya,Cafe,gluten_free,2025-07-17
12784,45-54,Rehovot,Japanese,low_carb,2023-09-30
12785,18-24,Jerusalem,Israeli,kosher,2023-01-21
12786,35-44,Ashdod,Asian,gluten_free,2024-03-25
12787,45-54,Beer Sheva,Sushi,halal,2023-01-05
12788,45-54,Petah Tikva,Mediterranean,none,2024-06-30
12789,18-24,Ramat Gan,Vegan,kosher,2023-07-12
12790,45-54,Herzliya,Cafe,low_carb,2025-02-02
12791,35-44,Ashdod,Thai,none,2025-08-03
12792,35-44,Givatayim,Israeli,vegetarian,2024-10-14
12793,45-54,Herzliya,Thai,low_carb,2024-08-02
12794,55+,Rehovot,Burger,vegan,2025-08-15
12795,25-34,Ramat Gan,Vegan,vegan,2024-05-29
12796,25-34,Tel Aviv,Greek,vegan,2023-06-28
12797,35-44,Rehovot,Thai,halal,2024-10-01
12798,25-34,Haifa,Israeli,vegetarian,2023-10-12
12799,35-44,Ramat Gan,Sushi,gluten_free,2023-03-16
12800,18-24,Herzliya,Vegan,halal,2023-04-27
12801,25-34,Rehovot,Israeli,kosher,2025-08-16
12802,55+,Eilat,Mexican,gluten_free,2024-01-27
12803,25-34,Haifa,Cafe,vegetarian,2024-09-04
12804,25-34,Petah Tikva,Seafood,halal,2023-10-28
12805,35-44,Netanya,Thai,vegetarian,2025-03-17
12806,55+,Jerusalem,Israeli,vegetarian,2025-06-13
12807,25-34,Ashdod,Sushi,low_carb,2024-03-30
12808,18-24,Petah Tikva,Steakhouse,halal,2024-08-14
12809,18-24,Givatayim,Burger,gluten_free,2025-02-17
12810,18-24,Holon,Mediterranean,vegan,2025-09-13
12811,35-44,Herzliya,Japanese,kosher,2024-07-22
12812,18-24,Jerusalem,Vegan,none,2024-04-04
12813,25-34,Herzliya,Cafe,low_carb,2024-02-20
12814,45-54,Ashdod,Cafe,kosher,2025-07-19
12815,55+,Rehovot,Steakhouse,halal,2023-04-04
12816,55+,Tel Aviv,Steakhouse,halal,2024-01-21
12817,45-54,Rishon LeZion,Pizza,vegan,2025-02-27
12818,55+,Ramat Gan,Mediterranean,gluten_free,2023-09-19
12819,45-54,Rishon LeZion,Japanese,vegan,2023-12-15
12820,55+,Ashdod,Mediterranean,kosher,2025-05-02
12821,25-34,Haifa,Italian,low_carb,2024-04-04
12822,35-44,Haifa,Israeli,low_carb,2023-10-17
12823,25-34,Jerusalem,Mediterranean,kosher,2025-01-29
12824,18-24,Rishon LeZion,Mexican,low_carb,2023-01-07
12825,25-34,Holon,Mediterranean,kosher,2024-11-07
12826,45-54,Eilat,Mediterranean,gluten_free,2025-07-17
12827,18-24,Eilat,Japanese,vegetarian,2024-10-23
12828,55+,Kfar Saba,Greek,gluten_free,2025-04-09
12829,25-34,Ashdod,Greek,vegan,2024-06-02
12830,45-54,Beer Sheva,Italian,vegetarian,2024-10-08
12831,35-44,Kfar Saba,Steakhouse,halal,2025-05-11
12832,25-34,Kfar Saba,Seafood,gluten_free,2025-02-04
12833,35-44,Kfar Saba,Mexican,vegetarian,2024-03-17
12834,35-44,Eilat,Japanese,none,2023-11-26
12835,25-34,Eilat,Indian,kosher,2023-07-14
12836,55+,Haifa,Asian,gluten_free,2024-04-03
12837,18-24,Rishon LeZion,Thai,low_carb,2024-09-21
12838,18-24,Holon,Italian,none,2024-11-14
12839,18-24,Tel Aviv,Seafood,gluten_free,2023-02-21
12840,45-54,Eilat,Mexican,vegan,2025-05-21
12841,35-44,Kfar Saba,Cafe,gluten_free,2024-01-30
12842,45-54,Beer Sheva,Greek,kosher,2024-03-02
12843,35-44,Rehovot,Mediterranean,low_carb,2023-08-21
12844,55+,Herzliya,Asian,vegan,2024-09-27
12845,25-34,Petah Tikva,Vegan,low_carb,2024-09-14
12846,55+,Haifa,Seafood,vegan,2024-05-05
12847,25-34,Tel Aviv,Indian,gluten_free,2023-03-31
12848,18-24,Eilat,Pizza,vegetarian,2023-05-02
12849,55+,Givatayim,Thai,gluten_free,2024-02-02
12850,55+,Rehovot,Mexican,vegetarian,2024-03-12
12851,45-54,Ashdod,Thai,vegan,2023-06-19
12852,35-44,Tel Aviv,Greek,low_carb,2025-04-16
12853,55+,Beer Sheva,Japanese,halal,2023-10-15
12854,45-54,Jerusalem,Sushi,kosher,2024-01-09
12855,18-24,Beer Sheva,Pizza,vegetarian,2024-07-09
12856,25-34,Netanya,Cafe,vegan,2024-10-25
12857,18-24,Tel Aviv,Cafe,low_carb,2024-02-27
12858,55+,Holon,Pizza,halal,2023-01-19
12859,35-44,Rishon LeZion,Greek,gluten_free,2023-03-20
12860,18-24,Kfar Saba,Mexican,vegetarian,2024-02-06
12861,45-54,Tel Aviv,Seafood,none,2024-07-23
12862,18-24,Tel Aviv,Pizza,vegetarian,2023-04-28
12863,45-54,Herzliya,Seafood,halal,2025-02-17
12864,18-24,Rehovot,Asian,vegetarian,2023-05-02
12865,18-24,Rishon LeZion,Japanese,kosher,2025-09-10
12866,35-44,Jerusalem,Vegan,kosher,2025-09-26
12867,55+,Beer Sheva,Pizza,none,2025-05-22
12868,18-24,Eilat,Vegan,none,2025-07-14
12869,35-44,Netanya,Pizza,none,2024-08-09
12870,55+,Givatayim,Mediterranean,gluten_free,2023-06-09
12871,35-44,Holon,Burger,kosher,2024-08-20
12872,45-54,Eilat,Italian,none,2024-08-30
12873,18-24,Givatayim,Sushi,vegetarian,2024-08-23
12874,55+,Rehovot,Japanese,low_carb,2024-09-06
12875,35-44,Givatayim,Asian,none,2024-03-30
12876,55+,Givatayim,Pizza,none,2023-06-14
12877,35-44,Petah Tikva,Indian,none,2023-10-07
12878,18-24,Eilat,Thai,vegetarian,2023-06-07
12879,25-34,Rishon LeZion,Asian,none,2024-03-11
12880,18-24,Kfar Saba,Pizza,vegan,2023-03-26
12881,18-24,Ramat Gan,Mexican,vegan,2024-06-13
12882,18-24,Haifa,Thai,kosher,2023-08-27
12883,35-44,Netanya,Vegan,halal,2023-04-09
12884,18-24,Rishon LeZion,Vegan,kosher,2024-03-01
12885,45-54,Tel Aviv,Mediterranean,vegan,2023-01-22
12886,35-44,Haifa,Indian,halal,2023-11-19
12887,45-54,Rishon LeZion,Japanese,vegetarian,2025-08-02
12888,25-34,Haifa,Sushi,vegetarian,2023-09-01
12889,18-24,Ramat Gan,Seafood,low_carb,2023-08-04
12890,35-44,Jerusalem,Vegan,kosher,2024-01-09
12891,55+,Eilat,Israeli,vegan,2024-04-21
12892,25-34,Beer Sheva,Seafood,low_carb,2024-04-30
12893,55+,Kfar Saba,Cafe,vegetarian,2024-09-27
12894,18-24,Haifa,Mediterranean,gluten_free,2023-10-11
12895,45-54,Tel Aviv,Burger,low_carb,2023-02-27
12896,55+,Givatayim,Japanese,vegetarian,2025-06-19
12897,25-34,Netanya,Italian,none,2024-12-22
12898,18-24,Holon,Cafe,halal,2025-02-04
12899,45-54,Rehovot,Japanese,none,2023-06-13
12900,55+,Jerusalem,Mediterranean,none,2023-12-30
12901,55+,Holon,Indian,low_carb,2023-12-07
12902,18-24,Petah Tikva,Sushi,low_carb,2023-03-07
12903,45-54,Rehovot,Asian,kosher,2023-03-18
12904,45-54,Netanya,Seafood,vegetarian,2024-03-03
12905,25-34,Eilat,Asian,gluten_free,2023-06-08
12906,18-24,Netanya,Indian,none,2025-08-25
12907,18-24,Givatayim,Greek,halal,2024-08-10
12908,25-34,Rehovot,Mediterranean,kosher,2024-12-08
12909,45-54,Herzliya,Sushi,kosher,2025-07-29
12910,55+,Rehovot,Pizza,gluten_free,2023-04-25
12911,25-34,Eilat,Italian,low_carb,2025-08-30
12912,35-44,Kfar Saba,Thai,kosher,2023-01-13
12913,45-54,Petah Tikva,Cafe,low_carb,2024-03-26
12914,25-34,Tel Aviv,Greek,vegetarian,2024-11-06
12915,18-24,Holon,Israeli,vegetarian,2023-09-29
12916,35-44,Rishon LeZion,Italian,low_carb,2025-04-17
12917,45-54,Tel Aviv,Mediterranean,low_carb,2025-01-30
12918,35-44,Beer Sheva,Sushi,vegetarian,2023-03-27
12919,25-34,Tel Aviv,Greek,none,2023-07-08
12920,35-44,Rehovot,Steakhouse,vegetarian,2025-06-24
12921,18-24,Ashdod,Sushi,low_carb,2024-01-05
12922,55+,Ramat Gan,Burger,kosher,2024-05-01
12923,25-34,Netanya,Cafe,vegan,2024-07-31
12924,55+,Tel Aviv,Asian,halal,2024-03-08
12925,45-54,Givatayim,Asian,kosher,2025-04-20
12926,25-34,Herzliya,Japanese,gluten_free,2023-10-12
12927,25-34,Jerusalem,Sushi,kosher,2025-02-20
12928,35-44,Kfar Saba,Japanese,gluten_free,2024-04-01
12929,55+,Rehovot,Italian,kosher,2023-11-11
12930,35-44,Haifa,Burger,kosher,2024-03-11
12931,18-24,Holon,Seafood,vegan,2025-09-04
12932,25-34,Eilat,Asian,vegan,2024-03-28
12933,18-24,Rishon LeZion,Sushi,gluten_free,2023-03-27
12934,18-24,Jerusalem,Asian,gluten_free,2024-06-21
12935,25-34,Kfar Saba,Asian,vegan,2025-07-28
12936,25-34,Eilat,Thai,kosher,2025-02-23
12937,45-54,Herzliya,Vegan,low_carb,2025-06-25
12938,18-24,Givatayim,Japanese,none,2023-01-31
12939,45-54,Herzliya,Indian,low_carb,2024-07-04
12940,45-54,Ashdod,Pizza,vegetarian,2024-01-01
12941,25-34,Eilat,Mexican,vegetarian,2023-04-13
12942,55+,Beer Sheva,Italian,gluten_free,2024-10-04
12943,25-34,Holon,Vegan,vegan,2024-07-01
12944,35-44,Holon,Greek,none,2023-01-17
12945,55+,Kfar Saba,Vegan,halal,2024-03-07
12946,35-44,Tel Aviv,Vegan,gluten_free,2025-05-16
12947,18-24,Kfar Saba,Steakhouse,vegan,2023-05-30
12948,55+,Rishon LeZion,Cafe,kosher,2024-01-05
12949,35-44,Ramat Gan,Japanese,halal,2024-05-13
12950,55+,Petah Tikva,Indian,gluten_free,2023-05-16
12951,35-44,Ramat Gan,Seafood,halal,2023-11-26
12952,25-34,Haifa,Pizza,vegan,2024-04-09
12953,25-34,Ramat Gan,Greek,low_carb,2023-01-06
12954,55+,Petah Tikva,Italian,vegetarian,2024-08-18
12955,55+,Kfar Saba,Asian,gluten_free,2023-10-19
12956,18-24,Rehovot,Japanese,vegan,2025-08-22
12957,25-34,Herzliya,Indian,none,2025-06-05
12958,25-34,Netanya,Thai,low_carb,2025-09-22
12959,45-54,Tel Aviv,Seafood,low_carb,2024-04-07
12960,18-24,Givatayim,Vegan,low_carb,2023-12-08
12961,55+,Holon,Sushi,vegan,2024-01-03
12962,18-24,Ashdod,Greek,low_carb,2024-03-03
12963,55+,Ramat Gan,Burger,vegan,2025-03-28
12964,25-34,Rishon LeZion,Japanese,halal,2023-04-21
12965,18-24,Givatayim,Sushi,vegan,2025-08-11
12966,45-54,Kfar Saba,Italian,kosher,2024-05-23
12967,35-44,Beer Sheva,Italian,vegetarian,2024-12-27
12968,35-44,Herzliya,Thai,kosher,2023-02-10
12969,35-44,Ramat Gan,Mexican,halal,2024-09-15
12970,18-24,Ashdod,Mediterranean,halal,2024-02-12
12971,25-34,Herzliya,Thai,none,2025-01-28
12972,25-34,Holon,Israeli,low_carb,2024-07-31
12973,55+,Herzliya,Seafood,gluten_free,2023-11-06
12974,45-54,Jerusalem,Burger,halal,2024-03-28
12975,45-54,Givatayim,Asian,kosher,2025-07-28
12976,45-54,Haifa,Pizza,kosher,2023-07-13
12977,55+,Herzliya,Asian,gluten_free,2023-11-01
12978,25-34,Jerusalem,Cafe,gluten_free,2023-09-09
12979,55+,Netanya,Seafood,halal,2024-09-11
12980,55+,Herzliya,Pizza,none,2023-07-10
12981,35-44,Netanya,Israeli,kosher,2025-04-28
12982,45-54,Tel Aviv,Israeli,halal,2023-01-17
12983,25-34,Kfar Saba,Italian,vegetarian,2025-03-17
12984,45-54,Kfar Saba,Steakhouse,vegetarian,2024-08-07
12985,55+,Jerusalem,Japanese,halal,2025-01-25
12986,55+,Herzliya,Sushi,low_carb,2024-04-27
12987,35-44,Eilat,Asian,halal,2024-02-16
12988,55+,Jerusalem,Asian,kosher,2025-06-07
12989,25-34,Jerusalem,Sushi,vegetarian,2023-03-20
12990,45-54,Petah Tikva,Seafood,low_carb,2023-02-26
12991,45-54,Haifa,Italian,none,2024-03-26
12992,18-24,Rehovot,Mediterranean,vegan,2024-03-19
12993,45-54,Rishon LeZion,Burger,low_carb,2024-06-30
12994,55+,Tel Aviv,Japanese,none,2023-12-24
12995,18-24,Jerusalem,Japanese,halal,2024-06-03
12996,55+,Ramat Gan,Pizza,gluten_free,2023-01-21
12997,25-34,Holon,Cafe,kosher,2024-01-26
12998,18-24,Petah Tikva,Steakhouse,halal,2024-03-08
12999,25-34,Tel Aviv,Steakhouse,vegan,2023-03-30
13000,45-54,Givatayim,Israeli,halal,2024-06-21
13001,55+,Haifa,Cafe,gluten_free,2023-08-15
13002,35-44,Beer Sheva,Burger,none,2023-09-16
13003,18-24,Ashdod,Israeli,none,2023-08-06
13004,55+,Haifa,Indian,vegetarian,2024-09-23
13005,25-34,Holon,Cafe,kosher,2023-04-04
13006,25-34,Rehovot,Sushi,low_carb,2024-05-11
13007,35-44,Jerusalem,Steakhouse,gluten_free,2023-01-24
13008,45-54,Haifa,Japanese,gluten_free,2025-05-09
13009,35-44,Rishon LeZion,Mexican,none,2024-03-06
13010,35-44,Holon,Greek,none,2023-04-01
13011,25-34,Netanya,Mexican,vegan,2024-07-09
13012,25-34,Eilat,Seafood,halal,2024-07-16
13013,45-54,Kfar Saba,Steakhouse,vegetarian,2023-01-02
13014,55+,Petah Tikva,Burger,low_carb,2024-06-29
13015,18-24,Rishon LeZion,Steakhouse,halal,2025-05-03
13016,45-54,Ashdod,Mexican,gluten_free,2024-10-12
13017,25-34,Rishon LeZion,Mexican,low_carb,2025-03-21
13018,25-34,Ramat Gan,Sushi,gluten_free,2023-03-06
13019,45-54,Holon,Pizza,vegan,2025-08-11
13020,18-24,Petah Tikva,Mediterranean,vegan,2023-09-01
13021,25-34,Holon,Steakhouse,halal,2023-07-31
13022,18-24,Rehovot,Thai,vegetarian,2023-05-01
13023,25-34,Petah Tikva,Mexican,low_carb,2025-02-27
13024,35-44,Kfar Saba,Cafe,vegan,2023-06-23
13025,25-34,Holon,Steakhouse,vegan,2025-05-17
13026,25-34,Kfar Saba,Thai,gluten_free,2023-07-17
13027,45-54,Holon,Indian,low_carb,2024-11-23
13028,18-24,Petah Tikva,Burger,halal,2023-08-17
13029,35-44,Petah Tikva,Thai,low_carb,2024-06-11
13030,55+,Rehovot,Seafood,kosher,2023-08-01
13031,45-54,Holon,Sushi,halal,2024-07-02
13032,55+,Givatayim,Sushi,halal,2024-12-17
13033,18-24,Jerusalem,Thai,low_carb,2023-09-27
13034,35-44,Kfar Saba,Cafe,gluten_free,2024-01-08
13035,18-24,Rehovot,Indian,vegetarian,2023-05-05
13036,18-24,Kfar Saba,Steakhouse,none,2024-10-05
13037,45-54,Rehovot,Cafe,kosher,2024-10-25
13038,25-34,Netanya,Italian,gluten_free,2025-08-22
13039,18-24,Tel Aviv,Asian,halal,2024-05-13
13040,45-54,Kfar Saba,Cafe,kosher,2024-11-25
13041,55+,Herzliya,Vegan,halal,2024-10-19
13042,55+,Haifa,Seafood,halal,2025-01-23
13043,25-34,Herzliya,Pizza,halal,2023-07-02
13044,18-24,Petah Tikva,Mediterranean,vegetarian,2025-04-05
13045,55+,Beer Sheva,Vegan,gluten_free,2024-06-25
13046,35-44,Kfar Saba,Steakhouse,none,2025-03-20
13047,18-24,Petah Tikva,Greek,halal,2024-02-06
13048,35-44,Ashdod,Steakhouse,none,2023-03-31
13049,55+,Tel Aviv,Seafood,none,2023-10-12
13050,45-54,Holon,Japanese,low_carb,2023-03-20
13051,55+,Jerusalem,Sushi,vegan,2023-04-17
13052,35-44,Herzliya,Sushi,low_carb,2025-09-11
13053,45-54,Tel Aviv,Vegan,kosher,2024-08-12
13054,55+,Ashdod,Pizza,vegetarian,2023-08-22
13055,35-44,Givatayim,Sushi,vegan,2024-08-14
13056,35-44,Rishon LeZion,Cafe,none,2023-07-21
13057,18-24,Ramat Gan,Israeli,vegetarian,2023-04-29
13058,55+,Ramat Gan,Steakhouse,none,2024-12-17
13059,45-54,Rehovot,Vegan,kosher,2025-01-09
13060,18-24,Tel Aviv,Cafe,low_carb,2025-02-19
13061,45-54,Netanya,Vegan,none,2023-04-05
13062,45-54,Jerusalem,Japanese,kosher,2025-04-14
13063,45-54,Kfar Saba,Mexican,low_carb,2024-05-11
13064,45-54,Rehovot,Steakhouse,kosher,2023-03-10
13065,55+,Herzliya,Italian,vegan,2023-01-08
13066,55+,Givatayim,Vegan,vegan,2024-05-05
13067,55+,Givatayim,Vegan,gluten_free,2023-03-20
13068,18-24,Petah Tikva,Burger,kosher,2024-02-24
13069,55+,Ashdod,Vegan,halal,2024-12-15
13070,25-34,Holon,Mediterranean,low_carb,2024-02-22
13071,35-44,Givatayim,Indian,none,2025-08-30
13072,55+,Eilat,Indian,kosher,2025-07-02
13073,25-34,Ashdod,Indian,halal,2024-05-02
13074,25-34,Givatayim,Asian,vegetarian,2025-01-14
13075,18-24,Haifa,Burger,halal,2024-10-10
13076,45-54,Haifa,Pizza,kosher,2024-08-18
13077,35-44,Jerusalem,Thai,vegan,2025-04-08
13078,45-54,Givatayim,Cafe,none,2024-09-07
13079,35-44,Rehovot,Greek,halal,2024-01-18
13080,55+,Holon,Burger,halal,2025-03-20
13081,18-24,Ramat Gan,Burger,kosher,2023-11-20
13082,18-24,Rehovot,Japanese,none,2023-11-07
13083,25-34,Kfar Saba,Thai,vegetarian,2025-02-13
13084,18-24,Givatayim,Sushi,gluten_free,2023-10-29
13085,25-34,Ashdod,Pizza,none,2025-06-23
13086,35-44,Rehovot,Thai,halal,2023-02-19
13087,45-54,Jerusalem,Pizza,halal,2025-07-18
13088,18-24,Eilat,Seafood,halal,2023-01-26
13089,18-24,Netanya,Steakhouse,halal,2024-06-10
13090,25-34,Rehovot,Mediterranean,vegetarian,2023-07-25
13091,25-34,Netanya,Mediterranean,low_carb,2024-01-14
13092,45-54,Haifa,Steakhouse,vegan,2023-05-19
13093,25-34,Holon,Mexican,gluten_free,2024-09-29
13094,35-44,Eilat,Mexican,low_carb,2023-02-06
13095,45-54,Givatayim,Mexican,gluten_free,2024-07-04
13096,35-44,Eilat,Sushi,gluten_free,2023-04-20
13097,45-54,Tel Aviv,Cafe,none,2024-09-15
13098,25-34,Ramat Gan,Pizza,gluten_free,2023-07-21
13099,45-54,Jerusalem,Burger,low_carb,2024-12-14
13100,45-54,Eilat,Steakhouse,vegan,2024-04-06
13101,18-24,Jerusalem,Japanese,gluten_free,2023-02-06
13102,25-34,Herzliya,Sushi,halal,2024-10-28
13103,35-44,Givatayim,Seafood,vegetarian,2023-06-01
13104,25-34,Beer Sheva,Asian,halal,2023-09-04
13105,55+,Ashdod,Vegan,halal,2024-05-17
13106,55+,Rishon LeZion,Israeli,halal,2023-02-02
13107,25-34,Petah Tikva,Steakhouse,none,2024-12-07
13108,25-34,Netanya,Greek,none,2024-04-28
13109,45-54,Jerusalem,Italian,vegetarian,2023-11-01
13110,18-24,Rehovot,Italian,low_carb,2023-03-14
13111,55+,Givatayim,Seafood,kosher,2024-03-13
13112,35-44,Beer Sheva,Steakhouse,halal,2024-08-07
13113,18-24,Haifa,Steakhouse,kosher,2024-08-24
13114,45-54,Jerusalem,Mediterranean,kosher,2025-05-29
13115,18-24,Herzliya,Indian,halal,2024-01-04
13116,18-24,Beer Sheva,Japanese,halal,2024-02-28
13117,18-24,Rishon LeZion,Pizza,low_carb,2024-09-01
13118,25-34,Kfar Saba,Greek,low_carb,2023-10-27
13119,45-54,Tel Aviv,Israeli,gluten_free,2024-08-03
13120,55+,Beer Sheva,Steakhouse,none,2025-04-20
13121,25-34,Givatayim,Greek,kosher,2024-03-21
13122,45-54,Ramat Gan,Mexican,none,2023-01-07
13123,18-24,Rehovot,Burger,low_carb,2023-09-13
13124,18-24,Tel Aviv,Japanese,kosher,2023-09-05
13125,18-24,Ramat Gan,Cafe,none,2024-02-04
13126,25-34,Givatayim,Italian,kosher,2024-09-10
13127,35-44,Ashdod,Mediterranean,gluten_free,2023-09-14
13128,55+,Herzliya,Italian,kosher,2025-07-09
13129,45-54,Jerusalem,Pizza,low_carb,2023-08-16
13130,25-34,Eilat,Seafood,gluten_free,2025-06-02
13131,55+,Eilat,Seafood,vegetarian,2024-03-04
13132,25-34,Beer Sheva,Cafe,vegan,2023-09-30
13133,45-54,Tel Aviv,Seafood,none,2023-11-10
13134,45-54,Rehovot,Indian,kosher,2024-03-18
13135,55+,Netanya,Seafood,halal,2024-03-16
13136,18-24,Haifa,Mexican,vegan,2025-08-17
13137,18-24,Kfar Saba,Burger,gluten_free,2024-01-17
13138,35-44,Eilat,Japanese,gluten_free,2024-01-15
13139,45-54,Rehovot,Vegan,gluten_free,2024-03-25
13140,18-24,Holon,Sushi,none,2023-04-11
13141,25-34,Jerusalem,Greek,vegan,2024-06-08
13142,35-44,Rishon LeZion,Vegan,none,2024-06-13
13143,45-54,Haifa,Japanese,kosher,2023-03-26
13144,18-24,Tel Aviv,Cafe,low_carb,2024-08-12
13145,18-24,Haifa,Sushi,vegetarian,2024-11-01
13146,55+,Ashdod,Sushi,kosher,2025-02-07
13147,45-54,Rishon LeZion,Israeli,kosher,2023-05-14
13148,55+,Netanya,Italian,gluten_free,2023-07-20
13149,18-24,Petah Tikva,Israeli,vegetarian,2023-03-24
13150,25-34,Herzliya,Indian,gluten_free,2023-10-20
13151,18-24,Holon,Thai,vegan,2023-10-22
13152,55+,Eilat,Steakhouse,vegetarian,2023-08-02
13153,25-34,Netanya,Greek,vegetarian,2025-05-25
13154,35-44,Tel Aviv,Sushi,low_carb,2024-01-14
13155,18-24,Givatayim,Burger,none,2023-09-09
13156,55+,Beer Sheva,Mexican,gluten_free,2023-09-30
13157,55+,Ashdod,Sushi,halal,2025-05-12
13158,18-24,Haifa,Thai,none,2024-09-10
13159,25-34,Petah Tikva,Indian,vegan,2024-01-05
13160,55+,Holon,Sushi,kosher,2023-09-23
13161,18-24,Haifa,Cafe,kosher,2023-09-23
13162,55+,Holon,Vegan,none,2023-09-06
13163,25-34,Tel Aviv,Burger,kosher,2025-04-21
13164,55+,Petah Tikva,Mediterranean,kosher,2025-08-27
13165,35-44,Netanya,Cafe,none,2025-01-03
13166,35-44,Ramat Gan,Thai,halal,2025-04-19
13167,25-34,Beer Sheva,Mexican,vegan,2023-03-10
13168,55+,Herzliya,Cafe,vegetarian,2024-09-21
13169,55+,Rishon LeZion,Pizza,halal,2023-08-14
13170,35-44,Tel Aviv,Pizza,vegan,2024-05-28
13171,25-34,Ramat Gan,Mediterranean,gluten_free,2023-12-16
13172,25-34,Herzliya,Israeli,halal,2024-11-02
13173,35-44,Herzliya,Greek,halal,2023-06-17
13174,35-44,Kfar Saba,Seafood,vegetarian,2025-02-17
13175,25-34,Netanya,Asian,vegetarian,2024-05-04
13176,35-44,Beer Sheva,Greek,vegetarian,2024-04-28
13177,18-24,Petah Tikva,Vegan,vegan,2023-06-17
13178,35-44,Rishon LeZion,Asian,vegan,2024-06-15
13179,55+,Beer Sheva,Seafood,low_carb,2024-03-26
13180,45-54,Givatayim,Thai,low_carb,2024-06-30
13181,35-44,Ramat Gan,Steakhouse,low_carb,2023-04-26
13182,25-34,Ramat Gan,Sushi,halal,2023-06-18
13183,18-24,Givatayim,Mexican,halal,2024-06-11
13184,45-54,Ashdod,Japanese,vegetarian,2023-11-12
13185,18-24,Rishon LeZion,Asian,vegetarian,2024-02-01
13186,18-24,Rishon LeZion,Sushi,vegan,2023-07-23
13187,45-54,Ramat Gan,Italian,vegetarian,2024-06-12
13188,35-44,Tel Aviv,Asian,vegan,2023-09-21
13189,35-44,Herzliya,Japanese,vegan,2024-09-07
13190,35-44,Jerusalem,Seafood,gluten_free,2024-07-25
13191,25-34,Ashdod,Greek,low_carb,2024-12-11
13192,25-34,Kfar Saba,Asian,vegan,2024-07-24
13193,35-44,Beer Sheva,Seafood,vegan,2024-12-09
13194,45-54,Rehovot,Asian,kosher,2023-11-09
13195,18-24,Rehovot,Sushi,vegetarian,2025-09-07
13196,55+,Jerusalem,Sushi,halal,2024-08-30
13197,45-54,Tel Aviv,Sushi,halal,2024-12-22
13198,45-54,Kfar Saba,Indian,gluten_free,2024-11-07
13199,18-24,Eilat,Pizza,gluten_free,2023-03-12
13200,45-54,Kfar Saba,Israeli,kosher,2024-06-08
13201,55+,Haifa,Italian,low_carb,2023-01-20
13202,55+,Rehovot,Mediterranean,gluten_free,2023-11-20
13203,25-34,Rishon LeZion,Mexican,kosher,2024-07-29
13204,45-54,Beer Sheva,Burger,vegan,2024-08-24
13205,18-24,Givatayim,Steakhouse,low_carb,2023-03-24
13206,45-54,Herzliya,Asian,vegetarian,2023-06-15
13207,25-34,Ramat Gan,Thai,kosher,2024-04-12
13208,25-34,Kfar Saba,Burger,vegan,2023-04-25
13209,35-44,Netanya,Vegan,halal,2025-08-10
13210,45-54,Herzliya,Israeli,vegetarian,2024-04-19
13211,35-44,Eilat,Greek,vegan,2023-06-16
13212,18-24,Herzliya,Burger,low_carb,2024-06-27
13213,45-54,Netanya,Mediterranean,vegetarian,2025-05-26
13214,45-54,Kfar Saba,Indian,halal,2024-09-21
13215,35-44,Haifa,Thai,low_carb,2024-01-27
13216,18-24,Petah Tikva,Pizza,low_carb,2023-02-07
13217,18-24,Rishon LeZion,Cafe,halal,2023-07-14
13218,45-54,Netanya,Burger,vegetarian,2024-03-18
13219,25-34,Haifa,Cafe,gluten_free,2025-03-20
13220,18-24,Givatayim,Italian,kosher,2023-11-29
13221,18-24,Haifa,Mexican,gluten_free,2023-07-19
13222,55+,Petah Tikva,Burger,none,2025-04-02
13223,35-44,Kfar Saba,Asian,vegan,2024-03-12
13224,18-24,Petah Tikva,Japanese,vegan,2023-10-29
13225,25-34,Beer Sheva,Steakhouse,gluten_free,2024-03-07
13226,45-54,Netanya,Japanese,vegetarian,2024-03-23
13227,55+,Beer Sheva,Italian,vegan,2023-10-17
13228,35-44,Tel Aviv,Pizza,halal,2025-01-07
13229,18-24,Givatayim,Asian,kosher,2025-08-05
13230,55+,Holon,Cafe,vegetarian,2023-05-23
13231,55+,Beer Sheva,Mediterranean,vegan,2023-02-02
13232,18-24,Kfar Saba,Italian,halal,2025-01-06
13233,35-44,Holon,Indian,vegan,2025-04-30
13234,35-44,Kfar Saba,Mexican,gluten_free,2023-03-14
13235,55+,Givatayim,Greek,none,2023-01-01
13236,25-34,Holon,Italian,kosher,2024-09-04
13237,35-44,Ashdod,Burger,vegan,2024-09-07
13238,18-24,Ashdod,Thai,vegan,2025-06-12
13239,18-24,Kfar Saba,Asian,kosher,2024-05-21
13240,25-34,Ashdod,Pizza,low_carb,2023-05-21
13241,25-34,Holon,Mediterranean,none,2025-08-30
13242,55+,Kfar Saba,Seafood,halal,2025-02-14
13243,25-34,Herzliya,Pizza,vegan,2023-02-26
13244,18-24,Petah Tikva,Greek,gluten_free,2023-08-24
13245,25-34,Kfar Saba,Israeli,none,2025-04-08
13246,18-24,Rishon LeZion,Greek,kosher,2024-02-07
13247,18-24,Ramat Gan,Vegan,none,2025-04-01
13248,45-54,Eilat,Sushi,low_carb,2024-12-18
13249,25-34,Rehovot,Indian,none,2023-11-21
13250,35-44,Rishon LeZion,Israeli,kosher,2023-05-16
13251,35-44,Petah Tikva,Greek,vegan,2024-01-04
13252,55+,Netanya,Thai,gluten_free,2024-07-16
13253,25-34,Jerusalem,Pizza,gluten_free,2025-02-22
13254,18-24,Netanya,Mediterranean,kosher,2024-07-02
13255,55+,Petah Tikva,Israeli,vegetarian,2024-01-10
13256,35-44,Herzliya,Mexican,vegan,2025-08-21
13257,45-54,Ramat Gan,Thai,vegetarian,2024-05-25
13258,35-44,Netanya,Seafood,kosher,2023-06-20
13259,45-54,Netanya,Italian,kosher,2024-12-22
13260,45-54,Givatayim,Seafood,halal,2023-08-02
13261,25-34,Tel Aviv,Sushi,vegetarian,2023-10-15
13262,25-34,Haifa,Steakhouse,vegetarian,2023-08-16
13263,18-24,Tel Aviv,Japanese,halal,2023-02-08
13264,35-44,Jerusalem,Vegan,vegan,2024-01-11
13265,35-44,Ramat Gan,Seafood,gluten_free,2024-07-13
13266,35-44,Kfar Saba,Japanese,vegetarian,2025-07-20
13267,55+,Ashdod,Israeli,gluten_free,2023-04-05
13268,35-44,Kfar Saba,Greek,vegan,2023-06-30
13269,35-44,Herzliya,Burger,vegetarian,2023-04-04
13270,18-24,Eilat,Greek,vegetarian,2023-02-21
13271,35-44,Holon,Sushi,halal,2023-10-02
13272,18-24,Beer Sheva,Cafe,kosher,2024-03-22
13273,55+,Rishon LeZion,Indian,gluten_free,2025-04-15
13274,35-44,Netanya,Mediterranean,vegetarian,2024-05-02
13275,45-54,Givatayim,Burger,vegetarian,2024-08-28
13276,25-34,Holon,Steakhouse,halal,2025-05-16
13277,25-34,Rishon LeZion,Mexican,vegetarian,2025-04-28
13278,45-54,Beer Sheva,Italian,none,2025-05-24
13279,55+,Netanya,Japanese,halal,2023-07-15
13280,55+,Jerusalem,Mexican,gluten_free,2025-06-01
13281,55+,Netanya,Indian,vegetarian,2023-01-20
13282,55+,Tel Aviv,Burger,low_carb,2024-07-13
13283,25-34,Rishon LeZion,Sushi,vegan,2024-04-14
13284,25-34,Holon,Mediterranean,vegan,2023-05-05
13285,45-54,Netanya,Thai,gluten_free,2025-04-18
13286,55+,Ramat Gan,Italian,kosher,2023-04-11
13287,55+,Beer Sheva,Cafe,gluten_free,2025-05-06
13288,35-44,Ramat Gan,Sushi,halal,2024-03-24
13289,35-44,Holon,Cafe,low_carb,2023-04-15
13290,25-34,Herzliya,Burger,none,2025-07-22
13291,18-24,Beer Sheva,Cafe,vegetarian,2024-07-25
13292,18-24,Ramat Gan,Mediterranean,vegetarian,2024-05-28
13293,25-34,Eilat,Burger,halal,2023-01-06
13294,35-44,Petah Tikva,Indian,low_carb,2023-01-24
13295,18-24,Haifa,Sushi,none,2023-12-23
13296,35-44,Netanya,Sushi,none,2025-05-17
13297,25-34,Herzliya,Israeli,low_carb,2024-08-07
13298,45-54,Ramat Gan,Cafe,none,2024-10-20
13299,25-34,Holon,Pizza,gluten_free,2023-10-06
13300,18-24,Rehovot,Mediterranean,gluten_free,2024-03-01
13301,45-54,Tel Aviv,Mexican,none,2024-12-25
13302,45-54,Ashdod,Greek,kosher,2024-02-08
13303,55+,Holon,Asian,vegetarian,2025-09-21
13304,25-34,Netanya,Thai,halal,2025-01-14
13305,35-44,Tel Aviv,Italian,vegan,2024-10-12
13306,18-24,Givatayim,Mexican,vegetarian,2024-10-02
13307,25-34,Ashdod,Pizza,low_carb,2023-03-07
13308,25-34,Ashdod,Cafe,halal,2023-03-28
13309,25-34,Eilat,Japanese,gluten_free,2024-06-13
13310,25-34,Givatayim,Indian,kosher,2024-03-01
13311,35-44,Petah Tikva,Japanese,kosher,2024-02-25
13312,35-44,Netanya,Seafood,vegan,2024-04-23
13313,55+,Holon,Asian,vegetarian,2023-05-24
13314,25-34,Petah Tikva,Burger,halal,2025-05-21
13315,25-34,Rishon LeZion,Mediterranean,vegan,2023-04-23
13316,18-24,Holon,Greek,none,2025-08-23
13317,18-24,Holon,Mediterranean,vegan,2024-03-22
13318,45-54,Tel Aviv,Asian,gluten_free,2025-06-29
13319,35-44,Givatayim,Italian,low_carb,2023-01-28
13320,25-34,Tel Aviv,Cafe,kosher,2023-06-10
13321,18-24,Rehovot,Mexican,vegetarian,2024-10-23
13322,18-24,Eilat,Indian,gluten_free,2025-01-19
13323,18-24,Rehovot,Sushi,gluten_free,2024-08-05
13324,45-54,Netanya,Steakhouse,halal,2024-12-27
13325,55+,Petah Tikva,Sushi,halal,2025-04-09
13326,45-54,Tel Aviv,Indian,kosher,2025-02-27
13327,25-34,Jerusalem,Japanese,halal,2024-05-09
13328,35-44,Netanya,Thai,vegetarian,2024-08-20
13329,18-24,Givatayim,Thai,low_carb,2024-03-08
13330,25-34,Eilat,Mexican,none,2025-08-08
13331,18-24,Rishon LeZion,Seafood,none,2023-06-12
13332,35-44,Petah Tikva,Thai,vegetarian,2023-11-08
13333,18-24,Givatayim,Pizza,gluten_free,2024-06-12
13334,55+,Rehovot,Indian,vegan,2025-04-14
13335,45-54,Holon,Steakhouse,low_carb,2023-03-11
13336,35-44,Netanya,Steakhouse,halal,2024-08-15
13337,25-34,Holon,Cafe,vegetarian,2025-07-24
13338,55+,Kfar Saba,Burger,none,2024-09-20
13339,18-24,Holon,Asian,none,2024-12-03
13340,45-54,Rishon LeZion,Asian,halal,2024-07-07
13341,35-44,Holon,Israeli,low_carb,2025-07-23
13342,55+,Petah Tikva,Mexican,vegetarian,2023-08-26
13343,18-24,Beer Sheva,Mediterranean,halal,2024-09-20
13344,45-54,Holon,Mediterranean,vegetarian,2024-03-08
13345,45-54,Holon,Thai,none,2025-07-28
13346,18-24,Kfar Saba,Cafe,vegetarian,2024-10-09
13347,35-44,Beer Sheva,Sushi,low_carb,2024-05-02
13348,25-34,Tel Aviv,Mexican,halal,2024-08-28
13349,25-34,Kfar Saba,Mexican,kosher,2023-05-26
13350,45-54,Haifa,Cafe,vegan,2023-02-17
13351,55+,Kfar Saba,Italian,vegan,2023-08-16
13352,45-54,Jerusalem,Cafe,vegetarian,2023-12-02
13353,45-54,Tel Aviv,Mediterranean,halal,2024-11-18
13354,55+,Givatayim,Israeli,none,2023-12-06
13355,18-24,Eilat,Asian,vegan,2024-02-22
13356,45-54,Netanya,Sushi,halal,2025-06-23
13357,45-54,Rehovot,Japanese,vegan,2025-04-24
13358,45-54,Herzliya,Seafood,low_carb,2024-10-11
13359,45-54,Holon,Sushi,kosher,2024-12-05
13360,35-44,Ashdod,Sushi,vegetarian,2025-07-03
13361,18-24,Eilat,Burger,gluten_free,2025-05-21
13362,45-54,Beer Sheva,Cafe,halal,2023-07-28
13363,25-34,Petah Tikva,Japanese,gluten_free,2025-01-25
13364,35-44,Holon,Sushi,vegetarian,2023-04-08
13365,55+,Haifa,Israeli,low_carb,2024-05-06
13366,55+,Ashdod,Sushi,kosher,2023-10-02
13367,45-54,Ashdod,Greek,gluten_free,2023-12-14
13368,55+,Haifa,Japanese,vegan,2025-05-18
13369,55+,Rishon LeZion,Burger,vegetarian,2024-12-26
13370,35-44,Givatayim,Steakhouse,halal,2025-09-20
13371,55+,Herzliya,Seafood,kosher,2023-05-01
13372,35-44,Petah Tikva,Mediterranean,vegan,2023-08-29
13373,35-44,Ramat Gan,Asian,halal,2023-10-30
13374,18-24,Herzliya,Asian,vegan,2025-08-22
13375,35-44,Givatayim,Cafe,none,2024-08-10
13376,35-44,Petah Tikva,Asian,halal,2024-08-12
13377,45-54,Haifa,Burger,vegetarian,2024-08-05
13378,45-54,Beer Sheva,Sushi,none,2024-05-26
13379,18-24,Rishon LeZion,Mediterranean,vegetarian,2025-08-28
13380,18-24,Beer Sheva,Seafood,gluten_free,2023-01-07
13381,35-44,Jerusalem,Mexican,vegan,2023-07-08
13382,45-54,Rehovot,Thai,gluten_free,2025-03-11
13383,25-34,Rehovot,Vegan,vegetarian,2024-03-09
13384,35-44,Jerusalem,Italian,none,2023-07-29
13385,45-54,Ashdod,Steakhouse,halal,2023-12-28
13386,45-54,Givatayim,Asian,gluten_free,2025-07-24
13387,45-54,Petah Tikva,Mediterranean,gluten_free,2023-03-26
13388,18-24,Jerusalem,Asian,halal,2023-01-14
13389,25-34,Eilat,Asian,vegan,2025-08-28
13390,35-44,Kfar Saba,Pizza,kosher,2024-01-04
13391,35-44,Rehovot,Thai,halal,2023-10-25
13392,35-44,Petah Tikva,Japanese,vegan,2025-05-26
13393,25-34,Eilat,Burger,gluten_free,2025-02-14
13394,35-44,Jerusalem,Burger,none,2024-11-12
13395,35-44,Eilat,Cafe,kosher,2023-10-31
13396,18-24,Netanya,Cafe,vegan,2023-07-27
13397,45-54,Netanya,Sushi,kosher,2023-05-27
13398,25-34,Kfar Saba,Vegan,gluten_free,2025-08-15
13399,55+,Rehovot,Steakhouse,kosher,2023-05-16
13400,35-44,Givatayim,Vegan,vegan,2024-10-18
13401,25-34,Tel Aviv,Asian,low_carb,2023-07-19
13402,45-54,Haifa,Steakhouse,vegan,2024-07-29
13403,35-44,Herzliya,Japanese,kosher,2025-02-17
13404,18-24,Kfar Saba,Pizza,low_carb,2025-07-18
13405,35-44,Beer Sheva,Sushi,halal,2024-05-05
13406,35-44,Netanya,Mediterranean,vegetarian,2024-06-24
13407,18-24,Petah Tikva,Thai,vegetarian,2024-10-08
13408,45-54,Netanya,Asian,kosher,2025-04-06
13409,55+,Givatayim,Asian,vegan,2023-05-16
13410,45-54,Holon,Greek,gluten_free,2024-11-25
13411,25-34,Tel Aviv,Italian,vegan,2024-06-21
13412,18-24,Tel Aviv,Mexican,halal,2025-05-06
13413,18-24,Beer Sheva,Asian,halal,2023-09-13
13414,25-34,Ramat Gan,Mexican,halal,2023-12-12
13415,18-24,Rehovot,Japanese,vegetarian,2024-06-01
13416,35-44,Eilat,Cafe,kosher,2025-02-08
13417,25-34,Ashdod,Italian,kosher,2025-08-09
13418,18-24,Tel Aviv,Steakhouse,halal,2023-02-10
13419,25-34,Tel Aviv,Steakhouse,vegetarian,2023-10-15
13420,18-24,Jerusalem,Vegan,vegetarian,2023-05-25
13421,25-34,Herzliya,Greek,none,2024-12-24
13422,18-24,Kfar Saba,Italian,gluten_free,2025-01-11
13423,45-54,Ashdod,Burger,vegetarian,2024-09-23
13424,18-24,Rishon LeZion,Mexican,vegetarian,2025-01-06
13425,18-24,Petah Tikva,Japanese,low_carb,2024-07-16
13426,55+,Givatayim,Pizza,low_carb,2025-06-01
13427,45-54,Tel Aviv,Italian,gluten_free,2025-07-01
13428,25-34,Eilat,Mediterranean,halal,2024-02-21
13429,25-34,Rehovot,Pizza,kosher,2025-08-26
13430,25-34,Beer Sheva,Asian,kosher,2023-06-11
13431,55+,Jerusalem,Japanese,low_carb,2024-08-31
13432,25-34,Ramat Gan,Greek,gluten_free,2025-02-15
13433,18-24,Jerusalem,Seafood,vegan,2024-11-28
13434,18-24,Tel Aviv,Asian,vegan,2025-08-19
13435,18-24,Ashdod,Sushi,gluten_free,2023-06-21
13436,35-44,Beer Sheva,Italian,low_carb,2024-04-15
13437,55+,Herzliya,Burger,low_carb,2024-09-24
13438,35-44,Beer Sheva,Seafood,none,2023-03-02
13439,25-34,Herzliya,Asian,halal,2024-10-19
13440,35-44,Beer Sheva,Japanese,vegan,2023-07-01
13441,45-54,Netanya,Italian,none,2024-04-14
13442,18-24,Eilat,Thai,vegan,2024-08-09
13443,45-54,Petah Tikva,Thai,gluten_free,2023-03-20
13444,35-44,Holon,Steakhouse,vegetarian,2025-06-26
13445,45-54,Haifa,Sushi,halal,2023-08-22
13446,55+,Rishon LeZion,Vegan,vegetarian,2023-12-06
13447,18-24,Herzliya,Israeli,vegan,2023-06-20
13448,55+,Eilat,Italian,low_carb,2023-08-23
13449,18-24,Jerusalem,Pizza,halal,2023-09-16
13450,18-24,Givatayim,Vegan,vegetarian,2024-02-06
13451,55+,Rishon LeZion,Burger,none,2025-02-06
13452,45-54,Ramat Gan,Cafe,none,2023-11-07
13453,35-44,Petah Tikva,Greek,vegan,2024-08-25
13454,18-24,Tel Aviv,Israeli,low_carb,2023-10-31
13455,45-54,Tel Aviv,Thai,halal,2024-11-18
13456,45-54,Eilat,Israeli,kosher,2023-08-15
13457,55+,Givatayim,Israeli,low_carb,2023-02-28
13458,45-54,Rehovot,Japanese,vegetarian,2025-04-22
13459,25-34,Tel Aviv,Sushi,gluten_free,2024-04-04
13460,45-54,Jerusalem,Burger,low_carb,2025-02-20
13461,45-54,Givatayim,Mexican,vegetarian,2023-03-06
13462,55+,Ashdod,Japanese,vegetarian,2024-03-21
13463,55+,Givatayim,Seafood,none,2023-07-12
13464,25-34,Kfar Saba,Indian,kosher,2023-08-17
13465,25-34,Ramat Gan,Mexican,low_carb,2023-05-23
13466,55+,Givatayim,Japanese,vegetarian,2025-08-15
13467,25-34,Givatayim,Seafood,halal,2025-05-12
13468,45-54,Tel Aviv,Cafe,kosher,2024-02-27
13469,35-44,Ashdod,Japanese,kosher,2025-01-16
13470,25-34,Givatayim,Cafe,none,2025-07-06
13471,55+,Netanya,Indian,gluten_free,2024-11-29
13472,35-44,Holon,Greek,vegan,2023-05-31
13473,18-24,Holon,Italian,halal,2025-01-29
13474,25-34,Herzliya,Mediterranean,low_carb,2024-10-09
13475,45-54,Petah Tikva,Pizza,low_carb,2025-09-11
13476,18-24,Ramat Gan,Pizza,low_carb,2024-02-03
13477,45-54,Eilat,Thai,halal,2025-02-27
13478,45-54,Ashdod,Mediterranean,halal,2024-01-21
13479,18-24,Rehovot,Israeli,gluten_free,2025-03-16
13480,25-34,Ashdod,Thai,vegetarian,2024-05-05
13481,45-54,Netanya,Sushi,gluten_free,2023-11-29
13482,18-24,Ramat Gan,Thai,vegan,2025-03-18
13483,18-24,Givatayim,Italian,low_carb,2024-03-24
13484,45-54,Netanya,Italian,kosher,2023-02-05
13485,25-34,Rishon LeZion,Indian,vegan,2024-05-11
13486,25-34,Kfar Saba,Thai,vegan,2025-01-22
13487,18-24,Haifa,Mexican,gluten_free,2023-05-25
13488,25-34,Haifa,Japanese,halal,2025-09-06
13489,35-44,Tel Aviv,Israeli,vegan,2023-07-07
13490,18-24,Rehovot,Steakhouse,none,2023-03-21
13491,35-44,Rishon LeZion,Greek,halal,2024-06-10
13492,18-24,Ramat Gan,Burger,vegan,2023-01-17
13493,45-54,Eilat,Thai,low_carb,2024-11-22
13494,55+,Eilat,Cafe,vegetarian,2023-09-15
13495,55+,Eilat,Greek,kosher,2024-01-15
13496,35-44,Petah Tikva,Thai,none,2023-07-19
13497,45-54,Herzliya,Mexican,gluten_free,2023-08-16
13498,45-54,Ashdod,Mexican,gluten_free,2023-01-02
13499,35-44,Haifa,Indian,low_carb,2025-07-10
13500,25-34,Holon,Asian,kosher,2023-05-05
13501,45-54,Herzliya,Thai,low_carb,2023-02-04
13502,45-54,Beer Sheva,Thai,gluten_free,2023-11-23
13503,55+,Ramat Gan,Cafe,low_carb,2025-02-06
13504,25-34,Netanya,Vegan,halal,2024-05-21
13505,25-34,Herzliya,Japanese,vegetarian,2023-02-01
13506,35-44,Kfar Saba,Indian,low_carb,2023-03-25
13507,45-54,Kfar Saba,Vegan,vegan,2024-12-06
13508,18-24,Kfar Saba,Burger,kosher,2024-03-31
13509,35-44,Ashdod,Indian,vegan,2023-11-15
13510,45-54,Rehovot,Thai,halal,2024-01-03
13511,18-24,Holon,Vegan,vegan,2024-11-04
13512,25-34,Rishon LeZion,Thai,kosher,2023-06-22
13513,45-54,Givatayim,Greek,kosher,2025-06-01
13514,18-24,Kfar Saba,Japanese,low_carb,2023-09-19
13515,45-54,Rishon LeZion,Greek,halal,2024-05-19
13516,25-34,Ramat Gan,Italian,halal,2025-07-11
13517,18-24,Rehovot,Pizza,vegan,2024-02-26
13518,18-24,Rishon LeZion,Thai,gluten_free,2024-07-05
13519,45-54,Beer Sheva,Mexican,kosher,2023-05-05
13520,55+,Jerusalem,Vegan,gluten_free,2023-05-11
13521,25-34,Tel Aviv,Seafood,kosher,2024-07-11
13522,45-54,Petah Tikva,Japanese,gluten_free,2023-07-02
13523,45-54,Kfar Saba,Thai,vegan,2023-02-10
13524,55+,Herzliya,Greek,vegan,2023-02-09
13525,55+,Petah Tikva,Japanese,vegetarian,2023-09-12
13526,18-24,Jerusalem,Thai,vegetarian,2025-01-10
13527,18-24,Ashdod,Italian,low_carb,2023-10-04
13528,25-34,Netanya,Asian,gluten_free,2023-01-09
13529,18-24,Tel Aviv,Mexican,vegetarian,2025-05-05
13530,18-24,Eilat,Mediterranean,low_carb,2024-02-09
13531,45-54,Petah Tikva,Japanese,kosher,2025-08-29
13532,55+,Beer Sheva,Thai,kosher,2024-05-11
13533,45-54,Eilat,Mediterranean,none,2024-08-20
13534,45-54,Haifa,Steakhouse,none,2024-06-13
13535,18-24,Givatayim,Asian,kosher,2024-11-22
13536,35-44,Haifa,Israeli,none,2023-10-21
13537,55+,Eilat,Pizza,halal,2025-09-13
13538,55+,Holon,Thai,halal,2023-02-12
13539,18-24,Haifa,Asian,halal,2023-01-29
13540,35-44,Ramat Gan,Indian,none,2025-05-10
13541,55+,Tel Aviv,Burger,kosher,2025-06-27
13542,25-34,Kfar Saba,Cafe,kosher,2024-01-30
13543,18-24,Kfar Saba,Japanese,low_carb,2025-04-15
13544,35-44,Haifa,Cafe,vegan,2023-10-09
13545,55+,Rehovot,Pizza,kosher,2023-10-19
13546,35-44,Rishon LeZion,Italian,kosher,2025-07-30
13547,35-44,Holon,Mediterranean,kosher,2023-01-14
13548,45-54,Netanya,Pizza,gluten_free,2025-03-24
13549,18-24,Ramat Gan,Burger,low_carb,2025-08-12
13550,18-24,Givatayim,Sushi,halal,2025-02-14
13551,35-44,Ashdod,Sushi,low_carb,2024-01-02
13552,35-44,Tel Aviv,Sushi,low_carb,2025-06-01
13553,35-44,Jerusalem,Italian,kosher,2024-02-19
13554,45-54,Tel Aviv,Japanese,halal,2025-08-05
13555,55+,Givatayim,Burger,low_carb,2025-05-28
13556,35-44,Tel Aviv,Italian,vegan,2025-07-04
13557,35-44,Kfar Saba,Vegan,kosher,2025-07-16
13558,18-24,Givatayim,Israeli,none,2024-09-29
13559,45-54,Herzliya,Sushi,halal,2025-06-16
13560,25-34,Netanya,Seafood,kosher,2024-03-14
13561,55+,Netanya,Italian,halal,2025-09-21
13562,35-44,Eilat,Mediterranean,kosher,2025-02-14
13563,55+,Ashdod,Pizza,none,2024-10-25
13564,35-44,Jerusalem,Pizza,vegan,2023-04-11
13565,55+,Netanya,Steakhouse,vegetarian,2023-01-15
13566,55+,Netanya,Steakhouse,low_carb,2023-07-28
13567,55+,Tel Aviv,Pizza,none,2025-08-09
13568,25-34,Haifa,Pizza,gluten_free,2024-03-31
13569,18-24,Ashdod,Israeli,vegan,2024-10-29
13570,45-54,Beer Sheva,Thai,vegan,2025-07-30
13571,45-54,Petah Tikva,Pizza,low_carb,2024-08-15
13572,25-34,Rishon LeZion,Greek,gluten_free,2025-09-25
13573,25-34,Givatayim,Sushi,kosher,2024-04-19
13574,45-54,Rishon LeZion,Mediterranean,vegetarian,2024-09-10
13575,35-44,Eilat,Thai,vegan,2023-01-24
13576,25-34,Ramat Gan,Vegan,halal,2024-06-08
13577,35-44,Netanya,Sushi,halal,2024-08-01
13578,25-34,Eilat,Italian,none,2024-03-16
13579,25-34,Rehovot,Asian,kosher,2024-12-29
13580,25-34,Holon,Japanese,gluten_free,2025-08-18
13581,45-54,Givatayim,Steakhouse,none,2023-06-11
13582,18-24,Beer Sheva,Thai,vegan,2024-05-08
13583,35-44,Beer Sheva,Mexican,vegan,2024-06-26
13584,18-24,Rishon LeZion,Burger,gluten_free,2024-06-28
13585,35-44,Jerusalem,Burger,vegan,2023-10-10
13586,55+,Netanya,Cafe,vegetarian,2023-10-18
13587,18-24,Holon,Italian,vegan,2025-01-08
13588,18-24,Rehovot,Greek,none,2025-05-31
13589,55+,Ramat Gan,Cafe,none,2024-08-26
13590,25-34,Netanya,Steakhouse,gluten_free,2024-09-16
13591,18-24,Eilat,Mexican,halal,2023-12-25
13592,18-24,Rehovot,Thai,low_carb,2023-06-22
13593,18-24,Netanya,Mediterranean,vegetarian,2025-01-27
13594,18-24,Jerusalem,Indian,halal,2025-09-12
13595,18-24,Beer Sheva,Indian,vegetarian,2024-04-14
13596,35-44,Eilat,Thai,vegan,2023-11-08
13597,35-44,Kfar Saba,Thai,gluten_free,2024-01-12
13598,35-44,Petah Tikva,Burger,gluten_free,2024-04-09
13599,55+,Ramat Gan,Japanese,none,2023-09-17
13600,35-44,Kfar Saba,Greek,none,2025-08-20
13601,45-54,Ramat Gan,Mexican,vegetarian,2025-07-13
13602,18-24,Netanya,Mexican,halal,2025-04-17
13603,35-44,Tel Aviv,Cafe,low_carb,2024-05-08
13604,18-24,Givatayim,Greek,low_carb,2024-12-25
13605,45-54,Netanya,Pizza,vegetarian,2025-03-30
13606,18-24,Netanya,Indian,gluten_free,2023-05-13
13607,45-54,Petah Tikva,Greek,vegetarian,2024-08-13
13608,45-54,Rehovot,Burger,vegetarian,2024-02-17
13609,45-54,Tel Aviv,Cafe,vegetarian,2023-01-03
13610,35-44,Jerusalem,Seafood,kosher,2024-01-23
13611,35-44,Beer Sheva,Mexican,none,2023-03-13
13612,55+,Ramat Gan,Seafood,halal,2025-09-21
13613,18-24,Rehovot,Greek,vegan,2023-02-07
13614,18-24,Haifa,Greek,vegetarian,2023-08-24
13615,18-24,Herzliya,Mediterranean,kosher,2023-09-06
13616,55+,Rishon LeZion,Israeli,vegetarian,2024-08-17
13617,25-34,Rishon LeZion,Thai,low_carb,2023-10-12
13618,35-44,Beer Sheva,Burger,low_carb,2025-05-02
13619,35-44,Ashdod,Italian,none,2023-08-20
13620,25-34,Petah Tikva,Vegan,gluten_free,2023-10-01
13621,35-44,Herzliya,Seafood,gluten_free,2024-02-26
13622,45-54,Rehovot,Seafood,low_carb,2024-10-29
13623,35-44,Ramat Gan,Thai,vegan,2024-11-12
13624,45-54,Holon,Israeli,none,2024-05-10
13625,25-34,Kfar Saba,Indian,gluten_free,2025-09-16
13626,18-24,Herzliya,Vegan,vegetarian,2023-10-28
13627,45-54,Haifa,Thai,kosher,2025-07-16
13628,18-24,Holon,Vegan,none,2023-08-12
13629,25-34,Jerusalem,Asian,halal,2024-03-21
13630,25-34,Rishon LeZion,Seafood,halal,2024-03-12
13631,45-54,Rishon LeZion,Thai,kosher,2025-05-05
13632,45-54,Ramat Gan,Sushi,low_carb,2025-08-16
13633,25-34,Rishon LeZion,Mediterranean,vegan,2024-01-30
13634,25-34,Jerusalem,Indian,low_carb,2023-12-03
13635,18-24,Jerusalem,Seafood,vegan,2023-10-31
13636,55+,Beer Sheva,Israeli,vegetarian,2023-04-27
13637,25-34,Rehovot,Thai,kosher,2023-02-07
13638,35-44,Holon,Mediterranean,none,2023-08-27
13639,25-34,Ramat Gan,Indian,vegan,2023-02-17
13640,18-24,Ashdod,Israeli,vegetarian,2024-08-31
13641,55+,Haifa,Israeli,kosher,2024-10-31
13642,45-54,Jerusalem,Seafood,halal,2023-07-20
13643,25-34,Haifa,Thai,none,2024-04-20
13644,55+,Holon,Sushi,low_carb,2023-01-20
13645,18-24,Rehovot,Sushi,kosher,2025-06-19
13646,35-44,Petah Tikva,Pizza,vegan,2023-01-05
13647,45-54,Jerusalem,Italian,gluten_free,2024-07-22
13648,35-44,Givatayim,Sushi,vegetarian,2024-01-04
13649,35-44,Eilat,Mexican,none,2023-08-03
13650,25-34,Haifa,Mexican,none,2024-12-03
13651,25-34,Haifa,Indian,gluten_free,2023-06-16
13652,45-54,Tel Aviv,Sushi,none,2023-06-27
13653,25-34,Petah Tikva,Cafe,none,2025-07-02
13654,45-54,Rishon LeZion,Mexican,none,2025-01-24
13655,25-34,Beer Sheva,Japanese,none,2025-01-23
13656,18-24,Rehovot,Vegan,kosher,2025-02-01
13657,35-44,Jerusalem,Vegan,kosher,2025-08-12
13658,18-24,Tel Aviv,Mediterranean,vegan,2023-08-15
13659,45-54,Ashdod,Vegan,halal,2025-02-13
13660,45-54,Netanya,Burger,kosher,2024-04-01
13661,45-54,Beer Sheva,Steakhouse,gluten_free,2024-10-22
13662,35-44,Beer Sheva,Thai,gluten_free,2023-06-03
13663,35-44,Rishon LeZion,Thai,gluten_free,2025-07-01
13664,55+,Holon,Thai,low_carb,2024-10-19
13665,45-54,Ashdod,Greek,none,2025-06-16
13666,25-34,Jerusalem,Italian,none,2024-10-26
13667,35-44,Rehovot,Vegan,gluten_free,2024-08-05
13668,45-54,Kfar Saba,Asian,vegetarian,2025-04-19
13669,55+,Eilat,Indian,low_carb,2023-02-26
13670,35-44,Givatayim,Pizza,vegetarian,2024-04-03
13671,55+,Eilat,Israeli,vegan,2023-03-14
13672,45-54,Kfar Saba,Thai,low_carb,2025-05-02
13673,45-54,Beer Sheva,Burger,low_carb,2024-05-02
13674,25-34,Jerusalem,Pizza,halal,2023-09-14
13675,18-24,Rehovot,Asian,vegan,2025-06-17
13676,45-54,Jerusalem,Burger,kosher,2024-05-28
13677,55+,Givatayim,Greek,vegetarian,2023-10-07
13678,45-54,Petah Tikva,Japanese,kosher,2024-07-16
13679,45-54,Netanya,Cafe,gluten_free,2024-09-05
13680,55+,Tel Aviv,Burger,vegetarian,2024-06-15
13681,18-24,Rehovot,Pizza,low_carb,2024-02-15
13682,35-44,Petah Tikva,Pizza,low_carb,2023-11-02
13683,18-24,Holon,Burger,kosher,2023-03-24
13684,25-34,Herzliya,Greek,gluten_free,2023-04-27
13685,18-24,Tel Aviv,Cafe,low_carb,2023-02-04
13686,25-34,Kfar Saba,Steakhouse,halal,2025-06-08
13687,18-24,Haifa,Cafe,none,2025-03-11
13688,45-54,Haifa,Mexican,halal,2025-07-06
13689,18-24,Beer Sheva,Seafood,low_carb,2024-02-08
13690,18-24,Rishon LeZion,Seafood,gluten_free,2024-12-09
13691,35-44,Holon,Asian,none,2024-08-07
13692,35-44,Haifa,Indian,none,2024-03-14
13693,55+,Haifa,Burger,gluten_free,2024-02-22
13694,18-24,Beer Sheva,Cafe,none,2024-06-05
13695,35-44,Kfar Saba,Greek,kosher,2024-06-21
13696,18-24,Tel Aviv,Israeli,none,2023-10-02
13697,55+,Holon,Mediterranean,halal,2024-02-11
13698,18-24,Beer Sheva,Asian,gluten_free,2024-05-01
13699,25-34,Petah Tikva,Thai,halal,2024-08-29
13700,45-54,Ramat Gan,Italian,low_carb,2024-05-25
13701,25-34,Petah Tikva,Seafood,kosher,2024-06-25
13702,18-24,Rehovot,Italian,vegetarian,2024-06-30
13703,35-44,Jerusalem,Thai,gluten_free,2025-06-26
13704,45-54,Netanya,Pizza,vegetarian,2024-10-12
13705,18-24,Netanya,Indian,kosher,2025-05-15
13706,45-54,Holon,Pizza,none,2024-05-17
13707,18-24,Kfar Saba,Vegan,vegan,2024-09-09
13708,45-54,Herzliya,Asian,vegetarian,2024-07-15
13709,35-44,Eilat,Cafe,vegetarian,2023-09-09
13710,35-44,Ashdod,Pizza,gluten_free,2024-07-09
13711,35-44,Eilat,Greek,low_carb,2023-05-02
13712,35-44,Netanya,Seafood,vegetarian,2024-08-26
13713,18-24,Kfar Saba,Pizza,low_carb,2023-05-09
13714,18-24,Ramat Gan,Steakhouse,gluten_free,2024-06-27
13715,25-34,Haifa,Japanese,kosher,2024-09-21
13716,35-44,Holon,Italian,halal,2025-03-05
13717,55+,Jerusalem,Mexican,gluten_free,2024-02-06
13718,18-24,Rishon LeZion,Mediterranean,low_carb,2023-09-06
13719,18-24,Givatayim,Israeli,gluten_free,2024-08-28
13720,35-44,Kfar Saba,Mexican,vegetarian,2025-05-30
13721,35-44,Rishon LeZion,Burger,gluten_free,2023-12-08
13722,45-54,Netanya,Vegan,kosher,2023-02-06
13723,18-24,Kfar Saba,Cafe,vegan,2023-06-15
13724,35-44,Ashdod,Mexican,vegan,2024-02-03
13725,18-24,Petah Tikva,Indian,kosher,2023-02-16
13726,55+,Ashdod,Japanese,vegan,2023-04-04
13727,18-24,Beer Sheva,Steakhouse,none,2025-02-04
13728,18-24,Beer Sheva,Cafe,gluten_free,2023-12-03
13729,18-24,Kfar Saba,Cafe,vegetarian,2024-06-11
13730,18-24,Ashdod,Thai,kosher,2023-04-04
13731,35-44,Rehovot,Mexican,none,2024-08-09
13732,55+,Haifa,Cafe,low_carb,2024-07-17
13733,45-54,Tel Aviv,Asian,halal,2025-02-21
13734,55+,Ramat Gan,Greek,kosher,2024-01-19
13735,18-24,Kfar Saba,Thai,none,2023-06-26
13736,18-24,Tel Aviv,Mexican,none,2024-05-20
13737,18-24,Tel Aviv,Seafood,none,2025-08-26
13738,18-24,Beer Sheva,Pizza,gluten_free,2023-04-26
13739,55+,Netanya,Mexican,vegan,2025-06-28
13740,45-54,Tel Aviv,Steakhouse,low_carb,2023-06-28
13741,35-44,Ramat Gan,Burger,vegan,2024-02-26
13742,35-44,Beer Sheva,Burger,gluten_free,2023-04-25
13743,45-54,Kfar Saba,Steakhouse,vegan,2023-09-29
13744,18-24,Kfar Saba,Asian,halal,2025-05-25
13745,35-44,Holon,Pizza,vegetarian,2025-09-20
13746,18-24,Rishon LeZion,Israeli,gluten_free,2024-08-22
13747,55+,Eilat,Italian,vegetarian,2025-04-09
13748,25-34,Kfar Saba,Sushi,vegan,2023-05-04
13749,45-54,Jerusalem,Greek,kosher,2025-01-16
13750,18-24,Petah Tikva,Pizza,halal,2024-05-05
13751,18-24,Holon,Sushi,gluten_free,2025-08-17
13752,35-44,Herzliya,Asian,none,2024-04-17
13753,35-44,Jerusalem,Italian,gluten_free,2023-06-05
13754,25-34,Haifa,Mediterranean,none,2025-02-28
13755,45-54,Kfar Saba,Indian,gluten_free,2023-09-28
13756,55+,Petah Tikva,Japanese,vegetarian,2024-06-08
13757,18-24,Tel Aviv,Indian,low_carb,2023-02-09
13758,55+,Rehovot,Greek,vegetarian,2024-11-22
13759,45-54,Jerusalem,Cafe,kosher,2025-02-13
13760,45-54,Ashdod,Japanese,vegetarian,2024-11-08
13761,55+,Givatayim,Vegan,vegetarian,2023-09-22
13762,25-34,Netanya,Israeli,vegan,2023-10-13
13763,45-54,Jerusalem,Pizza,halal,2023-06-17
13764,35-44,Ashdod,Pizza,kosher,2025-06-18
13765,18-24,Holon,Israeli,vegan,2024-09-03
13766,45-54,Tel Aviv,Japanese,low_carb,2025-07-28
13767,18-24,Netanya,Asian,gluten_free,2024-04-04
13768,18-24,Herzliya,Seafood,none,2023-09-11
13769,45-54,Givatayim,Thai,gluten_free,2023-06-13
13770,35-44,Haifa,Mexican,kosher,2023-05-17
13771,55+,Eilat,Burger,none,2023-03-24
13772,55+,Eilat,Indian,vegetarian,2024-05-12
13773,45-54,Rishon LeZion,Cafe,halal,2023-04-29
13774,18-24,Herzliya,Cafe,gluten_free,2023-09-20
13775,18-24,Kfar Saba,Pizza,gluten_free,2025-03-25
13776,35-44,Beer Sheva,Steakhouse,vegetarian,2023-08-17
13777,45-54,Haifa,Greek,kosher,2025-01-28
13778,25-34,Herzliya,Thai,low_carb,2024-04-27
13779,25-34,Herzliya,Pizza,low_carb,2023-10-02
13780,18-24,Ashdod,Vegan,vegetarian,2024-04-06
13781,45-54,Holon,Sushi,halal,2025-07-15
13782,35-44,Jerusalem,Thai,halal,2024-02-26
13783,45-54,Netanya,Steakhouse,vegan,2023-01-12
13784,45-54,Beer Sheva,Mexican,low_carb,2025-06-18
13785,55+,Givatayim,Mediterranean,none,2023-05-18
13786,45-54,Netanya,Greek,halal,2024-08-06
13787,25-34,Netanya,Cafe,none,2023-08-01
13788,35-44,Beer Sheva,Japanese,gluten_free,2025-01-05
13789,25-34,Kfar Saba,Indian,vegan,2024-10-15
13790,35-44,Ramat Gan,Italian,halal,2023-04-16
13791,45-54,Jerusalem,Mexican,gluten_free,2023-09-11
13792,55+,Eilat,Asian,vegan,2025-01-26
13793,45-54,Ashdod,Cafe,kosher,2024-07-26
13794,25-34,Givatayim,Burger,kosher,2024-10-22
13795,25-34,Ashdod,Greek,vegetarian,2024-02-03
13796,45-54,Netanya,Thai,gluten_free,2023-02-20
13797,18-24,Jerusalem,Vegan,vegetarian,2024-09-16
13798,55+,Eilat,Italian,vegan,2024-07-05
13799,25-34,Herzliya,Seafood,vegan,2024-03-06
13800,55+,Netanya,Cafe,kosher,2024-06-11
13801,18-24,Eilat,Italian,gluten_free,2025-09-04
13802,45-54,Ashdod,Indian,gluten_free,2023-07-28
13803,35-44,Rehovot,Sushi,kosher,2023-04-14
13804,25-34,Rishon LeZion,Pizza,vegan,2023-08-12
13805,55+,Herzliya,Mexican,kosher,2023-05-11
13806,45-54,Rishon LeZion,Vegan,vegetarian,2023-11-19
13807,35-44,Ramat Gan,Sushi,low_carb,2023-08-26
13808,35-44,Ramat Gan,Mexican,kosher,2025-05-30
13809,25-34,Givatayim,Mexican,none,2025-01-29
13810,45-54,Holon,Vegan,gluten_free,2024-01-22
13811,25-34,Haifa,Italian,vegan,2024-03-21
13812,35-44,Jerusalem,Greek,vegan,2025-07-04
13813,35-44,Kfar Saba,Pizza,halal,2023-02-09
13814,18-24,Tel Aviv,Sushi,vegetarian,2023-11-22
13815,45-54,Netanya,Burger,low_carb,2023-11-12
13816,45-54,Beer Sheva,Indian,vegan,2023-07-26
13817,55+,Herzliya,Indian,none,2023-08-21
13818,45-54,Jerusalem,Sushi,gluten_free,2025-03-24
13819,45-54,Netanya,Pizza,vegan,2023-09-23
13820,18-24,Ramat Gan,Cafe,halal,2023-10-27
13821,25-34,Herzliya,Pizza,vegetarian,2023-03-30
13822,35-44,Kfar Saba,Mediterranean,halal,2025-03-15
13823,55+,Tel Aviv,Thai,none,2023-11-10
13824,35-44,Ashdod,Mediterranean,low_carb,2023-03-29
13825,55+,Jerusalem,Mexican,gluten_free,2023-01-20
13826,45-54,Haifa,Greek,kosher,2024-02-19
13827,55+,Petah Tikva,Mediterranean,vegetarian,2023-03-26
13828,45-54,Ashdod,Vegan,vegetarian,2024-04-07
13829,45-54,Rishon LeZion,Greek,kosher,2024-05-17
13830,45-54,Ramat Gan,Steakhouse,halal,2023-09-19
13831,35-44,Haifa,Italian,halal,2024-09-24
13832,25-34,Haifa,Japanese,gluten_free,2024-01-13
13833,55+,Holon,Steakhouse,vegetarian,2024-11-24
13834,55+,Holon,Asian,low_carb,2023-12-29
13835,55+,Rehovot,Pizza,vegan,2023-07-21
13836,25-34,Haifa,Indian,vegetarian,2024-11-02
13837,18-24,Ramat Gan,Thai,vegetarian,2023-02-09
13838,35-44,Rehovot,Pizza,gluten_free,2025-01-31
13839,25-34,Petah Tikva,Mediterranean,vegan,2025-05-13
13840,18-24,Rehovot,Greek,gluten_free,2025-07-10
13841,35-44,Holon,Italian,vegan,2024-10-10
13842,35-44,Tel Aviv,Burger,vegan,2023-11-19
13843,18-24,Tel Aviv,Israeli,vegetarian,2025-07-06
13844,35-44,Holon,Italian,gluten_free,2025-06-22
13845,25-34,Netanya,Vegan,vegan,2025-08-31
13846,25-34,Kfar Saba,Indian,halal,2024-07-24
13847,18-24,Beer Sheva,Thai,gluten_free,2024-01-31
13848,35-44,Rehovot,Seafood,halal,2023-08-05
13849,25-34,Eilat,Burger,gluten_free,2023-05-17
13850,55+,Herzliya,Steakhouse,kosher,2024-07-27
13851,55+,Holon,Asian,kosher,2025-08-10
13852,35-44,Rishon LeZion,Greek,kosher,2024-11-12
13853,18-24,Jerusalem,Burger,vegetarian,2023-10-12
13854,45-54,Haifa,Japanese,gluten_free,2023-11-06
13855,45-54,Haifa,Steakhouse,gluten_free,2024-03-03
13856,18-24,Haifa,Steakhouse,gluten_free,2023-06-14
13857,25-34,Netanya,Cafe,gluten_free,2024-03-29
13858,55+,Herzliya,Steakhouse,none,2025-06-27
13859,35-44,Eilat,Asian,low_carb,2025-05-05
13860,45-54,Jerusalem,Mexican,vegetarian,2024-02-23
13861,55+,Rehovot,Steakhouse,kosher,2023-08-06
13862,45-54,Herzliya,Japanese,none,2023-08-06
13863,25-34,Netanya,Italian,vegan,2023-12-11
13864,45-54,Holon,Vegan,low_carb,2023-09-11
13865,18-24,Ashdod,Mediterranean,gluten_free,2025-07-26
13866,18-24,Rishon LeZion,Israeli,vegan,2024-08-09
13867,18-24,Herzliya,Italian,gluten_free,2023-03-28
13868,45-54,Beer Sheva,Italian,vegan,2024-08-07
13869,55+,Beer Sheva,Italian,kosher,2025-07-23
13870,35-44,Rishon LeZion,Italian,gluten_free,2023-02-09
13871,18-24,Rishon LeZion,Greek,halal,2025-02-05
13872,18-24,Petah Tikva,Israeli,gluten_free,2023-06-17
13873,25-34,Givatayim,Italian,kosher,2024-06-14
13874,25-34,Ramat Gan,Israeli,halal,2024-05-27
13875,25-34,Rishon LeZion,Mediterranean,vegetarian,2024-04-25
13876,18-24,Beer Sheva,Asian,halal,2024-03-03
13877,18-24,Haifa,Mediterranean,none,2024-07-05
13878,55+,Eilat,Indian,low_carb,2025-01-04
13879,25-34,Eilat,Mexican,none,2023-05-24
13880,35-44,Holon,Italian,vegan,2024-02-04
13881,35-44,Ashdod,Mediterranean,kosher,2025-02-16
13882,18-24,Jerusalem,Indian,kosher,2024-11-16
13883,18-24,Beer Sheva,Cafe,halal,2023-09-06
13884,55+,Ashdod,Italian,vegan,2023-04-03
13885,55+,Eilat,Italian,halal,2025-05-04
13886,35-44,Ashdod,Seafood,halal,2023-12-14
13887,35-44,Ramat Gan,Mexican,vegan,2024-08-31
13888,18-24,Rishon LeZion,Japanese,vegan,2025-06-14
13889,25-34,Holon,Japanese,gluten_free,2023-08-12
13890,35-44,Ramat Gan,Japanese,low_carb,2023-03-17
13891,18-24,Ashdod,Vegan,vegan,2023-06-18
13892,25-34,Jerusalem,Italian,vegan,2024-06-04
13893,55+,Holon,Steakhouse,vegetarian,2024-06-06
13894,45-54,Holon,Vegan,kosher,2025-06-10
13895,55+,Petah Tikva,Greek,vegetarian,2025-07-16
13896,55+,Beer Sheva,Pizza,low_carb,2024-02-16
13897,35-44,Eilat,Vegan,vegetarian,2024-12-21
13898,35-44,Ashdod,Seafood,kosher,2023-10-14
13899,18-24,Jerusalem,Italian,vegetarian,2024-12-26
13900,45-54,Rishon LeZion,Steakhouse,gluten_free,2025-04-26
13901,35-44,Beer Sheva,Cafe,gluten_free,2023-02-22
13902,18-24,Holon,Asian,halal,2024-11-09
13903,55+,Tel Aviv,Thai,vegetarian,2024-06-30
13904,55+,Haifa,Vegan,vegetarian,2025-01-24
13905,35-44,Kfar Saba,Thai,low_carb,2025-01-07
13906,55+,Rishon LeZion,Sushi,none,2023-07-17
13907,55+,Givatayim,Thai,vegetarian,2023-06-06
13908,25-34,Rehovot,Sushi,vegetarian,2023-01-30
13909,18-24,Beer Sheva,Pizza,none,2023-05-17
13910,35-44,Beer Sheva,Mexican,none,2024-08-16
13911,18-24,Rehovot,Japanese,kosher,2024-10-02
13912,35-44,Petah Tikva,Burger,vegetarian,2023-02-24
13913,35-44,Jerusalem,Indian,kosher,2023-02-25
13914,18-24,Rishon LeZion,Mediterranean,vegetarian,2024-03-03
13915,45-54,Ashdod,Mediterranean,gluten_free,2024-04-26
13916,18-24,Haifa,Italian,kosher,2023-12-22
13917,18-24,Ashdod,Thai,halal,2023-03-06
13918,35-44,Ramat Gan,Mexican,vegan,2025-05-11
13919,18-24,Holon,Mediterranean,halal,2024-11-07
13920,25-34,Ramat Gan,Vegan,kosher,2024-07-07
13921,25-34,Eilat,Israeli,halal,2023-10-03
13922,25-34,Ramat Gan,Thai,kosher,2023-10-09
13923,18-24,Ramat Gan,Italian,vegan,2024-04-15
13924,35-44,Netanya,Cafe,vegan,2024-01-29
13925,35-44,Petah Tikva,Pizza,vegan,2024-04-25
13926,45-54,Tel Aviv,Asian,vegetarian,2023-05-22
13927,55+,Haifa,Pizza,low_carb,2024-05-21
13928,55+,Haifa,Indian,vegetarian,2023-03-08
13929,18-24,Givatayim,Indian,low_carb,2025-03-24
13930,25-34,Petah Tikva,Israeli,kosher,2024-06-03
13931,55+,Beer Sheva,Thai,none,2024-08-13
13932,25-34,Givatayim,Steakhouse,vegan,2023-07-09
13933,45-54,Haifa,Steakhouse,vegetarian,2024-01-13
13934,18-24,Eilat,Asian,halal,2025-08-27
13935,55+,Kfar Saba,Vegan,halal,2024-02-29
13936,35-44,Holon,Thai,halal,2023-11-07
13937,35-44,Kfar Saba,Mexican,vegan,2024-08-10
13938,25-34,Rishon LeZion,Pizza,vegetarian,2023-12-27
13939,35-44,Netanya,Burger,gluten_free,2023-05-11
13940,35-44,Holon,Greek,vegan,2024-09-06
13941,25-34,Netanya,Indian,gluten_free,2023-09-09
13942,55+,Netanya,Vegan,low_carb,2024-08-17
13943,25-34,Netanya,Israeli,low_carb,2025-08-22
13944,55+,Rishon LeZion,Seafood,none,2025-05-28
13945,35-44,Beer Sheva,Asian,low_carb,2024-01-11
13946,55+,Kfar Saba,Asian,kosher,2023-11-30
13947,45-54,Petah Tikva,Pizza,kosher,2023-12-24
13948,45-54,Kfar Saba,Asian,halal,2023-01-12
13949,18-24,Holon,Israeli,low_carb,2024-09-27
13950,18-24,Kfar Saba,Indian,low_carb,2023-11-05
13951,55+,Petah Tikva,Seafood,gluten_free,2024-09-11
13952,25-34,Netanya,Indian,vegan,2025-06-17
13953,55+,Ramat Gan,Mexican,vegetarian,2024-03-17
13954,18-24,Netanya,Vegan,vegan,2023-07-07
13955,35-44,Tel Aviv,Pizza,none,2023-09-16
13956,55+,Givatayim,Greek,vegetarian,2023-07-20
13957,25-34,Ashdod,Pizza,none,2024-07-26
13958,25-34,Kfar Saba,Pizza,none,2024-06-11
13959,45-54,Jerusalem,Japanese,gluten_free,2024-09-16
13960,35-44,Eilat,Thai,halal,2024-09-04
13961,25-34,Beer Sheva,Sushi,vegan,2023-03-06
13962,55+,Haifa,Indian,none,2023-08-08
13963,18-24,Jerusalem,Asian,gluten_free,2025-03-05
13964,25-34,Netanya,Cafe,vegetarian,2025-08-28
13965,55+,Ashdod,Pizza,kosher,2024-11-04
13966,55+,Holon,Sushi,halal,2024-06-12
13967,55+,Haifa,Italian,gluten_free,2024-10-30
13968,18-24,Herzliya,Japanese,vegan,2024-09-29
13969,35-44,Givatayim,Burger,vegetarian,2025-07-04
13970,18-24,Haifa,Indian,gluten_free,2023-10-26
13971,45-54,Petah Tikva,Mediterranean,none,2025-05-02
13972,35-44,Eilat,Greek,vegan,2025-04-29
13973,35-44,Ramat Gan,Italian,low_carb,2024-11-24
13974,25-34,Haifa,Burger,low_carb,2023-09-06
13975,35-44,Jerusalem,Burger,none,2025-05-11
13976,45-54,Givatayim,Israeli,halal,2023-11-12
13977,55+,Kfar Saba,Asian,gluten_free,2025-06-04
13978,45-54,Eilat,Mediterranean,kosher,2023-03-22
13979,55+,Petah Tikva,Indian,vegetarian,2025-08-29
13980,18-24,Netanya,Thai,low_carb,2025-05-06
13981,45-54,Holon,Mexican,halal,2024-03-14
13982,25-34,Beer Sheva,Steakhouse,vegetarian,2025-07-31
13983,45-54,Rishon LeZion,Italian,kosher,2024-03-21
13984,45-54,Beer Sheva,Seafood,none,2024-05-22
13985,25-34,Herzliya,Italian,halal,2023-11-12
13986,55+,Rehovot,Asian,vegan,2025-08-15
13987,18-24,Givatayim,Mediterranean,kosher,2023-05-05
13988,35-44,Haifa,Asian,halal,2023-04-15
13989,18-24,Eilat,Cafe,halal,2023-04-26
13990,55+,Jerusalem,Asian,gluten_free,2023-10-18
13991,25-34,Eilat,Burger,none,2024-02-21
13992,18-24,Eilat,Pizza,low_carb,2024-04-12
13993,25-34,Beer Sheva,Mexican,gluten_free,2024-06-02
13994,35-44,Jerusalem,Vegan,kosher,2024-10-07
13995,55+,Rehovot,Greek,vegetarian,2024-08-30
13996,35-44,Ashdod,Mexican,gluten_free,2025-02-08
13997,25-34,Jerusalem,Asian,halal,2025-01-31
13998,35-44,Ashdod,Sushi,vegan,2023-06-22
13999,45-54,Netanya,Thai,gluten_free,2024-03-28
14000,45-54,Kfar Saba,Japanese,halal,2025-02-15
14001,45-54,Givatayim,Indian,vegetarian,2023-06-08
14002,18-24,Givatayim,Vegan,none,2023-05-07
14003,45-54,Ashdod,Israeli,vegan,2024-03-24
14004,55+,Ramat Gan,Sushi,vegetarian,2023-09-27
14005,55+,Eilat,Burger,vegetarian,2024-03-15
14006,35-44,Kfar Saba,Steakhouse,vegan,2024-10-25
14007,35-44,Ramat Gan,Pizza,halal,2025-02-19
14008,18-24,Ashdod,Cafe,vegan,2025-02-16
14009,35-44,Ramat Gan,Sushi,low_carb,2025-01-27
14010,55+,Rehovot,Mediterranean,vegetarian,2025-04-05
14011,55+,Rishon LeZion,Mediterranean,none,2025-09-08
14012,35-44,Herzliya,Greek,kosher,2025-09-06
14013,45-54,Kfar Saba,Steakhouse,kosher,2025-09-26
14014,35-44,Kfar Saba,Indian,vegetarian,2023-04-18
14015,35-44,Haifa,Israeli,vegetarian,2024-06-28
14016,45-54,Herzliya,Mediterranean,vegetarian,2023-07-29
14017,25-34,Ramat Gan,Steakhouse,halal,2024-07-22
14018,45-54,Ashdod,Thai,kosher,2025-07-23
14019,55+,Ramat Gan,Japanese,halal,2025-05-23
14020,45-54,Givatayim,Japanese,gluten_free,2024-02-22
14021,35-44,Rishon LeZion,Cafe,kosher,2023-06-16
14022,55+,Ashdod,Cafe,gluten_free,2023-04-25
14023,35-44,Tel Aviv,Vegan,halal,2023-08-26
14024,55+,Ramat Gan,Italian,kosher,2024-04-30
14025,18-24,Rehovot,Italian,vegan,2025-07-28
14026,55+,Eilat,Steakhouse,halal,2023-06-13
14027,25-34,Ashdod,Asian,low_carb,2025-01-24
14028,55+,Kfar Saba,Indian,vegetarian,2023-08-29
14029,25-34,Herzliya,Greek,none,2023-06-09
14030,25-34,Herzliya,Mexican,none,2025-06-22
14031,18-24,Rishon LeZion,Cafe,vegetarian,2024-10-03
14032,45-54,Holon,Japanese,none,2025-08-10
14033,45-54,Eilat,Steakhouse,none,2025-01-11
14034,55+,Jerusalem,Asian,vegetarian,2025-09-07
14035,18-24,Netanya,Cafe,gluten_free,2025-07-30
14036,25-34,Rehovot,Burger,low_carb,2024-09-29
14037,25-34,Eilat,Italian,vegetarian,2024-01-18
14038,45-54,Haifa,Thai,none,2023-01-08
14039,45-54,Ashdod,Mediterranean,halal,2024-10-15
14040,45-54,Jerusalem,Seafood,vegetarian,2025-01-04
14041,35-44,Rehovot,Pizza,halal,2025-08-19
14042,18-24,Rehovot,Greek,halal,2025-01-31
14043,45-54,Ashdod,Mexican,vegan,2025-01-14
14044,45-54,Tel Aviv,Japanese,vegan,2025-04-21
14045,25-34,Beer Sheva,Greek,none,2025-07-29
14046,35-44,Beer Sheva,Asian,vegan,2024-03-21
14047,35-44,Kfar Saba,Seafood,kosher,2025-04-02
14048,35-44,Petah Tikva,Japanese,halal,2023-12-28
14049,45-54,Eilat,Asian,vegetarian,2023-01-06
14050,45-54,Netanya,Sushi,vegetarian,2024-02-13
14051,25-34,Holon,Greek,kosher,2023-06-06
14052,25-34,Ashdod,Pizza,low_carb,2024-01-22
14053,55+,Haifa,Sushi,low_carb,2023-05-01
14054,55+,Kfar Saba,Mediterranean,kosher,2024-11-19
14055,18-24,Herzliya,Burger,none,2024-01-03
14056,45-54,Haifa,Sushi,vegan,2023-04-10
14057,25-34,Holon,Burger,vegetarian,2024-10-30
14058,45-54,Kfar Saba,Sushi,none,2023-10-25
14059,18-24,Herzliya,Indian,kosher,2025-06-23
14060,25-34,Netanya,Sushi,none,2024-11-15
14061,18-24,Tel Aviv,Indian,vegan,2024-10-18
14062,35-44,Holon,Thai,halal,2024-10-18
14063,35-44,Rehovot,Cafe,gluten_free,2023-10-22
14064,35-44,Tel Aviv,Greek,low_carb,2025-02-13
14065,35-44,Holon,Mexican,vegetarian,2023-01-04
14066,55+,Rishon LeZion,Seafood,low_carb,2024-10-14
14067,35-44,Kfar Saba,Mediterranean,vegetarian,2023-09-27
14068,35-44,Rishon LeZion,Burger,halal,2025-03-13
14069,35-44,Haifa,Burger,vegan,2025-02-15
14070,55+,Herzliya,Burger,vegan,2024-06-19
14071,18-24,Givatayim,Cafe,low_carb,2024-07-30
14072,45-54,Petah Tikva,Steakhouse,vegetarian,2024-09-27
14073,55+,Jerusalem,Cafe,vegan,2023-06-05
14074,55+,Holon,Cafe,low_carb,2024-04-19
14075,35-44,Holon,Seafood,none,2025-08-31
14076,55+,Ashdod,Italian,halal,2024-09-19
14077,55+,Jerusalem,Asian,gluten_free,2025-08-11
14078,35-44,Herzliya,Pizza,vegan,2025-07-26
14079,55+,Petah Tikva,Seafood,none,2025-01-02
14080,35-44,Eilat,Asian,kosher,2023-12-12
14081,35-44,Tel Aviv,Greek,vegetarian,2025-01-08
14082,25-34,Rehovot,Thai,halal,2024-09-16
14083,18-24,Kfar Saba,Steakhouse,low_carb,2024-06-05
14084,55+,Kfar Saba,Thai,none,2023-10-12
14085,18-24,Jerusalem,Italian,vegetarian,2023-05-17
14086,18-24,Petah Tikva,Italian,vegan,2025-05-11
14087,55+,Ramat Gan,Thai,gluten_free,2024-04-08
14088,45-54,Netanya,Cafe,low_carb,2023-01-03
14089,45-54,Holon,Cafe,kosher,2023-10-08
14090,35-44,Rehovot,Thai,gluten_free,2023-10-10
14091,18-24,Tel Aviv,Vegan,halal,2023-10-05
14092,35-44,Ramat Gan,Vegan,kosher,2024-05-17
14093,45-54,Ramat Gan,Steakhouse,vegetarian,2025-03-27
14094,35-44,Herzliya,Indian,vegetarian,2023-01-24
14095,35-44,Petah Tikva,Greek,none,2024-11-13
14096,55+,Eilat,Mediterranean,low_carb,2023-12-10
14097,55+,Jerusalem,Italian,halal,2024-04-05
14098,35-44,Ramat Gan,Israeli,halal,2024-06-11
14099,45-54,Givatayim,Italian,vegan,2025-08-08
14100,55+,Kfar Saba,Japanese,gluten_free,2025-08-12
14101,25-34,Beer Sheva,Asian,gluten_free,2024-09-14
14102,55+,Ramat Gan,Steakhouse,none,2024-02-22
14103,18-24,Haifa,Greek,gluten_free,2023-10-08
14104,45-54,Petah Tikva,Asian,kosher,2025-04-14
14105,45-54,Eilat,Seafood,low_carb,2024-05-01
14106,18-24,Ashdod,Pizza,halal,2024-12-23
14107,18-24,Eilat,Indian,halal,2025-02-16
14108,55+,Eilat,Pizza,vegetarian,2024-05-27
14109,25-34,Ashdod,Pizza,kosher,2025-03-19
14110,35-44,Holon,Indian,vegan,2023-02-11
14111,25-34,Herzliya,Steakhouse,vegan,2023-07-30
14112,45-54,Rishon LeZion,Burger,low_carb,2023-10-13
14113,45-54,Netanya,Italian,vegan,2024-10-22
14114,35-44,Jerusalem,Sushi,vegetarian,2025-03-07
14115,25-34,Rishon LeZion,Mediterranean,low_carb,2024-09-16
14116,25-34,Rehovot,Mexican,low_carb,2025-03-22
14117,45-54,Rishon LeZion,Japanese,halal,2025-04-27
14118,25-34,Kfar Saba,Pizza,vegan,2024-05-30
14119,25-34,Jerusalem,Mexican,gluten_free,2025-04-10
14120,25-34,Beer Sheva,Greek,halal,2023-09-12
14121,55+,Jerusalem,Greek,none,2024-02-04
14122,18-24,Eilat,Burger,vegetarian,2024-02-17
14123,45-54,Givatayim,Greek,gluten_free,2025-09-03
14124,25-34,Haifa,Seafood,vegan,2025-05-18
14125,35-44,Herzliya,Israeli,low_carb,2024-11-07
14126,55+,Rishon LeZion,Seafood,vegan,2025-05-23
14127,25-34,Eilat,Thai,gluten_free,2024-09-04
14128,25-34,Tel Aviv,Greek,none,2025-01-07
14129,35-44,Rishon LeZion,Sushi,halal,2024-05-30
14130,55+,Haifa,Sushi,vegetarian,2023-12-28
14131,25-34,Rehovot,Pizza,low_carb,2024-04-24
14132,35-44,Ramat Gan,Greek,vegetarian,2025-05-28
14133,45-54,Beer Sheva,Greek,vegan,2024-01-30
14134,35-44,Givatayim,Asian,vegan,2023-03-15
14135,55+,Haifa,Cafe,low_carb,2024-07-03
14136,35-44,Holon,Asian,vegan,2023-12-28
14137,35-44,Netanya,Mexican,vegetarian,2024-03-25
14138,18-24,Ashdod,Indian,vegetarian,2024-08-21
14139,35-44,Netanya,Vegan,halal,2024-02-21
14140,18-24,Rehovot,Vegan,vegan,2024-12-25
14141,35-44,Herzliya,Mediterranean,none,2024-04-09
14142,18-24,Rishon LeZion,Thai,kosher,2025-09-25
14143,55+,Petah Tikva,Pizza,gluten_free,2023-03-20
14144,45-54,Givatayim,Vegan,vegan,2023-07-23
14145,35-44,Ramat Gan,Greek,halal,2024-07-01
14146,55+,Netanya,Indian,halal,2024-10-17
14147,45-54,Netanya,Cafe,none,2023-09-07
14148,45-54,Beer Sheva,Pizza,halal,2024-03-16
14149,18-24,Rishon LeZion,Thai,kosher,2024-12-23
14150,25-34,Haifa,Sushi,vegan,2025-08-19
14151,18-24,Givatayim,Cafe,low_carb,2023-10-09
14152,18-24,Haifa,Mexican,none,2024-08-21
14153,18-24,Eilat,Japanese,vegetarian,2024-05-27
14154,55+,Netanya,Vegan,gluten_free,2023-10-23
14155,35-44,Herzliya,Mediterranean,gluten_free,2023-02-05
14156,25-34,Rehovot,Greek,vegetarian,2024-10-27
14157,25-34,Beer Sheva,Cafe,none,2025-05-14
14158,35-44,Holon,Japanese,kosher,2023-07-15
14159,35-44,Petah Tikva,Asian,none,2023-02-24
14160,25-34,Jerusalem,Italian,vegan,2024-10-08
14161,18-24,Petah Tikva,Pizza,halal,2023-02-05
14162,18-24,Holon,Burger,gluten_free,2023-04-03
14163,35-44,Eilat,Steakhouse,gluten_free,2025-08-21
14164,25-34,Netanya,Japanese,halal,2024-12-28
14165,25-34,Rishon LeZion,Japanese,gluten_free,2024-09-01
14166,35-44,Ramat Gan,Japanese,low_carb,2023-03-13
14167,25-34,Kfar Saba,Sushi,low_carb,2023-11-15
14168,35-44,Holon,Mediterranean,gluten_free,2023-12-27
14169,55+,Givatayim,Thai,low_carb,2023-07-09
14170,55+,Rehovot,Asian,kosher,2024-12-24
14171,55+,Holon,Pizza,gluten_free,2024-12-12
14172,55+,Herzliya,Japanese,kosher,2025-03-24
14173,55+,Tel Aviv,Japanese,halal,2024-07-26
14174,18-24,Givatayim,Burger,kosher,2024-08-21
14175,18-24,Netanya,Israeli,none,2025-02-02
14176,35-44,Haifa,Indian,vegetarian,2023-03-31
14177,35-44,Netanya,Vegan,halal,2023-11-26
14178,25-34,Rishon LeZion,Asian,low_carb,2025-03-02
14179,18-24,Kfar Saba,Thai,halal,2025-07-29
14180,18-24,Haifa,Italian,kosher,2025-07-03
14181,35-44,Ramat Gan,Sushi,vegetarian,2023-11-09
14182,18-24,Kfar Saba,Thai,none,2023-10-31
14183,18-24,Beer Sheva,Steakhouse,low_carb,2024-12-20
14184,55+,Beer Sheva,Seafood,vegetarian,2025-07-18
14185,35-44,Haifa,Asian,vegetarian,2025-09-26
14186,45-54,Rehovot,Asian,halal,2024-06-20
14187,45-54,Netanya,Vegan,none,2023-10-21
14188,18-24,Haifa,Indian,vegetarian,2024-03-29
14189,45-54,Rishon LeZion,Cafe,low_carb,2023-06-27
14190,18-24,Tel Aviv,Italian,gluten_free,2023-05-31
14191,25-34,Eilat,Burger,vegetarian,2023-03-04
14192,45-54,Eilat,Mediterranean,vegan,2024-07-19
14193,35-44,Rishon LeZion,Indian,halal,2024-02-26
14194,35-44,Rehovot,Mediterranean,halal,2023-01-30
14195,55+,Herzliya,Mediterranean,gluten_free,2023-04-24
14196,45-54,Herzliya,Thai,gluten_free,2025-05-05
14197,35-44,Rehovot,Japanese,kosher,2025-04-02
14198,35-44,Rehovot,Japanese,gluten_free,2024-06-15
14199,45-54,Holon,Mexican,low_carb,2025-02-02
14200,25-34,Kfar Saba,Vegan,gluten_free,2024-07-09
14201,55+,Rehovot,Italian,gluten_free,2025-04-20
14202,45-54,Petah Tikva,Indian,vegan,2024-08-24
14203,45-54,Rehovot,Italian,low_carb,2024-11-18
14204,45-54,Beer Sheva,Greek,kosher,2024-07-28
14205,25-34,Givatayim,Mexican,vegetarian,2024-06-25
14206,35-44,Ashdod,Sushi,low_carb,2023-02-09
14207,45-54,Rehovot,Sushi,halal,2023-03-07
14208,45-54,Tel Aviv,Thai,gluten_free,2025-08-10
14209,18-24,Tel Aviv,Seafood,none,2023-11-27
14210,45-54,Givatayim,Greek,none,2023-06-19
14211,45-54,Haifa,Italian,low_carb,2025-03-05
14212,55+,Jerusalem,Japanese,low_carb,2024-09-05
14213,25-34,Beer Sheva,Steakhouse,none,2023-10-11
14214,55+,Ashdod,Sushi,low_carb,2024-07-11
14215,25-34,Petah Tikva,Vegan,gluten_free,2025-05-10
14216,55+,Rehovot,Mexican,low_carb,2023-10-17
14217,25-34,Petah Tikva,Asian,gluten_free,2024-03-01
14218,35-44,Herzliya,Thai,gluten_free,2025-04-22
14219,35-44,Haifa,Italian,low_carb,2023-08-04
14220,18-24,Ashdod,Italian,vegetarian,2025-09-12
14221,45-54,Jerusalem,Cafe,low_carb,2025-07-22
14222,25-34,Jerusalem,Indian,vegan,2024-12-29
14223,18-24,Rehovot,Asian,gluten_free,2023-03-12
14224,45-54,Rehovot,Steakhouse,gluten_free,2023-07-12
14225,35-44,Givatayim,Vegan,halal,2023-03-18
14226,25-34,Ramat Gan,Israeli,kosher,2024-06-14
14227,18-24,Eilat,Pizza,vegetarian,2023-06-26
14228,25-34,Ramat Gan,Japanese,halal,2023-03-31
14229,35-44,Holon,Vegan,vegetarian,2023-02-12
14230,25-34,Herzliya,Israeli,none,2025-02-19
14231,55+,Netanya,Asian,none,2025-09-03
14232,45-54,Jerusalem,Mexican,vegan,2023-06-05
14233,18-24,Rehovot,Sushi,none,2024-05-26
14234,18-24,Kfar Saba,Thai,halal,2024-09-07
14235,35-44,Eilat,Japanese,halal,2024-10-24
14236,55+,Eilat,Steakhouse,kosher,2025-08-22
14237,25-34,Haifa,Thai,vegetarian,2025-06-25
14238,55+,Givatayim,Mediterranean,low_carb,2024-05-10
14239,18-24,Holon,Steakhouse,vegetarian,2023-12-04
14240,45-54,Kfar Saba,Pizza,vegetarian,2024-10-24
14241,55+,Tel Aviv,Israeli,low_carb,2025-06-17
14242,25-34,Beer Sheva,Asian,low_carb,2023-03-23
14243,35-44,Petah Tikva,Thai,halal,2024-03-07
14244,55+,Rishon LeZion,Pizza,vegetarian,2025-06-18
14245,55+,Netanya,Italian,vegetarian,2025-02-17
14246,45-54,Rishon LeZion,Pizza,vegetarian,2024-10-22
14247,25-34,Herzliya,Israeli,low_carb,2024-05-09
14248,18-24,Ashdod,Asian,low_carb,2023-05-14
14249,18-24,Eilat,Steakhouse,halal,2025-07-31
14250,45-54,Jerusalem,Asian,none,2023-03-16
14251,35-44,Rehovot,Sushi,kosher,2024-11-22
14252,35-44,Holon,Steakhouse,vegetarian,2024-01-04
14253,35-44,Tel Aviv,Sushi,vegan,2025-08-31
14254,55+,Herzliya,Italian,low_carb,2023-10-26
14255,18-24,Givatayim,Sushi,gluten_free,2023-12-29
14256,25-34,Petah Tikva,Indian,kosher,2023-06-25
14257,55+,Rehovot,Pizza,low_carb,2023-12-23
14258,18-24,Beer Sheva,Seafood,low_carb,2025-03-20
14259,45-54,Petah Tikva,Cafe,halal,2025-03-31
14260,35-44,Herzliya,Israeli,gluten_free,2025-04-11
14261,25-34,Ashdod,Greek,none,2025-08-22
14262,35-44,Holon,Burger,vegetarian,2025-09-19
14263,55+,Netanya,Asian,kosher,2024-03-16
14264,18-24,Givatayim,Italian,low_carb,2024-06-29
14265,18-24,Tel Aviv,Thai,gluten_free,2025-01-22
14266,35-44,Beer Sheva,Japanese,vegetarian,2023-03-27
14267,55+,Jerusalem,Cafe,vegetarian,2025-05-16
14268,55+,Tel Aviv,Italian,halal,2024-12-26
14269,35-44,Herzliya,Sushi,halal,2024-04-11
14270,35-44,Herzliya,Israeli,halal,2023-07-25
14271,25-34,Rishon LeZion,Mexican,kosher,2024-04-22
14272,45-54,Petah Tikva,Vegan,kosher,2023-01-07
14273,45-54,Beer Sheva,Burger,low_carb,2025-08-28
14274,35-44,Petah Tikva,Israeli,vegan,2025-05-19
14275,35-44,Holon,Seafood,kosher,2024-12-25
14276,35-44,Rishon LeZion,Asian,halal,2023-12-23
14277,45-54,Beer Sheva,Cafe,none,2024-06-18
14278,25-34,Petah Tikva,Sushi,none,2024-05-30
14279,55+,Jerusalem,Indian,kosher,2023-08-31
14280,18-24,Petah Tikva,Cafe,low_carb,2024-03-07
14281,55+,Netanya,Greek,vegetarian,2023-12-28
14282,55+,Kfar Saba,Cafe,kosher,2024-06-11
14283,18-24,Jerusalem,Vegan,kosher,2025-08-15
14284,18-24,Tel Aviv,Greek,vegetarian,2023-11-28
14285,45-54,Ashdod,Vegan,vegan,2023-05-04
14286,55+,Tel Aviv,Indian,halal,2023-10-11
14287,45-54,Rishon LeZion,Steakhouse,kosher,2024-12-10
14288,45-54,Ashdod,Cafe,vegetarian,2024-01-06
14289,55+,Herzliya,Asian,none,2024-10-31
14290,18-24,Ashdod,Israeli,none,2024-02-04
14291,45-54,Haifa,Pizza,kosher,2023-01-05
14292,25-34,Herzliya,Seafood,vegan,2024-06-21
14293,45-54,Petah Tikva,Sushi,gluten_free,2024-06-14
14294,55+,Eilat,Pizza,gluten_free,2025-01-29
14295,18-24,Givatayim,Sushi,vegan,2025-02-23
14296,45-54,Beer Sheva,Japanese,halal,2024-05-09
14297,45-54,Holon,Indian,low_carb,2023-12-02
14298,55+,Ramat Gan,Asian,vegetarian,2023-01-10
14299,55+,Netanya,Asian,vegetarian,2025-09-11
14300,45-54,Tel Aviv,Italian,low_carb,2025-08-09
14301,35-44,Jerusalem,Steakhouse,low_carb,2025-05-19
14302,35-44,Rishon LeZion,Sushi,kosher,2024-10-31
14303,55+,Herzliya,Mediterranean,low_carb,2024-05-31
14304,45-54,Rishon LeZion,Steakhouse,vegetarian,2025-02-11
14305,35-44,Holon,Vegan,gluten_free,2025-09-21
14306,35-44,Ashdod,Indian,halal,2025-09-26
14307,45-54,Ashdod,Steakhouse,kosher,2023-03-23
14308,55+,Petah Tikva,Seafood,gluten_free,2023-05-28
14309,18-24,Tel Aviv,Thai,gluten_free,2023-11-17
14310,18-24,Ramat Gan,Burger,low_carb,2023-01-20
14311,45-54,Netanya,Mexican,none,2025-08-04
14312,25-34,Eilat,Mediterranean,vegetarian,2025-01-16
14313,55+,Haifa,Mexican,low_carb,2024-05-15
14314,25-34,Petah Tikva,Italian,kosher,2025-04-12
14315,35-44,Rishon LeZion,Italian,low_carb,2024-03-09
14316,45-54,Givatayim,Mediterranean,kosher,2023-03-01
14317,55+,Ramat Gan,Japanese,kosher,2024-01-21
14318,35-44,Beer Sheva,Greek,low_carb,2025-05-28
14319,35-44,Beer Sheva,Japanese,halal,2024-04-18
14320,55+,Ashdod,Japanese,gluten_free,2024-06-09
14321,18-24,Netanya,Vegan,kosher,2025-05-24
14322,35-44,Eilat,Japanese,gluten_free,2025-09-20
14323,35-44,Ramat Gan,Burger,vegetarian,2023-10-24
14324,45-54,Rehovot,Steakhouse,gluten_free,2024-05-20
14325,25-34,Eilat,Vegan,low_carb,2024-12-13
14326,45-54,Rishon LeZion,Steakhouse,vegetarian,2024-12-30
14327,18-24,Holon,Mediterranean,vegetarian,2023-09-18
14328,45-54,Rehovot,Mexican,halal,2024-05-07
14329,55+,Beer Sheva,Greek,gluten_free,2023-02-25
14330,25-34,Tel Aviv,Steakhouse,none,2024-10-08
14331,25-34,Ashdod,Japanese,vegetarian,2024-12-16
14332,55+,Herzliya,Cafe,kosher,2024-07-06
14333,55+,Jerusalem,Steakhouse,kosher,2024-04-18
14334,35-44,Ramat Gan,Greek,vegetarian,2023-01-14
14335,35-44,Givatayim,Japanese,low_carb,2024-12-01
14336,35-44,Jerusalem,Thai,none,2024-06-09
14337,45-54,Netanya,Israeli,none,2024-02-14
14338,18-24,Rishon LeZion,Burger,vegetarian,2024-03-06
14339,18-24,Kfar Saba,Sushi,vegetarian,2023-05-22
14340,25-34,Givatayim,Pizza,low_carb,2023-06-26
14341,18-24,Rehovot,Italian,vegetarian,2023-04-30
14342,55+,Ashdod,Steakhouse,none,2023-04-28
14343,55+,Petah Tikva,Italian,low_carb,2023-08-21
14344,25-34,Herzliya,Vegan,gluten_free,2024-06-06
14345,45-54,Petah Tikva,Italian,kosher,2024-12-19
14346,55+,Ashdod,Japanese,vegan,2023-05-02
14347,45-54,Eilat,Mediterranean,vegetarian,2024-09-04
14348,55+,Givatayim,Burger,low_carb,2023-03-09
14349,45-54,Givatayim,Italian,none,2024-10-27
14350,18-24,Haifa,Greek,none,2023-03-21
14351,35-44,Jerusalem,Burger,halal,2024-06-09
14352,45-54,Rehovot,Cafe,kosher,2025-02-09
14353,45-54,Kfar Saba,Seafood,low_carb,2023-07-21
14354,18-24,Tel Aviv,Japanese,gluten_free,2024-08-21
14355,35-44,Haifa,Mexican,halal,2023-11-02
14356,25-34,Eilat,Asian,halal,2023-04-16
14357,35-44,Jerusalem,Israeli,vegan,2024-11-15
14358,18-24,Tel Aviv,Mexican,kosher,2023-03-11
14359,55+,Netanya,Sushi,low_carb,2023-07-13
14360,18-24,Rishon LeZion,Greek,halal,2024-11-02
14361,18-24,Eilat,Pizza,gluten_free,2023-12-12
14362,18-24,Givatayim,Greek,none,2024-10-27
14363,18-24,Ashdod,Cafe,halal,2023-03-29
14364,45-54,Givatayim,Sushi,gluten_free,2024-09-20
14365,25-34,Beer Sheva,Cafe,vegan,2025-07-24
14366,35-44,Holon,Seafood,kosher,2024-12-07
14367,45-54,Beer Sheva,Indian,kosher,2024-07-06
14368,18-24,Tel Aviv,Steakhouse,halal,2024-06-08
14369,55+,Tel Aviv,Cafe,gluten_free,2025-03-19
14370,18-24,Givatayim,Pizza,halal,2024-12-11
14371,25-34,Rehovot,Asian,vegan,2024-11-25
14372,45-54,Kfar Saba,Mexican,gluten_free,2024-07-12
14373,18-24,Ashdod,Steakhouse,kosher,2023-12-10
14374,35-44,Tel Aviv,Israeli,gluten_free,2023-11-02
14375,18-24,Haifa,Burger,kosher,2025-07-26
14376,35-44,Givatayim,Vegan,vegan,2024-01-11
14377,55+,Netanya,Israeli,halal,2024-07-12
14378,55+,Tel Aviv,Burger,gluten_free,2024-11-01
14379,45-54,Rehovot,Mediterranean,kosher,2024-12-13
14380,35-44,Eilat,Mediterranean,kosher,2023-05-19
14381,55+,Herzliya,Vegan,vegetarian,2025-07-03
14382,55+,Petah Tikva,Italian,gluten_free,2024-03-28
14383,55+,Netanya,Seafood,kosher,2023-04-19
14384,45-54,Kfar Saba,Seafood,vegetarian,2023-05-01
14385,55+,Givatayim,Mexican,low_carb,2025-03-23
14386,25-34,Rehovot,Asian,low_carb,2023-10-07
14387,18-24,Eilat,Burger,low_carb,2024-09-03
14388,18-24,Eilat,Burger,vegetarian,2023-02-20
14389,25-34,Herzliya,Cafe,low_carb,2023-01-26
14390,35-44,Beer Sheva,Steakhouse,kosher,2023-06-14
14391,35-44,Beer Sheva,Steakhouse,vegetarian,2023-10-10
14392,25-34,Haifa,Burger,vegan,2024-10-31
14393,45-54,Rehovot,Cafe,kosher,2023-08-02
14394,25-34,Givatayim,Greek,low_carb,2024-12-18
14395,45-54,Jerusalem,Burger,gluten_free,2024-05-26
14396,35-44,Tel Aviv,Vegan,gluten_free,2024-02-29
14397,45-54,Holon,Israeli,vegan,2025-09-07
14398,25-34,Herzliya,Seafood,gluten_free,2023-01-10
14399,25-34,Herzliya,Burger,halal,2025-08-14
14400,55+,Jerusalem,Steakhouse,kosher,2024-11-15
14401,25-34,Ramat Gan,Pizza,halal,2025-08-18
14402,18-24,Herzliya,Mediterranean,vegetarian,2023-09-20
14403,45-54,Jerusalem,Vegan,vegetarian,2025-09-21
14404,25-34,Haifa,Asian,vegetarian,2025-08-29
14405,55+,Herzliya,Japanese,kosher,2025-05-26
14406,18-24,Ashdod,Asian,halal,2023-06-15
14407,45-54,Beer Sheva,Vegan,gluten_free,2025-07-22
14408,45-54,Netanya,Asian,kosher,2023-04-28
14409,35-44,Beer Sheva,Japanese,halal,2023-04-01
14410,25-34,Ashdod,Burger,none,2023-05-01
14411,35-44,Beer Sheva,Burger,vegetarian,2023-10-26
14412,45-54,Holon,Steakhouse,vegan,2024-10-17
14413,18-24,Givatayim,Asian,gluten_free,2023-12-11
14414,35-44,Givatayim,Mediterranean,halal,2025-01-16
14415,18-24,Haifa,Asian,none,2024-07-29
14416,35-44,Herzliya,Thai,kosher,2024-09-18
14417,35-44,Eilat,Indian,kosher,2024-11-04
14418,18-24,Netanya,Vegan,halal,2023-11-18
14419,25-34,Tel Aviv,Japanese,vegetarian,2023-06-27
14420,18-24,Netanya,Italian,vegan,2023-03-21
14421,25-34,Rehovot,Sushi,gluten_free,2024-01-20
14422,55+,Kfar Saba,Thai,none,2024-10-25
14423,35-44,Holon,Indian,low_carb,2025-07-24
14424,45-54,Kfar Saba,Asian,vegetarian,2024-10-21
14425,45-54,Netanya,Vegan,vegan,2025-02-16
14426,55+,Ramat Gan,Vegan,gluten_free,2023-08-18
14427,18-24,Holon,Cafe,gluten_free,2023-03-08
14428,55+,Kfar Saba,Pizza,low_carb,2025-07-06
14429,25-34,Rehovot,Mediterranean,vegan,2023-10-13
14430,18-24,Givatayim,Sushi,kosher,2025-05-25
14431,25-34,Rishon LeZion,Burger,none,2024-05-28
14432,18-24,Givatayim,Cafe,low_carb,2023-09-18
14433,35-44,Netanya,Greek,gluten_free,2023-11-15
14434,55+,Herzliya,Mediterranean,none,2023-04-10
14435,35-44,Beer Sheva,Sushi,halal,2025-03-15
14436,25-34,Givatayim,Greek,vegan,2024-11-02
14437,55+,Tel Aviv,Pizza,halal,2023-02-16
14438,55+,Tel Aviv,Mediterranean,kosher,2025-04-29
14439,45-54,Holon,Japanese,gluten_free,2025-05-17
14440,25-34,Ramat Gan,Pizza,gluten_free,2023-07-08
14441,35-44,Holon,Steakhouse,kosher,2025-09-14
14442,55+,Rehovot,Vegan,vegetarian,2023-01-15
14443,55+,Holon,Pizza,low_carb,2025-03-07
14444,45-54,Ramat Gan,Israeli,halal,2023-04-10
14445,35-44,Haifa,Greek,kosher,2025-05-13
14446,25-34,Eilat,Mexican,kosher,2024-08-27
14447,45-54,Petah Tikva,Greek,none,2024-06-20
14448,25-34,Tel Aviv,Mexican,kosher,2024-07-09
14449,18-24,Kfar Saba,Seafood,none,2023-06-14
14450,45-54,Holon,Seafood,gluten_free,2024-07-03
14451,45-54,Eilat,Cafe,vegetarian,2023-01-11
14452,18-24,Petah Tikva,Steakhouse,vegan,2023-09-25
14453,18-24,Rehovot,Seafood,halal,2023-03-17
14454,25-34,Ashdod,Mediterranean,none,2024-08-12
14455,45-54,Eilat,Indian,none,2025-05-28
14456,55+,Holon,Steakhouse,kosher,2025-01-28
14457,45-54,Ramat Gan,Thai,kosher,2025-03-22
14458,45-54,Kfar Saba,Italian,gluten_free,2025-02-05
14459,45-54,Beer Sheva,Israeli,none,2025-06-28
14460,25-34,Kfar Saba,Cafe,low_carb,2025-09-19
14461,35-44,Tel Aviv,Vegan,none,2024-11-08
14462,25-34,Haifa,Pizza,low_carb,2023-10-15
14463,55+,Rishon LeZion,Burger,gluten_free,2024-03-10
14464,45-54,Beer Sheva,Seafood,kosher,2023-05-27
14465,18-24,Kfar Saba,Cafe,kosher,2023-07-25
14466,18-24,Holon,Japanese,kosher,2024-09-13
14467,35-44,Givatayim,Sushi,gluten_free,2024-05-26
14468,18-24,Tel Aviv,Burger,vegan,2024-09-10
14469,18-24,Rehovot,Israeli,none,2024-01-04
14470,45-54,Petah Tikva,Asian,none,2025-02-12
14471,18-24,Petah Tikva,Seafood,vegetarian,2024-06-28
14472,18-24,Rishon LeZion,Thai,kosher,2025-02-05
14473,55+,Netanya,Thai,gluten_free,2024-10-16
14474,55+,Kfar Saba,Pizza,halal,2023-09-16
14475,18-24,Jerusalem,Pizza,halal,2024-04-21
14476,55+,Jerusalem,Cafe,gluten_free,2025-08-20
14477,18-24,Holon,Mediterranean,vegan,2023-04-07
14478,25-34,Haifa,Pizza,low_carb,2023-02-22
14479,45-54,Rehovot,Pizza,vegetarian,2025-03-07
14480,35-44,Herzliya,Mediterranean,none,2024-06-09
14481,35-44,Tel Aviv,Israeli,vegan,2023-08-31
14482,18-24,Givatayim,Japanese,kosher,2025-04-06
14483,45-54,Eilat,Burger,vegan,2025-04-10
14484,35-44,Rishon LeZion,Sushi,none,2023-02-22
14485,18-24,Herzliya,Japanese,low_carb,2023-10-26
14486,45-54,Kfar Saba,Indian,low_carb,2024-12-24
14487,55+,Haifa,Greek,low_carb,2024-05-19
14488,55+,Petah Tikva,Thai,none,2024-09-06
14489,18-24,Beer Sheva,Pizza,halal,2023-12-10
14490,55+,Petah Tikva,Burger,vegetarian,2024-09-30
14491,18-24,Ramat Gan,Cafe,vegetarian,2024-04-13
14492,18-24,Eilat,Sushi,none,2024-09-15
14493,45-54,Tel Aviv,Pizza,none,2024-09-28
14494,25-34,Tel Aviv,Israeli,low_carb,2025-02-28
14495,45-54,Petah Tikva,Italian,none,2025-01-23
14496,18-24,Netanya,Burger,low_carb,2025-05-05
14497,35-44,Rehovot,Burger,vegetarian,2025-09-06
14498,55+,Ramat Gan,Asian,kosher,2023-07-08
14499,45-54,Beer Sheva,Pizza,vegan,2024-05-24
14500,25-34,Holon,Asian,kosher,2023-07-11
14501,35-44,Haifa,Greek,halal,2024-07-17
14502,18-24,Petah Tikva,Asian,none,2024-12-14
14503,18-24,Jerusalem,Burger,kosher,2025-07-03
14504,18-24,Rishon LeZion,Japanese,kosher,2025-04-10
14505,45-54,Rishon LeZion,Seafood,halal,2025-09-04
14506,25-34,Kfar Saba,Mediterranean,halal,2024-04-19
14507,18-24,Petah Tikva,Japanese,gluten_free,2024-06-09
14508,18-24,Ashdod,Thai,vegetarian,2023-11-27
14509,35-44,Givatayim,Burger,low_carb,2025-04-20
14510,45-54,Rishon LeZion,Mediterranean,vegan,2025-07-25
14511,25-34,Rehovot,Asian,vegetarian,2024-05-16
14512,35-44,Haifa,Italian,kosher,2023-04-10
14513,35-44,Netanya,Vegan,kosher,2023-11-04
14514,25-34,Givatayim,Burger,vegetarian,2024-05-25
14515,55+,Haifa,Indian,halal,2025-08-30
14516,18-24,Holon,Israeli,vegetarian,2023-05-17
14517,55+,Rehovot,Vegan,vegetarian,2024-04-29
14518,55+,Beer Sheva,Seafood,gluten_free,2023-05-25
14519,25-34,Rehovot,Greek,vegan,2024-03-19
14520,55+,Tel Aviv,Sushi,low_carb,2025-05-12
14521,25-34,Ashdod,Cafe,kosher,2023-01-31
14522,35-44,Petah Tikva,Cafe,none,2023-07-30
14523,25-34,Herzliya,Japanese,halal,2023-02-07
14524,45-54,Givatayim,Israeli,low_carb,2024-03-16
14525,18-24,Eilat,Burger,vegetarian,2024-01-01
14526,35-44,Rehovot,Pizza,low_carb,2024-06-05
14527,55+,Eilat,Indian,low_carb,2024-10-27
14528,18-24,Givatayim,Japanese,vegetarian,2024-09-21
14529,45-54,Kfar Saba,Cafe,kosher,2025-01-19
14530,25-34,Beer Sheva,Japanese,halal,2023-12-03
14531,25-34,Ashdod,Vegan,halal,2024-11-10
14532,55+,Petah Tikva,Thai,none,2024-04-13
14533,25-34,Rishon LeZion,Indian,gluten_free,2023-02-11
14534,45-54,Petah Tikva,Pizza,low_carb,2025-01-29
14535,55+,Rishon LeZion,Israeli,vegetarian,2024-10-06
14536,55+,Ramat Gan,Vegan,low_carb,2024-12-07
14537,18-24,Tel Aviv,Greek,none,2023-09-22
14538,25-34,Jerusalem,Japanese,vegetarian,2024-04-12
14539,25-34,Beer Sheva,Cafe,vegetarian,2024-09-30
14540,45-54,Holon,Mediterranean,none,2024-12-10
14541,45-54,Ashdod,Mediterranean,vegetarian,2023-10-07
14542,18-24,Haifa,Greek,low_carb,2023-12-26
14543,25-34,Netanya,Seafood,gluten_free,2025-01-31
14544,45-54,Ashdod,Pizza,kosher,2024-04-22
14545,45-54,Jerusalem,Greek,gluten_free,2024-05-11
14546,45-54,Petah Tikva,Israeli,vegetarian,2025-07-20
14547,18-24,Netanya,Japanese,low_carb,2025-06-23
14548,45-54,Herzliya,Italian,halal,2024-12-05
14549,45-54,Rishon LeZion,Italian,vegetarian,2024-09-24
14550,55+,Rehovot,Israeli,vegetarian,2023-12-30
14551,55+,Rishon LeZion,Italian,vegetarian,2025-07-08
14552,25-34,Eilat,Italian,none,2023-12-16
14553,18-24,Ramat Gan,Thai,none,2023-08-17
14554,18-24,Tel Aviv,Cafe,low_carb,2023-02-14
14555,25-34,Netanya,Indian,kosher,2024-10-17
14556,45-54,Rishon LeZion,Burger,low_carb,2023-11-19
14557,25-34,Herzliya,Burger,low_carb,2024-03-02
14558,55+,Petah Tikva,Vegan,gluten_free,2023-12-22
14559,18-24,Tel Aviv,Thai,low_carb,2024-03-13
14560,45-54,Netanya,Asian,none,2024-05-20
14561,35-44,Kfar Saba,Italian,vegetarian,2025-04-08
14562,25-34,Tel Aviv,Indian,none,2024-02-17
14563,45-54,Tel Aviv,Israeli,vegetarian,2024-01-27
14564,25-34,Ramat Gan,Mexican,gluten_free,2023-02-12
14565,55+,Givatayim,Italian,vegetarian,2023-09-10
14566,35-44,Netanya,Israeli,gluten_free,2024-08-09
14567,35-44,Holon,Sushi,vegan,2024-10-22
14568,35-44,Kfar Saba,Steakhouse,low_carb,2024-04-09
14569,25-34,Ramat Gan,Indian,gluten_free,2025-05-10
14570,25-34,Givatayim,Japanese,vegetarian,2024-04-07
14571,55+,Ashdod,Steakhouse,vegetarian,2024-05-29
14572,35-44,Holon,Mediterranean,halal,2023-12-04
14573,35-44,Herzliya,Vegan,halal,2023-05-20
14574,25-34,Ashdod,Mexican,vegetarian,2025-09-09
14575,55+,Givatayim,Japanese,gluten_free,2024-12-02
14576,55+,Beer Sheva,Indian,vegetarian,2025-03-13
14577,45-54,Netanya,Asian,vegan,2025-02-26
14578,25-34,Haifa,Mexican,none,2024-11-18
14579,18-24,Jerusalem,Cafe,low_carb,2024-12-08
14580,45-54,Holon,Burger,none,2025-09-14
14581,35-44,Petah Tikva,Burger,vegetarian,2023-12-13
14582,25-34,Tel Aviv,Indian,low_carb,2024-05-22
14583,25-34,Givatayim,Mexican,gluten_free,2023-03-17
14584,35-44,Ashdod,Cafe,gluten_free,2025-06-23
14585,45-54,Tel Aviv,Pizza,vegetarian,2025-03-26
14586,45-54,Jerusalem,Mediterranean,gluten_free,2024-10-13
14587,45-54,Beer Sheva,Cafe,vegetarian,2023-02-27
14588,18-24,Ashdod,Vegan,low_carb,2023-11-26
14589,18-24,Eilat,Mediterranean,none,2024-01-15
14590,45-54,Ashdod,Cafe,vegetarian,2023-12-09
14591,25-34,Tel Aviv,Steakhouse,none,2024-12-15
14592,18-24,Herzliya,Greek,vegan,2023-03-23
14593,25-34,Rehovot,Sushi,halal,2024-10-26
14594,25-34,Rehovot,Seafood,low_carb,2023-12-27
14595,25-34,Netanya,Mediterranean,vegan,2024-02-05
14596,35-44,Holon,Steakhouse,vegan,2024-02-25
14597,45-54,Rehovot,Israeli,low_carb,2023-02-10
14598,45-54,Netanya,Indian,halal,2024-07-21
14599,25-34,Rishon LeZion,Sushi,none,2025-04-23
14600,45-54,Kfar Saba,Asian,gluten_free,2024-10-14
14601,45-54,Kfar Saba,Japanese,kosher,2024-01-27
14602,25-34,Petah Tikva,Thai,none,2024-08-18
14603,45-54,Herzliya,Pizza,halal,2024-09-12
14604,25-34,Ramat Gan,Cafe,low_carb,2024-07-18
14605,55+,Ashdod,Vegan,low_carb,2025-05-31
14606,25-34,Tel Aviv,Thai,none,2025-09-09
14607,35-44,Rishon LeZion,Greek,gluten_free,2023-08-25
14608,55+,Jerusalem,Asian,none,2023-10-14
14609,55+,Petah Tikva,Mediterranean,none,2023-02-07
14610,35-44,Kfar Saba,Burger,gluten_free,2023-08-18
14611,35-44,Beer Sheva,Pizza,gluten_free,2025-03-06
14612,18-24,Netanya,Seafood,vegetarian,2023-07-15
14613,25-34,Rehovot,Burger,gluten_free,2025-09-09
14614,25-34,Tel Aviv,Cafe,vegan,2023-06-14
14615,18-24,Jerusalem,Cafe,none,2024-12-21
14616,18-24,Petah Tikva,Thai,vegetarian,2024-08-15
14617,35-44,Holon,Seafood,vegetarian,2024-10-14
14618,25-34,Ashdod,Mexican,none,2023-08-09
14619,35-44,Rishon LeZion,Japanese,vegan,2024-06-11
14620,35-44,Ashdod,Cafe,kosher,2023-02-10
14621,45-54,Ashdod,Steakhouse,none,2023-10-22
14622,55+,Netanya,Japanese,vegetarian,2023-07-07
14623,35-44,Tel Aviv,Italian,vegetarian,2025-07-02
14624,18-24,Petah Tikva,Vegan,vegan,2024-09-27
14625,55+,Eilat,Israeli,vegan,2024-08-14
14626,55+,Rehovot,Vegan,halal,2024-05-03
14627,55+,Petah Tikva,Asian,vegetarian,2025-04-09
14628,55+,Eilat,Cafe,vegan,2024-10-31
14629,25-34,Ramat Gan,Mexican,low_carb,2024-10-03
14630,55+,Givatayim,Seafood,vegetarian,2023-12-15
14631,25-34,Ramat Gan,Thai,kosher,2024-10-15
14632,45-54,Petah Tikva,Greek,vegan,2024-10-26
14633,45-54,Holon,Israeli,kosher,2024-05-18
14634,55+,Givatayim,Thai,halal,2025-02-22
14635,18-24,Rehovot,Steakhouse,gluten_free,2023-11-30
14636,18-24,Ramat Gan,Israeli,kosher,2025-04-06
14637,25-34,Herzliya,Mexican,kosher,2024-11-10
14638,25-34,Petah Tikva,Steakhouse,low_carb,2023-01-11
14639,45-54,Jerusalem,Mexican,vegetarian,2023-08-08
14640,25-34,Haifa,Sushi,kosher,2023-03-16
14641,18-24,Ashdod,Thai,vegetarian,2024-02-28
14642,45-54,Ramat Gan,Pizza,low_carb,2025-02-19
14643,25-34,Kfar Saba,Seafood,low_carb,2023-04-08
14644,35-44,Holon,Greek,none,2024-09-25
14645,45-54,Givatayim,Steakhouse,halal,2024-08-03
14646,25-34,Jerusalem,Vegan,none,2023-12-21
14647,55+,Netanya,Indian,vegetarian,2025-01-29
14648,18-24,Haifa,Seafood,vegan,2025-08-19
14649,25-34,Ramat Gan,Asian,low_carb,2024-06-09
14650,55+,Petah Tikva,Israeli,halal,2025-04-29
14651,18-24,Rishon LeZion,Mexican,vegan,2023-03-29
14652,55+,Ramat Gan,Steakhouse,gluten_free,2024-08-17
14653,35-44,Kfar Saba,Pizza,gluten_free,2024-07-24
14654,35-44,Petah Tikva,Pizza,gluten_free,2023-03-09
14655,35-44,Rehovot,Burger,none,2024-10-20
14656,45-54,Rishon LeZion,Asian,vegetarian,2024-06-27
14657,35-44,Ashdod,Indian,vegetarian,2025-01-25
14658,35-44,Holon,Seafood,halal,2024-04-05
14659,55+,Ashdod,Thai,kosher,2025-03-08
14660,35-44,Netanya,Thai,gluten_free,2023-10-18
14661,25-34,Beer Sheva,Mediterranean,low_carb,2024-10-26
14662,35-44,Rishon LeZion,Sushi,halal,2023-10-08
14663,25-34,Herzliya,Indian,vegan,2023-03-25
14664,55+,Petah Tikva,Indian,kosher,2025-01-27
14665,25-34,Netanya,Sushi,vegetarian,2025-07-23
14666,25-34,Ramat Gan,Vegan,low_carb,2025-04-19
14667,18-24,Petah Tikva,Asian,kosher,2023-10-31
14668,25-34,Haifa,Greek,halal,2023-12-19
14669,25-34,Beer Sheva,Greek,vegan,2024-04-29
14670,55+,Kfar Saba,Israeli,vegetarian,2025-08-06
14671,35-44,Beer Sheva,Steakhouse,vegetarian,2023-08-20
14672,25-34,Rehovot,Seafood,kosher,2024-08-30
14673,18-24,Tel Aviv,Italian,low_carb,2023-09-10
14674,25-34,Kfar Saba,Mediterranean,gluten_free,2024-09-08
14675,25-34,Beer Sheva,Cafe,gluten_free,2023-02-20
14676,18-24,Haifa,Asian,gluten_free,2024-02-29
14677,35-44,Ashdod,Indian,none,2023-12-07
14678,25-34,Haifa,Israeli,none,2025-02-12
14679,35-44,Jerusalem,Thai,vegan,2024-04-03
14680,45-54,Haifa,Greek,low_carb,2023-11-19
14681,18-24,Jerusalem,Sushi,vegetarian,2025-05-20
14682,18-24,Petah Tikva,Steakhouse,gluten_free,2025-01-17
14683,35-44,Herzliya,Israeli,halal,2024-02-08
14684,35-44,Kfar Saba,Mexican,vegan,2023-08-19
14685,35-44,Jerusalem,Thai,low_carb,2024-10-25
14686,18-24,Ramat Gan,Asian,vegetarian,2024-02-03
14687,55+,Eilat,Cafe,low_carb,2024-09-14
14688,55+,Herzliya,Sushi,vegetarian,2023-10-08
14689,45-54,Netanya,Burger,gluten_free,2025-02-07
14690,35-44,Ashdod,Steakhouse,low_carb,2024-02-25
14691,45-54,Petah Tikva,Cafe,vegan,2024-08-28
14692,55+,Eilat,Greek,vegan,2023-11-17
14693,18-24,Eilat,Sushi,halal,2023-06-08
14694,25-34,Jerusalem,Burger,low_carb,2023-02-07
14695,25-34,Rehovot,Indian,gluten_free,2023-07-07
14696,25-34,Herzliya,Indian,gluten_free,2023-05-23
14697,25-34,Rehovot,Cafe,halal,2025-04-20
14698,35-44,Eilat,Thai,kosher,2023-11-24
14699,55+,Ramat Gan,Israeli,kosher,2023-02-16
14700,35-44,Rehovot,Mexican,halal,2023-08-17
14701,45-54,Eilat,Vegan,vegan,2025-06-24
14702,55+,Haifa,Cafe,low_carb,2024-08-07
14703,18-24,Jerusalem,Steakhouse,none,2024-06-27
14704,35-44,Haifa,Israeli,none,2024-05-30
14705,45-54,Beer Sheva,Asian,none,2023-06-05
14706,18-24,Jerusalem,Japanese,kosher,2024-12-10
14707,55+,Ashdod,Burger,low_carb,2025-02-06
14708,55+,Beer Sheva,Greek,halal,2024-07-12
14709,25-34,Kfar Saba,Burger,halal,2023-05-30
14710,18-24,Beer Sheva,Steakhouse,halal,2023-01-09
14711,35-44,Eilat,Indian,kosher,2024-01-30
14712,45-54,Ramat Gan,Pizza,kosher,2024-06-21
14713,45-54,Haifa,Italian,low_carb,2024-05-05
14714,18-24,Kfar Saba,Japanese,gluten_free,2023-01-22
14715,25-34,Beer Sheva,Israeli,none,2024-01-22
14716,35-44,Jerusalem,Italian,none,2025-03-16
14717,55+,Petah Tikva,Seafood,halal,2025-02-16
14718,55+,Kfar Saba,Burger,vegetarian,2025-02-21
14719,18-24,Jerusalem,Asian,vegetarian,2023-01-01
14720,35-44,Netanya,Thai,vegan,2023-03-19
14721,45-54,Jerusalem,Steakhouse,halal,2023-12-11
14722,18-24,Holon,Israeli,vegetarian,2023-02-20
14723,45-54,Herzliya,Indian,gluten_free,2024-04-17
14724,35-44,Haifa,Sushi,vegetarian,2024-04-30
14725,55+,Herzliya,Asian,none,2024-05-25
14726,55+,Rehovot,Italian,low_carb,2025-08-05
14727,45-54,Beer Sheva,Thai,gluten_free,2024-09-04
14728,45-54,Ashdod,Greek,kosher,2023-07-16
14729,55+,Petah Tikva,Seafood,none,2024-02-29
14730,55+,Holon,Cafe,vegan,2023-01-14
14731,18-24,Rehovot,Cafe,halal,2024-02-13
14732,55+,Petah Tikva,Greek,none,2024-05-25
14733,25-34,Ashdod,Israeli,halal,2023-12-08
14734,18-24,Haifa,Burger,gluten_free,2024-04-17
14735,45-54,Beer Sheva,Indian,gluten_free,2024-03-25
14736,18-24,Haifa,Israeli,low_carb,2024-02-18
14737,18-24,Petah Tikva,Italian,kosher,2025-08-29
14738,18-24,Petah Tikva,Greek,gluten_free,2025-05-07
14739,55+,Herzliya,Asian,vegetarian,2024-10-01
14740,18-24,Kfar Saba,Sushi,vegan,2023-01-13
14741,45-54,Haifa,Vegan,gluten_free,2023-08-19
14742,35-44,Beer Sheva,Mediterranean,kosher,2024-02-20
14743,55+,Eilat,Mediterranean,vegan,2023-07-05
14744,25-34,Jerusalem,Asian,none,2025-03-23
14745,55+,Rishon LeZion,Vegan,gluten_free,2024-04-14
14746,55+,Jerusalem,Japanese,kosher,2024-05-27
14747,55+,Rishon LeZion,Israeli,low_carb,2025-08-06
14748,35-44,Ashdod,Indian,low_carb,2023-10-28
14749,35-44,Holon,Mediterranean,halal,2023-05-07
14750,45-54,Givatayim,Pizza,kosher,2024-09-13
14751,25-34,Ramat Gan,Sushi,halal,2023-08-05
14752,18-24,Eilat,Asian,low_carb,2025-06-28
14753,55+,Holon,Vegan,vegan,2024-10-08
14754,45-54,Petah Tikva,Israeli,vegan,2024-08-30
14755,25-34,Ramat Gan,Italian,gluten_free,2024-04-11
14756,35-44,Netanya,Seafood,vegetarian,2024-01-08
14757,55+,Rehovot,Indian,halal,2023-12-10
14758,25-34,Holon,Cafe,kosher,2025-04-01
14759,25-34,Ramat Gan,Vegan,gluten_free,2023-03-30
14760,18-24,Rishon LeZion,Mediterranean,none,2023-06-13
14761,25-34,Kfar Saba,Asian,vegetarian,2025-01-16
14762,45-54,Petah Tikva,Japanese,kosher,2024-10-01
14763,25-34,Petah Tikva,Italian,gluten_free,2024-10-19
14764,18-24,Tel Aviv,Japanese,vegetarian,2023-11-23
14765,45-54,Haifa,Mediterranean,gluten_free,2024-06-09
14766,18-24,Kfar Saba,Thai,low_carb,2025-04-09
14767,45-54,Givatayim,Cafe,halal,2023-11-13
14768,45-54,Herzliya,Asian,kosher,2023-10-09
14769,25-34,Haifa,Israeli,gluten_free,2023-03-10
14770,55+,Haifa,Mexican,kosher,2024-09-04
14771,45-54,Beer Sheva,Japanese,gluten_free,2025-09-20
14772,55+,Petah Tikva,Seafood,kosher,2023-09-07
14773,45-54,Jerusalem,Japanese,vegetarian,2023-12-02
14774,35-44,Beer Sheva,Burger,vegetarian,2023-03-08
14775,55+,Ashdod,Vegan,vegetarian,2025-08-01
14776,55+,Kfar Saba,Asian,vegan,2024-09-12
14777,55+,Holon,Asian,none,2025-04-30
14778,55+,Rehovot,Cafe,vegetarian,2023-07-29
14779,55+,Beer Sheva,Sushi,none,2024-04-23
14780,35-44,Ramat Gan,Indian,vegan,2024-11-02
14781,18-24,Rehovot,Seafood,kosher,2024-04-08
14782,25-34,Kfar Saba,Indian,halal,2023-09-11
14783,35-44,Rishon LeZion,Indian,vegan,2024-01-09
14784,55+,Eilat,Seafood,none,2025-02-04
14785,25-34,Rishon LeZion,Japanese,halal,2023-11-23
14786,25-34,Tel Aviv,Japanese,vegetarian,2025-08-15
14787,35-44,Ramat Gan,Mediterranean,gluten_free,2025-07-11
14788,55+,Ashdod,Greek,kosher,2023-08-04
14789,45-54,Beer Sheva,Mediterranean,vegetarian,2023-11-02
14790,18-24,Rehovot,Greek,gluten_free,2024-08-30
14791,55+,Herzliya,Thai,gluten_free,2024-02-19
14792,18-24,Beer Sheva,Japanese,halal,2024-09-16
14793,45-54,Rehovot,Pizza,gluten_free,2023-05-26
14794,25-34,Herzliya,Pizza,halal,2023-06-22
14795,55+,Jerusalem,Greek,none,2024-04-03
14796,35-44,Haifa,Cafe,vegetarian,2025-09-18
14797,55+,Givatayim,Burger,kosher,2023-09-05
14798,25-34,Holon,Mexican,gluten_free,2023-10-10
14799,55+,Haifa,Vegan,vegetarian,2023-06-25
14800,45-54,Givatayim,Sushi,gluten_free,2024-07-26
14801,45-54,Jerusalem,Greek,none,2023-02-17
14802,55+,Rehovot,Mexican,halal,2025-01-21
14803,35-44,Ashdod,Mediterranean,low_carb,2024-08-02
14804,45-54,Ashdod,Asian,kosher,2024-03-15
14805,55+,Kfar Saba,Asian,kosher,2023-06-15
14806,55+,Rehovot,Mexican,kosher,2025-01-14
14807,55+,Jerusalem,Cafe,halal,2024-01-24
14808,45-54,Rehovot,Thai,vegan,2024-01-23
14809,35-44,Haifa,Japanese,halal,2023-12-10
14810,18-24,Haifa,Vegan,low_carb,2023-05-01
14811,35-44,Kfar Saba,Asian,vegetarian,2023-10-24
14812,18-24,Rishon LeZion,Italian,kosher,2023-08-04
14813,18-24,Ramat Gan,Greek,kosher,2023-04-01
14814,45-54,Herzliya,Asian,low_carb,2025-06-26
14815,55+,Herzliya,Asian,halal,2024-02-17
14816,25-34,Eilat,Vegan,low_carb,2023-05-08
14817,25-34,Kfar Saba,Greek,vegan,2024-03-28
14818,55+,Beer Sheva,Cafe,gluten_free,2024-07-05
14819,18-24,Herzliya,Indian,kosher,2024-09-03
14820,18-24,Ramat Gan,Burger,vegetarian,2024-01-05
14821,25-34,Haifa,Israeli,none,2023-05-16
14822,25-34,Eilat,Vegan,none,2023-01-15
14823,25-34,Ashdod,Mexican,halal,2024-07-22
14824,25-34,Kfar Saba,Mediterranean,vegetarian,2024-07-30
14825,55+,Eilat,Thai,none,2023-11-22
14826,18-24,Petah Tikva,Israeli,vegetarian,2023-06-10
14827,25-34,Jerusalem,Asian,low_carb,2024-02-03
14828,18-24,Herzliya,Steakhouse,vegan,2025-03-02
14829,45-54,Jerusalem,Cafe,low_carb,2023-09-05
14830,25-34,Ramat Gan,Sushi,gluten_free,2024-06-27
14831,18-24,Jerusalem,Italian,gluten_free,2025-07-11
14832,18-24,Kfar Saba,Sushi,kosher,2023-05-15
14833,18-24,Beer Sheva,Burger,vegetarian,2024-02-15
14834,25-34,Petah Tikva,Greek,vegan,2025-01-20
14835,45-54,Beer Sheva,Japanese,vegetarian,2023-12-20
14836,18-24,Ashdod,Asian,kosher,2024-08-03
14837,35-44,Tel Aviv,Greek,gluten_free,2023-07-02
14838,35-44,Netanya,Pizza,vegan,2024-05-08
14839,18-24,Petah Tikva,Mexican,gluten_free,2024-06-25
14840,35-44,Jerusalem,Japanese,halal,2023-10-23
14841,45-54,Ashdod,Indian,vegetarian,2023-06-28
14842,25-34,Ramat Gan,Vegan,low_carb,2025-01-09
14843,45-54,Tel Aviv,Burger,kosher,2024-01-01
14844,45-54,Netanya,Asian,vegan,2025-08-15
14845,55+,Holon,Italian,low_carb,2024-09-15
14846,35-44,Jerusalem,Italian,vegan,2025-04-11
14847,45-54,Eilat,Mediterranean,halal,2023-05-02
14848,18-24,Haifa,Israeli,kosher,2024-06-23
14849,45-54,Givatayim,Thai,low_carb,2023-06-16
14850,45-54,Petah Tikva,Mediterranean,none,2023-05-09
14851,18-24,Petah Tikva,Cafe,kosher,2024-11-30
14852,35-44,Ramat Gan,Indian,none,2023-10-01
14853,35-44,Petah Tikva,Asian,low_carb,2025-06-05
14854,35-44,Netanya,Thai,gluten_free,2025-09-19
14855,35-44,Netanya,Asian,gluten_free,2023-12-05
14856,35-44,Rehovot,Mexican,vegan,2024-08-02
14857,25-34,Netanya,Japanese,gluten_free,2023-09-22
14858,55+,Netanya,Burger,kosher,2024-07-11
14859,25-34,Holon,Vegan,low_carb,2024-10-24
14860,45-54,Kfar Saba,Burger,halal,2024-01-08
14861,35-44,Eilat,Indian,low_carb,2024-03-16
14862,18-24,Ramat Gan,Steakhouse,none,2025-06-04
14863,18-24,Eilat,Italian,low_carb,2024-09-02
14864,55+,Beer Sheva,Mediterranean,vegan,2024-02-11
14865,35-44,Haifa,Italian,low_carb,2023-05-18
14866,45-54,Ashdod,Italian,halal,2023-06-04
14867,55+,Givatayim,Mediterranean,gluten_free,2025-08-19
14868,25-34,Kfar Saba,Pizza,kosher,2023-11-11
14869,35-44,Beer Sheva,Cafe,kosher,2024-05-20
14870,55+,Rishon LeZion,Mexican,kosher,2023-05-18
14871,35-44,Netanya,Cafe,gluten_free,2024-06-04
14872,25-34,Petah Tikva,Thai,kosher,2024-09-06
14873,45-54,Petah Tikva,Cafe,vegan,2023-04-18
14874,18-24,Petah Tikva,Asian,gluten_free,2025-04-30
14875,25-34,Haifa,Indian,halal,2025-07-15
14876,25-34,Ashdod,Asian,vegan,2025-06-26
14877,55+,Ashdod,Indian,vegan,2023-05-28
14878,18-24,Ashdod,Mediterranean,gluten_free,2025-02-07
14879,45-54,Tel Aviv,Mediterranean,kosher,2023-12-08
14880,55+,Herzliya,Steakhouse,kosher,2024-06-28
14881,25-34,Givatayim,Vegan,halal,2025-07-15
14882,45-54,Jerusalem,Mexican,low_carb,2025-07-14
14883,45-54,Netanya,Mexican,kosher,2023-05-06
14884,35-44,Beer Sheva,Vegan,gluten_free,2023-10-05
14885,55+,Jerusalem,Indian,kosher,2025-05-22
14886,45-54,Holon,Pizza,none,2024-09-04
14887,18-24,Jerusalem,Steakhouse,halal,2024-03-22
14888,45-54,Ashdod,Cafe,vegetarian,2025-04-16
14889,18-24,Beer Sheva,Japanese,kosher,2023-12-07
14890,55+,Herzliya,Cafe,kosher,2023-10-27
14891,45-54,Tel Aviv,Vegan,kosher,2024-07-25
14892,18-24,Kfar Saba,Cafe,halal,2024-04-14
14893,35-44,Petah Tikva,Italian,vegan,2023-06-14
14894,35-44,Ramat Gan,Thai,vegetarian,2025-03-17
14895,35-44,Ashdod,Pizza,low_carb,2024-12-11
14896,55+,Jerusalem,Thai,low_carb,2024-06-22
14897,25-34,Ashdod,Vegan,halal,2025-07-09
14898,25-34,Netanya,Burger,vegan,2023-07-13
14899,35-44,Tel Aviv,Italian,low_carb,2024-07-06
14900,55+,Eilat,Burger,halal,2025-06-28
14901,55+,Givatayim,Cafe,low_carb,2024-02-04
14902,35-44,Jerusalem,Steakhouse,vegan,2023-02-19
14903,35-44,Haifa,Steakhouse,vegetarian,2024-11-05
14904,55+,Rishon LeZion,Vegan,none,2025-08-29
14905,35-44,Rehovot,Seafood,none,2023-09-12
14906,35-44,Givatayim,Steakhouse,kosher,2025-01-09
14907,25-34,Holon,Burger,none,2024-06-01
14908,45-54,Herzliya,Italian,vegetarian,2025-08-21
14909,25-34,Holon,Seafood,halal,2023-06-14
14910,18-24,Kfar Saba,Cafe,none,2024-08-22
14911,35-44,Kfar Saba,Mediterranean,vegetarian,2023-02-14
14912,25-34,Tel Aviv,Thai,gluten_free,2024-02-11
14913,35-44,Jerusalem,Italian,kosher,2025-06-18
14914,35-44,Eilat,Italian,kosher,2023-12-06
14915,25-34,Rishon LeZion,Greek,kosher,2023-06-01
14916,18-24,Eilat,Indian,none,2023-05-11
14917,55+,Rishon LeZion,Asian,kosher,2023-11-14
14918,25-34,Tel Aviv,Mexican,gluten_free,2023-08-20
14919,35-44,Rehovot,Italian,low_carb,2023-12-13
14920,45-54,Ashdod,Pizza,kosher,2024-05-03
14921,45-54,Haifa,Indian,halal,2023-10-14
14922,55+,Herzliya,Italian,gluten_free,2025-02-25
14923,55+,Givatayim,Indian,vegan,2023-11-19
14924,18-24,Beer Sheva,Israeli,gluten_free,2024-01-23
14925,18-24,Tel Aviv,Seafood,vegan,2023-09-26
14926,18-24,Jerusalem,Pizza,gluten_free,2023-10-06
14927,18-24,Rishon LeZion,Cafe,vegan,2024-02-09
14928,45-54,Eilat,Steakhouse,vegetarian,2024-10-01
14929,25-34,Kfar Saba,Israeli,halal,2025-03-13
14930,25-34,Tel Aviv,Mediterranean,vegan,2025-05-05
14931,55+,Ramat Gan,Sushi,halal,2023-12-02
14932,35-44,Ramat Gan,Thai,none,2024-12-22
14933,35-44,Herzliya,Cafe,low_carb,2023-07-29
14934,35-44,Haifa,Sushi,vegan,2024-04-01
14935,45-54,Jerusalem,Cafe,kosher,2025-07-01
14936,25-34,Ashdod,Japanese,low_carb,2025-07-02
14937,55+,Petah Tikva,Indian,halal,2025-06-11
14938,45-54,Herzliya,Pizza,vegetarian,2024-09-06
14939,25-34,Haifa,Thai,halal,2025-07-21
14940,55+,Ramat Gan,Seafood,none,2023-01-19
14941,45-54,Ashdod,Sushi,kosher,2024-02-07
14942,45-54,Rishon LeZion,Asian,vegetarian,2025-06-28
14943,55+,Rishon LeZion,Mexican,vegan,2023-07-19
14944,55+,Jerusalem,Asian,gluten_free,2023-02-15
14945,55+,Rehovot,Israeli,halal,2024-01-04
14946,25-34,Herzliya,Thai,gluten_free,2023-05-23
14947,55+,Petah Tikva,Sushi,gluten_free,2023-08-19
14948,55+,Rehovot,Indian,halal,2023-10-15
14949,55+,Ramat Gan,Thai,none,2024-09-07
14950,18-24,Haifa,Sushi,vegan,2024-06-29
14951,35-44,Givatayim,Israeli,kosher,2025-04-21
14952,45-54,Beer Sheva,Japanese,none,2023-05-16
14953,55+,Givatayim,Israeli,kosher,2023-12-17
14954,35-44,Tel Aviv,Steakhouse,halal,2024-01-25
14955,18-24,Kfar Saba,Thai,vegetarian,2023-04-05
14956,35-44,Holon,Indian,vegetarian,2023-09-05
14957,25-34,Rishon LeZion,Indian,none,2023-07-28
14958,35-44,Herzliya,Thai,low_carb,2023-04-04
14959,18-24,Holon,Mexican,kosher,2023-08-09
14960,18-24,Jerusalem,Pizza,halal,2024-07-03
14961,45-54,Netanya,Cafe,vegetarian,2023-07-20
14962,25-34,Ashdod,Cafe,vegetarian,2024-03-03
14963,18-24,Rishon LeZion,Thai,none,2025-08-12
14964,55+,Beer Sheva,Indian,vegan,2024-08-23
14965,18-24,Haifa,Indian,gluten_free,2023-06-10
14966,55+,Haifa,Greek,halal,2023-03-10
14967,18-24,Haifa,Israeli,low_carb,2023-05-03
14968,55+,Kfar Saba,Burger,vegan,2025-02-17
14969,45-54,Rehovot,Cafe,halal,2024-08-20
14970,18-24,Jerusalem,Mediterranean,gluten_free,2024-03-03
14971,18-24,Kfar Saba,Sushi,kosher,2025-05-03
14972,35-44,Beer Sheva,Indian,halal,2023-12-28
14973,18-24,Herzliya,Indian,none,2024-02-24
14974,45-54,Netanya,Seafood,vegetarian,2025-05-14
14975,35-44,Givatayim,Steakhouse,vegetarian,2023-12-20
14976,35-44,Eilat,Italian,vegetarian,2024-02-24
14977,25-34,Holon,Mexican,halal,2023-10-03
14978,25-34,Ramat Gan,Indian,gluten_free,2025-09-18
14979,45-54,Rishon LeZion,Mediterranean,vegetarian,2024-01-11
14980,45-54,Netanya,Sushi,gluten_free,2024-05-14
14981,25-34,Kfar Saba,Japanese,halal,2023-07-03
14982,35-44,Haifa,Cafe,kosher,2023-03-01
14983,35-44,Netanya,Seafood,kosher,2024-03-19
14984,55+,Holon,Sushi,vegetarian,2025-05-18
14985,45-54,Rehovot,Mediterranean,low_carb,2024-06-11
14986,55+,Tel Aviv,Seafood,low_carb,2023-07-22
14987,45-54,Jerusalem,Mediterranean,gluten_free,2023-05-05
14988,35-44,Beer Sheva,Burger,vegetarian,2023-05-27
14989,25-34,Petah Tikva,Steakhouse,vegan,2025-09-01
14990,25-34,Rishon LeZion,Seafood,vegetarian,2023-08-12
14991,55+,Kfar Saba,Israeli,vegetarian,2025-01-14
14992,18-24,Beer Sheva,Greek,none,2024-10-18
14993,18-24,Holon,Pizza,halal,2024-04-14
14994,18-24,Netanya,Asian,kosher,2025-01-25
14995,35-44,Ramat Gan,Vegan,kosher,2023-12-12
14996,25-34,Herzliya,Steakhouse,vegetarian,2023-09-09
14997,55+,Beer Sheva,Israeli,none,2024-08-29
14998,25-34,Netanya,Italian,halal,2024-11-22
14999,18-24,Netanya,Japanese,vegan,2024-08-23
15000,55+,Ashdod,Steakhouse,low_carb,2023-08-01
